structure_name,country_code,country,measure,unit_measure,adjustment,sex,age_group,frequency,time_period,employment_value,observation_status,is_estimated
Employed population by age groups,USA,United States,Employment,Persons,Calendar and seasonally adjusted,Total,From 15 to 64 years,Annual,2016,142519.7,Normal value,False
Employed population by age groups,USA,United States,Employment,Persons,Calendar and seasonally adjusted,Total,From 15 to 64 years,Annual,2017,144103.3,Normal value,False
Employed population by age groups,USA,United States,Employment,Persons,Calendar and seasonally adjusted,Total,From 15 to 64 years,Annual,2018,146055.5,Normal value,False
Employed population by age groups,USA,United States,Employment,Persons,Calendar and seasonally adjusted,Total,From 15 to 64 years,Annual,2019,147191.3,Normal value,False
Employed population by age groups,USA,United States,Employment,Persons,Calendar and seasonally adjusted,Total,From 15 to 64 years,Annual,2020,137976.8,Normal value,False
Employed population by age groups,USA,United States,Employment,Persons,Calendar and seasonally adjusted,Total,From 15 to 64 years,Annual,2021,142453.3,Normal value,False
Employed population by age groups,USA,United States,Employment,Persons,Calendar and seasonally adjusted,Total,From 15 to 64 years,Annual,2022,147716.9,Normal value,False
Employed population by age groups,USA,United States,Employment,Persons,Calendar and seasonally adjusted,Total,From 15 to 64 years,Annual,2023,150157.3,Normal value,False
Employed population by age groups,USA,United States,Employment,Persons,Calendar and seasonally adjusted,Total,From 15 to 64 years,Annual,2024,150069.8,Normal value,False
Employed population by age groups,AUS,Australia,Employment,Persons,Calendar and seasonally adjusted,Total,From 15 to 64 years,Annual,2016,11508.64,Normal value,False
Employed population by age groups,AUS,Australia,Employment,Persons,Calendar and seasonally adjusted,Total,From 15 to 64 years,Annual,2017,11728.52,Normal value,False
Employed population by age groups,AUS,Australia,Employment,Persons,Calendar and seasonally adjusted,Total,From 15 to 64 years,Annual,2018,11994.67,Normal value,False
Employed population by age groups,AUS,Australia,Employment,Persons,Calendar and seasonally adjusted,Total,From 15 to 64 years,Annual,2019,12245.32,Normal value,False
Employed population by age groups,AUS,Australia,Employment,Persons,Calendar and seasonally adjusted,Total,From 15 to 64 years,Annual,2020,12025.27,Normal value,False
Employed population by age groups,AUS,Australia,Employment,Persons,Calendar and seasonally adjusted,Total,From 15 to 64 years,Annual,2021,12353.46,Normal value,False
Employed population by age groups,AUS,Australia,Employment,Persons,Calendar and seasonally adjusted,Total,From 15 to 64 years,Annual,2022,12918.69,Normal value,False
Employed population by age groups,AUS,Australia,Employment,Persons,Calendar and seasonally adjusted,Total,From 15 to 64 years,Annual,2023,13340.93,Normal value,False
Employed population by age groups,AUS,Australia,Employment,Persons,Calendar and seasonally adjusted,Total,From 15 to 64 years,Annual,2024,13605.07,Normal value,False
Employed population by age groups,AUS,Australia,Employment,Persons,Calendar and seasonally adjusted,Total,From 15 to 64 years,Annual,2025,13838.21,Normal value,False
Employed population by age groups,AUT,Austria,Employment,Persons,Calendar and seasonally adjusted,Total,From 15 to 64 years,Annual,2016,4142.5,Normal value,False
Employed population by age groups,AUT,Austria,Employment,Persons,Calendar and seasonally adjusted,Total,From 15 to 64 years,Annual,2017,4185.5,Normal value,False
Employed population by age groups,AUT,Austria,Employment,Persons,Calendar and seasonally adjusted,Total,From 15 to 64 years,Annual,2018,4241.25,Normal value,False
Employed population by age groups,AUT,Austria,Employment,Persons,Calendar and seasonally adjusted,Total,From 15 to 64 years,Annual,2019,4280.25,Normal value,False
Employed population by age groups,AUT,Austria,Employment,Persons,Calendar and seasonally adjusted,Total,From 15 to 64 years,Annual,2020,4185.0,Normal value,False
Employed population by age groups,AUT,Austria,Employment,Persons,Calendar and seasonally adjusted,Total,From 15 to 64 years,Annual,2021,4231.7,Normal value,False
Employed population by age groups,AUT,Austria,Employment,Persons,Calendar and seasonally adjusted,Total,From 15 to 64 years,Annual,2022,4357.25,Normal value,False
Employed population by age groups,AUT,Austria,Employment,Persons,Calendar and seasonally adjusted,Total,From 15 to 64 years,Annual,2023,4394.3,Normal value,False
Employed population by age groups,AUT,Austria,Employment,Persons,Calendar and seasonally adjusted,Total,From 15 to 64 years,Annual,2024,4395.075,Normal value,False
Employed population by age groups,AUT,Austria,Employment,Persons,Calendar and seasonally adjusted,Total,From 15 to 64 years,Annual,2025,4399.225,Normal value,False
Employed population by age groups,BEL,Belgium,Employment,Persons,Calendar and seasonally adjusted,Total,From 15 to 64 years,Annual,2017,4587.25,Normal value,False
Employed population by age groups,BEL,Belgium,Employment,Persons,Calendar and seasonally adjusted,Total,From 15 to 64 years,Annual,2018,4699.5,Normal value,False
Employed population by age groups,BEL,Belgium,Employment,Persons,Calendar and seasonally adjusted,Total,From 15 to 64 years,Annual,2019,4770.75,Normal value,False
Employed population by age groups,BEL,Belgium,Employment,Persons,Calendar and seasonally adjusted,Total,From 15 to 64 years,Annual,2020,4720.5,Normal value,False
Employed population by age groups,BEL,Belgium,Employment,Persons,Calendar and seasonally adjusted,Total,From 15 to 64 years,Annual,2021,4794.75,Normal value,False
Employed population by age groups,BEL,Belgium,Employment,Persons,Calendar and seasonally adjusted,Total,From 15 to 64 years,Annual,2022,4920.875,Normal value,False
Employed population by age groups,BEL,Belgium,Employment,Persons,Calendar and seasonally adjusted,Total,From 15 to 64 years,Annual,2023,4954.125,Normal value,False
Employed population by age groups,BEL,Belgium,Employment,Persons,Calendar and seasonally adjusted,Total,From 15 to 64 years,Annual,2024,4981.15,Normal value,False
Employed population by age groups,BEL,Belgium,Employment,Persons,Calendar and seasonally adjusted,Total,From 15 to 64 years,Annual,2025,5040.9,Normal value,False
Employed population by age groups,CAN,Canada,Employment,Persons,Calendar and seasonally adjusted,Total,From 15 to 64 years,Annual,2016,17244.45,Normal value,False
Employed population by age groups,CAN,Canada,Employment,Persons,Calendar and seasonally adjusted,Total,From 15 to 64 years,Annual,2017,17595.72,Normal value,False
Employed population by age groups,CAN,Canada,Employment,Persons,Calendar and seasonally adjusted,Total,From 15 to 64 years,Annual,2018,17895.98,Normal value,False
Employed population by age groups,CAN,Canada,Employment,Persons,Calendar and seasonally adjusted,Total,From 15 to 64 years,Annual,2019,18178.05,Normal value,False
Employed population by age groups,CAN,Canada,Employment,Persons,Calendar and seasonally adjusted,Total,From 15 to 64 years,Annual,2020,17232.58,Normal value,False
Employed population by age groups,CAN,Canada,Employment,Persons,Calendar and seasonally adjusted,Total,From 15 to 64 years,Annual,2021,18084.44,Normal value,False
Employed population by age groups,CAN,Canada,Employment,Persons,Calendar and seasonally adjusted,Total,From 15 to 64 years,Annual,2022,18778.04,Normal value,False
Employed population by age groups,CAN,Canada,Employment,Persons,Calendar and seasonally adjusted,Total,From 15 to 64 years,Annual,2023,19299.07,Normal value,False
Employed population by age groups,CAN,Canada,Employment,Persons,Calendar and seasonally adjusted,Total,From 15 to 64 years,Annual,2024,19654.32,Normal value,False
Employed population by age groups,CAN,Canada,Employment,Persons,Calendar and seasonally adjusted,Total,From 15 to 64 years,Annual,2025,19898.88,Normal value,False
Employed population by age groups,CHL,Chile,Employment,Persons,Calendar and seasonally adjusted,Total,From 15 to 64 years,Annual,2016,7914.996,Normal value,False
Employed population by age groups,CHL,Chile,Employment,Persons,Calendar and seasonally adjusted,Total,From 15 to 64 years,Annual,2017,8094.571,Normal value,False
Employed population by age groups,CHL,Chile,Employment,Persons,Calendar and seasonally adjusted,Total,From 15 to 64 years,Annual,2018,8262.912,Normal value,False
Employed population by age groups,CHL,Chile,Employment,Persons,Calendar and seasonally adjusted,Total,From 15 to 64 years,Annual,2019,8416.238,Normal value,False
Employed population by age groups,CHL,Chile,Employment,Persons,Calendar and seasonally adjusted,Total,From 15 to 64 years,Annual,2020,7452.972,Normal value,False
Employed population by age groups,CHL,Chile,Employment,Persons,Calendar and seasonally adjusted,Total,From 15 to 64 years,Annual,2021,7874.597,Normal value,False
Employed population by age groups,CHL,Chile,Employment,Persons,Calendar and seasonally adjusted,Total,From 15 to 64 years,Annual,2022,8377.637,Normal value,False
Employed population by age groups,CHL,Chile,Employment,Persons,Calendar and seasonally adjusted,Total,From 15 to 64 years,Annual,2023,8535.195,Normal value,False
Employed population by age groups,CHL,Chile,Employment,Persons,Calendar and seasonally adjusted,Total,From 15 to 64 years,Annual,2024,8734.946,Normal value,False
Employed population by age groups,CHL,Chile,Employment,Persons,Calendar and seasonally adjusted,Total,From 15 to 64 years,Annual,2025,8792.703,Normal value,False
Employed population by age groups,COL,Colombia,Employment,Persons,Calendar and seasonally adjusted,Total,From 15 to 64 years,Annual,2016,20340.36,Normal value,False
Employed population by age groups,COL,Colombia,Employment,Persons,Calendar and seasonally adjusted,Total,From 15 to 64 years,Annual,2017,20617.33,Normal value,False
Employed population by age groups,COL,Colombia,Employment,Persons,Calendar and seasonally adjusted,Total,From 15 to 64 years,Annual,2018,20865.83,Normal value,False
Employed population by age groups,COL,Colombia,Employment,Persons,Calendar and seasonally adjusted,Total,From 15 to 64 years,Annual,2019,20992.85,Normal value,False
Employed population by age groups,COL,Colombia,Employment,Persons,Calendar and seasonally adjusted,Total,From 15 to 64 years,Annual,2020,18940.33,Normal value,False
Employed population by age groups,COL,Colombia,Employment,Persons,Calendar and seasonally adjusted,Total,From 15 to 64 years,Annual,2021,19411.97,Normal value,False
Employed population by age groups,COL,Colombia,Employment,Persons,Calendar and seasonally adjusted,Total,From 15 to 64 years,Annual,2022,20888.85,Normal value,False
Employed population by age groups,COL,Colombia,Employment,Persons,Calendar and seasonally adjusted,Total,From 15 to 64 years,Annual,2023,21544.79,Normal value,False
Employed population by age groups,COL,Colombia,Employment,Persons,Calendar and seasonally adjusted,Total,From 15 to 64 years,Annual,2024,21708.16,Normal value,False
Employed population by age groups,COL,Colombia,Employment,Persons,Calendar and seasonally adjusted,Total,From 15 to 64 years,Annual,2025,22416.26,Normal value,False
Employed population by age groups,CRI,Costa Rica,Employment,Persons,Calendar and seasonally adjusted,Total,From 15 to 64 years,Annual,2016,1935.171,Normal value,False
Employed population by age groups,CRI,Costa Rica,Employment,Persons,Calendar and seasonally adjusted,Total,From 15 to 64 years,Annual,2017,1977.675,Normal value,False
Employed population by age groups,CRI,Costa Rica,Employment,Persons,Calendar and seasonally adjusted,Total,From 15 to 64 years,Annual,2018,2030.208,Normal value,False
Employed population by age groups,CRI,Costa Rica,Employment,Persons,Calendar and seasonally adjusted,Total,From 15 to 64 years,Annual,2019,2076.588,Normal value,False
Employed population by age groups,CRI,Costa Rica,Employment,Persons,Calendar and seasonally adjusted,Total,From 15 to 64 years,Annual,2020,1853.129,Normal value,False
Employed population by age groups,CRI,Costa Rica,Employment,Persons,Calendar and seasonally adjusted,Total,From 15 to 64 years,Annual,2021,1954.68,Normal value,False
Employed population by age groups,CRI,Costa Rica,Employment,Persons,Calendar and seasonally adjusted,Total,From 15 to 64 years,Annual,2022,2071.879,Normal value,False
Employed population by age groups,CRI,Costa Rica,Employment,Persons,Calendar and seasonally adjusted,Total,From 15 to 64 years,Annual,2023,2016.943,Normal value,False
Employed population by age groups,CRI,Costa Rica,Employment,Persons,Calendar and seasonally adjusted,Total,From 15 to 64 years,Annual,2024,2102.648,Normal value,False
Employed population by age groups,CRI,Costa Rica,Employment,Persons,Calendar and seasonally adjusted,Total,From 15 to 64 years,Annual,2025,2102.294,Normal value,False
Employed population by age groups,CZE,Czechia,Employment,Persons,Calendar and seasonally adjusted,Total,From 15 to 64 years,Annual,2016,5015.875,Normal value,False
Employed population by age groups,CZE,Czechia,Employment,Persons,Calendar and seasonally adjusted,Total,From 15 to 64 years,Annual,2017,5093.875,Normal value,False
Employed population by age groups,CZE,Czechia,Employment,Persons,Calendar and seasonally adjusted,Total,From 15 to 64 years,Annual,2018,5146.825,Normal value,False
Employed population by age groups,CZE,Czechia,Employment,Persons,Calendar and seasonally adjusted,Total,From 15 to 64 years,Annual,2019,5150.95,Normal value,False
Employed population by age groups,CZE,Czechia,Employment,Persons,Calendar and seasonally adjusted,Total,From 15 to 64 years,Annual,2020,5086.875,Normal value,False
Employed population by age groups,CZE,Czechia,Employment,Persons,Calendar and seasonally adjusted,Total,From 15 to 64 years,Annual,2022,5021.225,Normal value,False
Employed population by age groups,CZE,Czechia,Employment,Persons,Calendar and seasonally adjusted,Total,From 15 to 64 years,Annual,2023,4890.35,Normal value,False
Employed population by age groups,CZE,Czechia,Employment,Persons,Calendar and seasonally adjusted,Total,From 15 to 64 years,Annual,2024,5010.45,Normal value,False
Employed population by age groups,CZE,Czechia,Employment,Persons,Calendar and seasonally adjusted,Total,From 15 to 64 years,Annual,2025,5063.25,Normal value,False
Employed population by age groups,DNK,Denmark,Employment,Persons,Calendar and seasonally adjusted,Total,From 15 to 64 years,Annual,2017,2698.075,Normal value,False
Employed population by age groups,DNK,Denmark,Employment,Persons,Calendar and seasonally adjusted,Total,From 15 to 64 years,Annual,2018,2739.325,Normal value,False
Employed population by age groups,DNK,Denmark,Employment,Persons,Calendar and seasonally adjusted,Total,From 15 to 64 years,Annual,2019,2779.125,Normal value,False
Employed population by age groups,DNK,Denmark,Employment,Persons,Calendar and seasonally adjusted,Total,From 15 to 64 years,Annual,2020,2752.775,Normal value,False
Employed population by age groups,DNK,Denmark,Employment,Persons,Calendar and seasonally adjusted,Total,From 15 to 64 years,Annual,2021,2794.275,Normal value,False
Employed population by age groups,DNK,Denmark,Employment,Persons,Calendar and seasonally adjusted,Total,From 15 to 64 years,Annual,2022,2864.2,Normal value,False
Employed population by age groups,DNK,Denmark,Employment,Persons,Calendar and seasonally adjusted,Total,From 15 to 64 years,Annual,2023,2881.3,Normal value,False
Employed population by age groups,DNK,Denmark,Employment,Persons,Calendar and seasonally adjusted,Total,From 15 to 64 years,Annual,2024,2920.2,Normal value,False
Employed population by age groups,DNK,Denmark,Employment,Persons,Calendar and seasonally adjusted,Total,From 15 to 64 years,Annual,2025,2927.225,Normal value,False
Employed population by age groups,EST,Estonia,Employment,Persons,Calendar and seasonally adjusted,Total,From 15 to 64 years,Annual,2016,612.25,Normal value,False
Employed population by age groups,EST,Estonia,Employment,Persons,Calendar and seasonally adjusted,Total,From 15 to 64 years,Annual,2017,625.0,Normal value,False
Employed population by age groups,EST,Estonia,Employment,Persons,Calendar and seasonally adjusted,Total,From 15 to 64 years,Annual,2018,627.5,Normal value,False
Employed population by age groups,EST,Estonia,Employment,Persons,Calendar and seasonally adjusted,Total,From 15 to 64 years,Annual,2019,632.25,Normal value,False
Employed population by age groups,EST,Estonia,Employment,Persons,Calendar and seasonally adjusted,Total,From 15 to 64 years,Annual,2020,618.5,Normal value,False
Employed population by age groups,EST,Estonia,Employment,Persons,Calendar and seasonally adjusted,Total,From 15 to 64 years,Annual,2021,616.075,Normal value,False
Employed population by age groups,EST,Estonia,Employment,Persons,Calendar and seasonally adjusted,Total,From 15 to 64 years,Annual,2022,636.5,Normal value,False
Employed population by age groups,EST,Estonia,Employment,Persons,Calendar and seasonally adjusted,Total,From 15 to 64 years,Annual,2023,652.65,Normal value,False
Employed population by age groups,EST,Estonia,Employment,Persons,Calendar and seasonally adjusted,Total,From 15 to 64 years,Annual,2024,653.975,Normal value,False
Employed population by age groups,EST,Estonia,Employment,Persons,Calendar and seasonally adjusted,Total,From 15 to 64 years,Annual,2025,648.55,Normal value,False
Employed population by age groups,FIN,Finland,Employment,Persons,Calendar and seasonally adjusted,Total,From 15 to 64 years,Annual,2016,2350.0,Normal value,False
Employed population by age groups,FIN,Finland,Employment,Persons,Calendar and seasonally adjusted,Total,From 15 to 64 years,Annual,2017,2372.0,Normal value,False
Employed population by age groups,FIN,Finland,Employment,Persons,Calendar and seasonally adjusted,Total,From 15 to 64 years,Annual,2018,2433.0,Normal value,False
Employed population by age groups,FIN,Finland,Employment,Persons,Calendar and seasonally adjusted,Total,From 15 to 64 years,Annual,2019,2454.75,Normal value,False
Employed population by age groups,FIN,Finland,Employment,Persons,Calendar and seasonally adjusted,Total,From 15 to 64 years,Annual,2020,2419.75,Normal value,False
Employed population by age groups,FIN,Finland,Employment,Persons,Calendar and seasonally adjusted,Total,From 15 to 64 years,Annual,2021,2469.5,Normal value,False
Employed population by age groups,FIN,Finland,Employment,Persons,Calendar and seasonally adjusted,Total,From 15 to 64 years,Annual,2022,2526.05,Normal value,False
Employed population by age groups,FIN,Finland,Employment,Persons,Calendar and seasonally adjusted,Total,From 15 to 64 years,Annual,2023,2532.075,Normal value,False
Employed population by age groups,FIN,Finland,Employment,Persons,Calendar and seasonally adjusted,Total,From 15 to 64 years,Annual,2024,2504.375,Normal value,False
Employed population by age groups,FIN,Finland,Employment,Persons,Calendar and seasonally adjusted,Total,From 15 to 64 years,Annual,2025,2494.7,Normal value,False
Employed population by age groups,FRA,France,Employment,Persons,Calendar and seasonally adjusted,Total,From 15 to 64 years,Annual,2016,26443.0,Normal value,False
Employed population by age groups,FRA,France,Employment,Persons,Calendar and seasonally adjusted,Total,From 15 to 64 years,Annual,2017,26655.25,Normal value,False
Employed population by age groups,FRA,France,Employment,Persons,Calendar and seasonally adjusted,Total,From 15 to 64 years,Annual,2018,26886.5,Normal value,False
Employed population by age groups,FRA,France,Employment,Persons,Calendar and seasonally adjusted,Total,From 15 to 64 years,Annual,2019,26963.5,Normal value,False
Employed population by age groups,FRA,France,Employment,Persons,Calendar and seasonally adjusted,Total,From 15 to 64 years,Annual,2020,26831.5,Normal value,False
Employed population by age groups,FRA,France,Employment,Persons,Calendar and seasonally adjusted,Total,From 15 to 64 years,Annual,2021,27273.85,Normal value,False
Employed population by age groups,FRA,France,Employment,Persons,Calendar and seasonally adjusted,Total,From 15 to 64 years,Annual,2022,27815.53,Normal value,False
Employed population by age groups,FRA,France,Employment,Persons,Calendar and seasonally adjusted,Total,From 15 to 64 years,Annual,2023,28011.95,Normal value,False
Employed population by age groups,FRA,France,Employment,Persons,Calendar and seasonally adjusted,Total,From 15 to 64 years,Annual,2024,28363.63,Normal value,False
Employed population by age groups,FRA,France,Employment,Persons,Calendar and seasonally adjusted,Total,From 15 to 64 years,Annual,2025,28732.65,Normal value,False
Employed population by age groups,DEU,Germany,Employment,Persons,Calendar and seasonally adjusted,Total,From 15 to 64 years,Annual,2016,39387.5,Normal value,False
Employed population by age groups,DEU,Germany,Employment,Persons,Calendar and seasonally adjusted,Total,From 15 to 64 years,Annual,2017,39633.25,Normal value,False
Employed population by age groups,DEU,Germany,Employment,Persons,Calendar and seasonally adjusted,Total,From 15 to 64 years,Annual,2018,39709.0,Normal value,False
Employed population by age groups,DEU,Germany,Employment,Persons,Calendar and seasonally adjusted,Total,From 15 to 64 years,Annual,2021,39502.8,Normal value,False
Employed population by age groups,DEU,Germany,Employment,Persons,Calendar and seasonally adjusted,Total,From 15 to 64 years,Annual,2022,40401.68,Normal value,False
Employed population by age groups,DEU,Germany,Employment,Persons,Calendar and seasonally adjusted,Total,From 15 to 64 years,Annual,2023,40816.05,Normal value,False
Employed population by age groups,DEU,Germany,Employment,Persons,Calendar and seasonally adjusted,Total,From 15 to 64 years,Annual,2024,40923.57,Normal value,False
Employed population by age groups,DEU,Germany,Employment,Persons,Calendar and seasonally adjusted,Total,From 15 to 64 years,Annual,2025,40814.93,Normal value,False
Employed population by age groups,GRC,Greece,Employment,Persons,Calendar and seasonally adjusted,Total,From 15 to 64 years,Annual,2016,3591.25,Normal value,False
Employed population by age groups,GRC,Greece,Employment,Persons,Calendar and seasonally adjusted,Total,From 15 to 64 years,Annual,2017,3662.5,Normal value,False
Employed population by age groups,GRC,Greece,Employment,Persons,Calendar and seasonally adjusted,Total,From 15 to 64 years,Annual,2018,3724.25,Normal value,False
Employed population by age groups,GRC,Greece,Employment,Persons,Calendar and seasonally adjusted,Total,From 15 to 64 years,Annual,2019,3799.5,Normal value,False
Employed population by age groups,GRC,Greece,Employment,Persons,Calendar and seasonally adjusted,Total,From 15 to 64 years,Annual,2020,3606.75,Normal value,False
Employed population by age groups,GRC,Greece,Employment,Persons,Calendar and seasonally adjusted,Total,From 15 to 64 years,Annual,2021,3822.85,Normal value,False
Employed population by age groups,GRC,Greece,Employment,Persons,Calendar and seasonally adjusted,Total,From 15 to 64 years,Annual,2022,4030.2,Normal value,False
Employed population by age groups,GRC,Greece,Employment,Persons,Calendar and seasonally adjusted,Total,From 15 to 64 years,Annual,2023,4078.25,Normal value,False
Employed population by age groups,GRC,Greece,Employment,Persons,Calendar and seasonally adjusted,Total,From 15 to 64 years,Annual,2024,4145.95,Normal value,False
Employed population by age groups,GRC,Greece,Employment,Persons,Calendar and seasonally adjusted,Total,From 15 to 64 years,Annual,2025,4202.35,Normal value,False
Employed population by age groups,HUN,Hungary,Employment,Persons,Calendar and seasonally adjusted,Total,From 15 to 64 years,Annual,2016,4309.375,Normal value,False
Employed population by age groups,HUN,Hungary,Employment,Persons,Calendar and seasonally adjusted,Total,From 15 to 64 years,Annual,2018,4401.35,Normal value,False
Employed population by age groups,HUN,Hungary,Employment,Persons,Calendar and seasonally adjusted,Total,From 15 to 64 years,Annual,2019,4419.225,Normal value,False
Employed population by age groups,HUN,Hungary,Employment,Persons,Calendar and seasonally adjusted,Total,From 15 to 64 years,Annual,2021,4511.175,Normal value,False
Employed population by age groups,HUN,Hungary,Employment,Persons,Calendar and seasonally adjusted,Total,From 15 to 64 years,Annual,2022,4560.8,Normal value,False
Employed population by age groups,HUN,Hungary,Employment,Persons,Calendar and seasonally adjusted,Total,From 15 to 64 years,Annual,2023,4577.275,Normal value,False
Employed population by age groups,HUN,Hungary,Employment,Persons,Calendar and seasonally adjusted,Total,From 15 to 64 years,Annual,2024,4573.825,Normal value,False
Employed population by age groups,HUN,Hungary,Employment,Persons,Calendar and seasonally adjusted,Total,From 15 to 64 years,Annual,2025,4539.75,Normal value,False
Employed population by age groups,ISL,Iceland,Employment,Persons,Calendar and seasonally adjusted,Total,From 15 to 64 years,Annual,2016,179.75,Normal value,False
Employed population by age groups,ISL,Iceland,Employment,Persons,Calendar and seasonally adjusted,Total,From 15 to 64 years,Annual,2017,183.25,Normal value,False
Employed population by age groups,ISL,Iceland,Employment,Persons,Calendar and seasonally adjusted,Total,From 15 to 64 years,Annual,2018,187.75,Normal value,False
Employed population by age groups,ISL,Iceland,Employment,Persons,Calendar and seasonally adjusted,Total,From 15 to 64 years,Annual,2019,190.5,Normal value,False
Employed population by age groups,ISL,Iceland,Employment,Persons,Calendar and seasonally adjusted,Total,From 15 to 64 years,Annual,2021,185.575,Normal value,False
Employed population by age groups,ISL,Iceland,Employment,Persons,Calendar and seasonally adjusted,Total,From 15 to 64 years,Annual,2022,198.8,Normal value,False
Employed population by age groups,ISL,Iceland,Employment,Persons,Calendar and seasonally adjusted,Total,From 15 to 64 years,Annual,2023,207.55,Normal value,False
Employed population by age groups,ISL,Iceland,Employment,Persons,Calendar and seasonally adjusted,Total,From 15 to 64 years,Annual,2024,216.65,Normal value,False
Employed population by age groups,IRL,Ireland,Employment,Persons,Calendar and seasonally adjusted,Total,From 15 to 64 years,Annual,2016,2065.25,Normal value,False
Employed population by age groups,IRL,Ireland,Employment,Persons,Calendar and seasonally adjusted,Total,From 15 to 64 years,Annual,2017,2122.75,Normal value,False
Employed population by age groups,IRL,Ireland,Employment,Persons,Calendar and seasonally adjusted,Total,From 15 to 64 years,Annual,2018,2175.25,Normal value,False
Employed population by age groups,IRL,Ireland,Employment,Persons,Calendar and seasonally adjusted,Total,From 15 to 64 years,Annual,2019,2235.0,Normal value,False
Employed population by age groups,IRL,Ireland,Employment,Persons,Calendar and seasonally adjusted,Total,From 15 to 64 years,Annual,2020,2164.75,Normal value,False
Employed population by age groups,IRL,Ireland,Employment,Persons,Calendar and seasonally adjusted,Total,From 15 to 64 years,Annual,2021,2325.05,Normal value,False
Employed population by age groups,IRL,Ireland,Employment,Persons,Calendar and seasonally adjusted,Total,From 15 to 64 years,Annual,2022,2490.875,Normal value,False
Employed population by age groups,IRL,Ireland,Employment,Persons,Calendar and seasonally adjusted,Total,From 15 to 64 years,Annual,2023,2570.725,Normal value,False
Employed population by age groups,IRL,Ireland,Employment,Persons,Calendar and seasonally adjusted,Total,From 15 to 64 years,Annual,2024,2636.325,Normal value,False
Employed population by age groups,IRL,Ireland,Employment,Persons,Calendar and seasonally adjusted,Total,From 15 to 64 years,Annual,2025,2688.725,Normal value,False
Employed population by age groups,ISR,Israel,Employment,Persons,Calendar and seasonally adjusted,Total,From 15 to 64 years,Annual,2016,3541.742,Normal value,False
Employed population by age groups,ISR,Israel,Employment,Persons,Calendar and seasonally adjusted,Total,From 15 to 64 years,Annual,2017,3620.017,Normal value,False
Employed population by age groups,ISR,Israel,Employment,Persons,Calendar and seasonally adjusted,Total,From 15 to 64 years,Annual,2018,3679.45,Normal value,False
Employed population by age groups,ISR,Israel,Employment,Persons,Calendar and seasonally adjusted,Total,From 15 to 64 years,Annual,2019,3733.792,Normal value,False
Employed population by age groups,ISR,Israel,Employment,Persons,Calendar and seasonally adjusted,Total,From 15 to 64 years,Annual,2020,3681.15,Normal value,False
Employed population by age groups,ISR,Israel,Employment,Persons,Calendar and seasonally adjusted,Total,From 15 to 64 years,Annual,2021,3725.358,Normal value,False
Employed population by age groups,ISR,Israel,Employment,Persons,Calendar and seasonally adjusted,Total,From 15 to 64 years,Annual,2022,3940.192,Normal value,False
Employed population by age groups,ISR,Israel,Employment,Persons,Calendar and seasonally adjusted,Total,From 15 to 64 years,Annual,2023,4064.917,Normal value,False
Employed population by age groups,ISR,Israel,Employment,Persons,Calendar and seasonally adjusted,Total,From 15 to 64 years,Annual,2025,4056.933,Normal value,False
Employed population by age groups,ITA,Italy,Employment,Persons,Calendar and seasonally adjusted,Total,From 15 to 64 years,Annual,2016,21937.5,Normal value,False
Employed population by age groups,ITA,Italy,Employment,Persons,Calendar and seasonally adjusted,Total,From 15 to 64 years,Annual,2017,22161.25,Normal value,False
Employed population by age groups,ITA,Italy,Employment,Persons,Calendar and seasonally adjusted,Total,From 15 to 64 years,Annual,2018,22332.75,Normal value,False
Employed population by age groups,ITA,Italy,Employment,Persons,Calendar and seasonally adjusted,Total,From 15 to 64 years,Annual,2019,22442.75,Normal value,False
Employed population by age groups,ITA,Italy,Employment,Persons,Calendar and seasonally adjusted,Total,From 15 to 64 years,Annual,2020,21721.0,Normal value,False
Employed population by age groups,ITA,Italy,Employment,Persons,Calendar and seasonally adjusted,Total,From 15 to 64 years,Annual,2021,21849.18,Normal value,False
Employed population by age groups,ITA,Italy,Employment,Persons,Calendar and seasonally adjusted,Total,From 15 to 64 years,Annual,2022,22412.47,Normal value,False
Employed population by age groups,ITA,Italy,Employment,Persons,Calendar and seasonally adjusted,Total,From 15 to 64 years,Annual,2023,22834.95,Normal value,False
Employed population by age groups,ITA,Italy,Employment,Persons,Calendar and seasonally adjusted,Total,From 15 to 64 years,Annual,2024,23150.03,Normal value,False
Employed population by age groups,ITA,Italy,Employment,Persons,Calendar and seasonally adjusted,Total,From 15 to 64 years,Annual,2025,23251.15,Normal value,False
Employed population by age groups,JPN,Japan,Employment,Persons,Calendar and seasonally adjusted,Total,From 15 to 64 years,Annual,2016,57006.67,Normal value,False
Employed population by age groups,JPN,Japan,Employment,Persons,Calendar and seasonally adjusted,Total,From 15 to 64 years,Annual,2017,57369.17,Normal value,False
Employed population by age groups,JPN,Japan,Employment,Persons,Calendar and seasonally adjusted,Total,From 15 to 64 years,Annual,2018,58222.5,Normal value,False
Employed population by age groups,JPN,Japan,Employment,Persons,Calendar and seasonally adjusted,Total,From 15 to 64 years,Annual,2019,58601.67,Normal value,False
Employed population by age groups,JPN,Japan,Employment,Persons,Calendar and seasonally adjusted,Total,From 15 to 64 years,Annual,2020,58077.5,Normal value,False
Employed population by age groups,JPN,Japan,Employment,Persons,Calendar and seasonally adjusted,Total,From 15 to 64 years,Annual,2021,58035.0,Normal value,False
Employed population by age groups,JPN,Japan,Employment,Persons,Calendar and seasonally adjusted,Total,From 15 to 64 years,Annual,2022,58101.67,Normal value,False
Employed population by age groups,JPN,Japan,Employment,Persons,Calendar and seasonally adjusted,Total,From 15 to 64 years,Annual,2023,58329.17,Normal value,False
Employed population by age groups,JPN,Japan,Employment,Persons,Calendar and seasonally adjusted,Total,From 15 to 64 years,Annual,2024,58510.0,Normal value,False
Employed population by age groups,JPN,Japan,Employment,Persons,Calendar and seasonally adjusted,Total,From 15 to 64 years,Annual,2025,58859.17,Normal value,False
Employed population by age groups,KOR,Korea,Employment,Persons,Calendar and seasonally adjusted,Total,From 15 to 64 years,Annual,2016,24341.48,Normal value,False
Employed population by age groups,KOR,Korea,Employment,Persons,Calendar and seasonally adjusted,Total,From 15 to 64 years,Annual,2017,24559.17,Normal value,False
Employed population by age groups,KOR,Korea,Employment,Persons,Calendar and seasonally adjusted,Total,From 15 to 64 years,Annual,2018,24511.04,Normal value,False
Employed population by age groups,KOR,Korea,Employment,Persons,Calendar and seasonally adjusted,Total,From 15 to 64 years,Annual,2019,24584.87,Normal value,False
Employed population by age groups,KOR,Korea,Employment,Persons,Calendar and seasonally adjusted,Total,From 15 to 64 years,Annual,2020,24130.32,Normal value,False
Employed population by age groups,KOR,Korea,Employment,Persons,Calendar and seasonally adjusted,Total,From 15 to 64 years,Annual,2021,24280.42,Normal value,False
Employed population by age groups,KOR,Korea,Employment,Persons,Calendar and seasonally adjusted,Total,From 15 to 64 years,Annual,2022,24823.91,Normal value,False
Employed population by age groups,KOR,Korea,Employment,Persons,Calendar and seasonally adjusted,Total,From 15 to 64 years,Annual,2023,24891.42,Normal value,False
Employed population by age groups,KOR,Korea,Employment,Persons,Calendar and seasonally adjusted,Total,From 15 to 64 years,Annual,2024,24769.58,Normal value,False
Employed population by age groups,KOR,Korea,Employment,Persons,Calendar and seasonally adjusted,Total,From 15 to 64 years,Annual,2025,24621.45,Normal value,False
Employed population by age groups,LVA,Latvia,Employment,Persons,Calendar and seasonally adjusted,Total,From 15 to 64 years,Annual,2016,860.0,Normal value,False
Employed population by age groups,LVA,Latvia,Employment,Persons,Calendar and seasonally adjusted,Total,From 15 to 64 years,Annual,2017,860.5,Normal value,False
Employed population by age groups,LVA,Latvia,Employment,Persons,Calendar and seasonally adjusted,Total,From 15 to 64 years,Annual,2018,872.5,Normal value,False
Employed population by age groups,LVA,Latvia,Employment,Persons,Calendar and seasonally adjusted,Total,From 15 to 64 years,Annual,2019,869.75,Normal value,False
Employed population by age groups,LVA,Latvia,Employment,Persons,Calendar and seasonally adjusted,Total,From 15 to 64 years,Annual,2020,850.5,Normal value,False
Employed population by age groups,LVA,Latvia,Employment,Persons,Calendar and seasonally adjusted,Total,From 15 to 64 years,Annual,2021,822.05,Normal value,False
Employed population by age groups,LVA,Latvia,Employment,Persons,Calendar and seasonally adjusted,Total,From 15 to 64 years,Annual,2022,840.0,Normal value,False
Employed population by age groups,LVA,Latvia,Employment,Persons,Calendar and seasonally adjusted,Total,From 15 to 64 years,Annual,2023,833.35,Normal value,False
Employed population by age groups,LVA,Latvia,Employment,Persons,Calendar and seasonally adjusted,Total,From 15 to 64 years,Annual,2024,824.575,Normal value,False
Employed population by age groups,LVA,Latvia,Employment,Persons,Calendar and seasonally adjusted,Total,From 15 to 64 years,Annual,2025,827.5,Normal value,False
Employed population by age groups,LTU,Lithuania,Employment,Persons,Calendar and seasonally adjusted,Total,From 15 to 64 years,Annual,2016,1317.75,Normal value,False
Employed population by age groups,LTU,Lithuania,Employment,Persons,Calendar and seasonally adjusted,Total,From 15 to 64 years,Annual,2017,1305.5,Normal value,False
Employed population by age groups,LTU,Lithuania,Employment,Persons,Calendar and seasonally adjusted,Total,From 15 to 64 years,Annual,2018,1323.75,Normal value,False
Employed population by age groups,LTU,Lithuania,Employment,Persons,Calendar and seasonally adjusted,Total,From 15 to 64 years,Annual,2019,1324.25,Normal value,False
Employed population by age groups,LTU,Lithuania,Employment,Persons,Calendar and seasonally adjusted,Total,From 15 to 64 years,Annual,2020,1297.5,Normal value,False
Employed population by age groups,LTU,Lithuania,Employment,Persons,Calendar and seasonally adjusted,Total,From 15 to 64 years,Annual,2021,1309.75,Normal value,False
Employed population by age groups,LTU,Lithuania,Employment,Persons,Calendar and seasonally adjusted,Total,From 15 to 64 years,Annual,2022,1354.35,Normal value,False
Employed population by age groups,LTU,Lithuania,Employment,Persons,Calendar and seasonally adjusted,Total,From 15 to 64 years,Annual,2023,1367.975,Normal value,False
Employed population by age groups,LTU,Lithuania,Employment,Persons,Calendar and seasonally adjusted,Total,From 15 to 64 years,Annual,2024,1384.675,Normal value,False
Employed population by age groups,LTU,Lithuania,Employment,Persons,Calendar and seasonally adjusted,Total,From 15 to 64 years,Annual,2025,1389.275,Normal value,False
Employed population by age groups,LUX,Luxembourg,Employment,Persons,Calendar and seasonally adjusted,Total,From 15 to 64 years,Annual,2016,259.425,Normal value,False
Employed population by age groups,LUX,Luxembourg,Employment,Persons,Calendar and seasonally adjusted,Total,From 15 to 64 years,Annual,2017,269.925,Normal value,False
Employed population by age groups,LUX,Luxembourg,Employment,Persons,Calendar and seasonally adjusted,Total,From 15 to 64 years,Annual,2018,278.35,Normal value,False
Employed population by age groups,LUX,Luxembourg,Employment,Persons,Calendar and seasonally adjusted,Total,From 15 to 64 years,Annual,2019,287.275,Normal value,False
Employed population by age groups,LUX,Luxembourg,Employment,Persons,Calendar and seasonally adjusted,Total,From 15 to 64 years,Annual,2021,302.75,Normal value,False
Employed population by age groups,LUX,Luxembourg,Employment,Persons,Calendar and seasonally adjusted,Total,From 15 to 64 years,Annual,2022,308.75,Normal value,False
Employed population by age groups,LUX,Luxembourg,Employment,Persons,Calendar and seasonally adjusted,Total,From 15 to 64 years,Annual,2023,317.75,Normal value,False
Employed population by age groups,LUX,Luxembourg,Employment,Persons,Calendar and seasonally adjusted,Total,From 15 to 64 years,Annual,2024,320.1,Normal value,False
Employed population by age groups,LUX,Luxembourg,Employment,Persons,Calendar and seasonally adjusted,Total,From 15 to 64 years,Annual,2025,323.05,Normal value,False
Employed population by age groups,MEX,Mexico,Employment,Persons,Calendar and seasonally adjusted,Total,From 15 to 64 years,Annual,2016,48963.52,Normal value,False
Employed population by age groups,MEX,Mexico,Employment,Persons,Calendar and seasonally adjusted,Total,From 15 to 64 years,Annual,2017,49010.84,Normal value,False
Employed population by age groups,MEX,Mexico,Employment,Persons,Calendar and seasonally adjusted,Total,From 15 to 64 years,Annual,2018,50311.05,Normal value,False
Employed population by age groups,MEX,Mexico,Employment,Persons,Calendar and seasonally adjusted,Total,From 15 to 64 years,Annual,2019,51610.32,Normal value,False
Employed population by age groups,MEX,Mexico,Employment,Persons,Calendar and seasonally adjusted,Total,From 15 to 64 years,Annual,2021,52293.77,Normal value,False
Employed population by age groups,MEX,Mexico,Employment,Persons,Calendar and seasonally adjusted,Total,From 15 to 64 years,Annual,2022,54229.86,Normal value,False
Employed population by age groups,MEX,Mexico,Employment,Persons,Calendar and seasonally adjusted,Total,From 15 to 64 years,Annual,2023,55495.0,Normal value,False
Employed population by age groups,MEX,Mexico,Employment,Persons,Calendar and seasonally adjusted,Total,From 15 to 64 years,Annual,2024,55913.76,Normal value,False
Employed population by age groups,MEX,Mexico,Employment,Persons,Calendar and seasonally adjusted,Total,From 15 to 64 years,Annual,2025,55947.96,Normal value,False
Employed population by age groups,NLD,Netherlands,Employment,Persons,Calendar and seasonally adjusted,Total,From 15 to 64 years,Annual,2016,8391.5,Normal value,False
Employed population by age groups,NLD,Netherlands,Employment,Persons,Calendar and seasonally adjusted,Total,From 15 to 64 years,Annual,2017,8544.5,Normal value,False
Employed population by age groups,NLD,Netherlands,Employment,Persons,Calendar and seasonally adjusted,Total,From 15 to 64 years,Annual,2018,8711.25,Normal value,False
Employed population by age groups,NLD,Netherlands,Employment,Persons,Calendar and seasonally adjusted,Total,From 15 to 64 years,Annual,2019,8857.0,Normal value,False
Employed population by age groups,NLD,Netherlands,Employment,Persons,Calendar and seasonally adjusted,Total,From 15 to 64 years,Annual,2020,8849.0,Normal value,False
Employed population by age groups,NLD,Netherlands,Employment,Persons,Calendar and seasonally adjusted,Total,From 15 to 64 years,Annual,2021,8975.15,Normal value,False
Employed population by age groups,NLD,Netherlands,Employment,Persons,Calendar and seasonally adjusted,Total,From 15 to 64 years,Annual,2022,9233.85,Normal value,False
Employed population by age groups,NLD,Netherlands,Employment,Persons,Calendar and seasonally adjusted,Total,From 15 to 64 years,Annual,2023,9386.925,Normal value,False
Employed population by age groups,NLD,Netherlands,Employment,Persons,Calendar and seasonally adjusted,Total,From 15 to 64 years,Annual,2024,9412.85,Normal value,False
Employed population by age groups,NLD,Netherlands,Employment,Persons,Calendar and seasonally adjusted,Total,From 15 to 64 years,Annual,2025,9421.425,Normal value,False
Employed population by age groups,NZL,New Zealand,Employment,Persons,Calendar and seasonally adjusted,Total,From 15 to 64 years,Annual,2016,2330.825,Normal value,False
Employed population by age groups,NZL,New Zealand,Employment,Persons,Calendar and seasonally adjusted,Total,From 15 to 64 years,Annual,2017,2423.5,Normal value,False
Employed population by age groups,NZL,New Zealand,Employment,Persons,Calendar and seasonally adjusted,Total,From 15 to 64 years,Annual,2018,2484.6,Normal value,False
Employed population by age groups,NZL,New Zealand,Employment,Persons,Calendar and seasonally adjusted,Total,From 15 to 64 years,Annual,2019,2516.5,Normal value,False
Employed population by age groups,NZL,New Zealand,Employment,Persons,Calendar and seasonally adjusted,Total,From 15 to 64 years,Annual,2020,2534.9,Normal value,False
Employed population by age groups,NZL,New Zealand,Employment,Persons,Calendar and seasonally adjusted,Total,From 15 to 64 years,Annual,2021,2579.6,Normal value,False
Employed population by age groups,NZL,New Zealand,Employment,Persons,Calendar and seasonally adjusted,Total,From 15 to 64 years,Annual,2022,2615.175,Normal value,False
Employed population by age groups,NZL,New Zealand,Employment,Persons,Calendar and seasonally adjusted,Total,From 15 to 64 years,Annual,2023,2692.175,Normal value,False
Employed population by age groups,NOR,Norway,Employment,Persons,Calendar and seasonally adjusted,Total,From 15 to 64 years,Annual,2016,2572.75,Normal value,False
Employed population by age groups,NOR,Norway,Employment,Persons,Calendar and seasonally adjusted,Total,From 15 to 64 years,Annual,2017,2581.0,Normal value,False
Employed population by age groups,NOR,Norway,Employment,Persons,Calendar and seasonally adjusted,Total,From 15 to 64 years,Annual,2018,2617.0,Normal value,False
Employed population by age groups,NOR,Norway,Employment,Persons,Calendar and seasonally adjusted,Total,From 15 to 64 years,Annual,2019,2646.0,Normal value,False
Employed population by age groups,NOR,Norway,Employment,Persons,Calendar and seasonally adjusted,Total,From 15 to 64 years,Annual,2020,2634.5,Normal value,False
Employed population by age groups,NOR,Norway,Employment,Persons,Calendar and seasonally adjusted,Total,From 15 to 64 years,Annual,2021,2657.875,Normal value,False
Employed population by age groups,NOR,Norway,Employment,Persons,Calendar and seasonally adjusted,Total,From 15 to 64 years,Annual,2022,2729.275,Normal value,False
Employed population by age groups,NOR,Norway,Employment,Persons,Calendar and seasonally adjusted,Total,From 15 to 64 years,Annual,2023,2752.9,Normal value,False
Employed population by age groups,NOR,Norway,Employment,Persons,Calendar and seasonally adjusted,Total,From 15 to 64 years,Annual,2024,2767.425,Normal value,False
Employed population by age groups,NOR,Norway,Employment,Persons,Calendar and seasonally adjusted,Total,From 15 to 64 years,Annual,2025,2767.675,Normal value,False
Employed population by age groups,POL,Poland,Employment,Persons,Calendar and seasonally adjusted,Total,From 15 to 64 years,Annual,2016,15645.5,Normal value,False
Employed population by age groups,POL,Poland,Employment,Persons,Calendar and seasonally adjusted,Total,From 15 to 64 years,Annual,2017,15871.5,Normal value,False
Employed population by age groups,POL,Poland,Employment,Persons,Calendar and seasonally adjusted,Total,From 15 to 64 years,Annual,2018,15955.25,Normal value,False
Employed population by age groups,POL,Poland,Employment,Persons,Calendar and seasonally adjusted,Total,From 15 to 64 years,Annual,2019,16389.5,Normal value,False
Employed population by age groups,POL,Poland,Employment,Persons,Calendar and seasonally adjusted,Total,From 15 to 64 years,Annual,2020,16360.5,Normal value,False
Employed population by age groups,POL,Poland,Employment,Persons,Calendar and seasonally adjusted,Total,From 15 to 64 years,Annual,2021,16742.95,Normal value,False
Employed population by age groups,POL,Poland,Employment,Persons,Calendar and seasonally adjusted,Total,From 15 to 64 years,Annual,2022,16810.97,Normal value,False
Employed population by age groups,POL,Poland,Employment,Persons,Calendar and seasonally adjusted,Total,From 15 to 64 years,Annual,2023,16865.1,Normal value,False
Employed population by age groups,POL,Poland,Employment,Persons,Calendar and seasonally adjusted,Total,From 15 to 64 years,Annual,2024,16771.35,Normal value,False
Employed population by age groups,POL,Poland,Employment,Persons,Calendar and seasonally adjusted,Total,From 15 to 64 years,Annual,2025,16747.97,Normal value,False
Employed population by age groups,PRT,Portugal,Employment,Persons,Calendar and seasonally adjusted,Total,From 15 to 64 years,Annual,2016,4310.5,Normal value,False
Employed population by age groups,PRT,Portugal,Employment,Persons,Calendar and seasonally adjusted,Total,From 15 to 64 years,Annual,2017,4467.5,Normal value,False
Employed population by age groups,PRT,Portugal,Employment,Persons,Calendar and seasonally adjusted,Total,From 15 to 64 years,Annual,2018,4583.0,Normal value,False
Employed population by age groups,PRT,Portugal,Employment,Persons,Calendar and seasonally adjusted,Total,From 15 to 64 years,Annual,2019,4622.5,Normal value,False
Employed population by age groups,PRT,Portugal,Employment,Persons,Calendar and seasonally adjusted,Total,From 15 to 64 years,Annual,2020,4518.25,Normal value,False
Employed population by age groups,PRT,Portugal,Employment,Persons,Calendar and seasonally adjusted,Total,From 15 to 64 years,Annual,2021,4596.55,Normal value,False
Employed population by age groups,PRT,Portugal,Employment,Persons,Calendar and seasonally adjusted,Total,From 15 to 64 years,Annual,2022,4727.05,Normal value,False
Employed population by age groups,PRT,Portugal,Employment,Persons,Calendar and seasonally adjusted,Total,From 15 to 64 years,Annual,2023,4823.05,Normal value,False
Employed population by age groups,PRT,Portugal,Employment,Persons,Calendar and seasonally adjusted,Total,From 15 to 64 years,Annual,2024,4882.2,Normal value,False
Employed population by age groups,PRT,Portugal,Employment,Persons,Calendar and seasonally adjusted,Total,From 15 to 64 years,Annual,2025,5030.55,Normal value,False
Employed population by age groups,SVK,Slovak Republic,Employment,Persons,Calendar and seasonally adjusted,Total,From 15 to 64 years,Annual,2016,2542.0,Normal value,False
Employed population by age groups,SVK,Slovak Republic,Employment,Persons,Calendar and seasonally adjusted,Total,From 15 to 64 years,Annual,2017,2574.25,Normal value,False
Employed population by age groups,SVK,Slovak Republic,Employment,Persons,Calendar and seasonally adjusted,Total,From 15 to 64 years,Annual,2018,2606.0,Normal value,False
Employed population by age groups,SVK,Slovak Republic,Employment,Persons,Calendar and seasonally adjusted,Total,From 15 to 64 years,Annual,2019,2618.0,Normal value,False
Employed population by age groups,SVK,Slovak Republic,Employment,Persons,Calendar and seasonally adjusted,Total,From 15 to 64 years,Annual,2020,2563.5,Normal value,False
Employed population by age groups,SVK,Slovak Republic,Employment,Persons,Calendar and seasonally adjusted,Total,From 15 to 64 years,Annual,2021,2521.7,Normal value,False
Employed population by age groups,SVK,Slovak Republic,Employment,Persons,Calendar and seasonally adjusted,Total,From 15 to 64 years,Annual,2022,2559.9,Normal value,False
Employed population by age groups,SVK,Slovak Republic,Employment,Persons,Calendar and seasonally adjusted,Total,From 15 to 64 years,Annual,2023,2559.9,Normal value,False
Employed population by age groups,SVK,Slovak Republic,Employment,Persons,Calendar and seasonally adjusted,Total,From 15 to 64 years,Annual,2024,2562.575,Normal value,False
Employed population by age groups,SVK,Slovak Republic,Employment,Persons,Calendar and seasonally adjusted,Total,From 15 to 64 years,Annual,2025,2546.825,Normal value,False
Employed population by age groups,SVN,Slovenia,Employment,Persons,Calendar and seasonally adjusted,Total,From 15 to 64 years,Annual,2016,895.25,Normal value,False
Employed population by age groups,SVN,Slovenia,Employment,Persons,Calendar and seasonally adjusted,Total,From 15 to 64 years,Annual,2017,935.75,Normal value,False
Employed population by age groups,SVN,Slovenia,Employment,Persons,Calendar and seasonally adjusted,Total,From 15 to 64 years,Annual,2018,954.25,Normal value,False
Employed population by age groups,SVN,Slovenia,Employment,Persons,Calendar and seasonally adjusted,Total,From 15 to 64 years,Annual,2019,962.0,Normal value,False
Employed population by age groups,SVN,Slovenia,Employment,Persons,Calendar and seasonally adjusted,Total,From 15 to 64 years,Annual,2020,953.75,Normal value,False
Employed population by age groups,SVN,Slovenia,Employment,Persons,Calendar and seasonally adjusted,Total,From 15 to 64 years,Annual,2021,954.275,Normal value,False
Employed population by age groups,SVN,Slovenia,Employment,Persons,Calendar and seasonally adjusted,Total,From 15 to 64 years,Annual,2022,966.625,Normal value,False
Employed population by age groups,SVN,Slovenia,Employment,Persons,Calendar and seasonally adjusted,Total,From 15 to 64 years,Annual,2023,970.45,Normal value,False
Employed population by age groups,SVN,Slovenia,Employment,Persons,Calendar and seasonally adjusted,Total,From 15 to 64 years,Annual,2024,980.4,Normal value,False
Employed population by age groups,SVN,Slovenia,Employment,Persons,Calendar and seasonally adjusted,Total,From 15 to 64 years,Annual,2025,977.1,Normal value,False
Employed population by age groups,ESP,Spain,Employment,Persons,Calendar and seasonally adjusted,Total,From 15 to 64 years,Annual,2016,18182.75,Normal value,False
Employed population by age groups,ESP,Spain,Employment,Persons,Calendar and seasonally adjusted,Total,From 15 to 64 years,Annual,2017,18648.5,Normal value,False
Employed population by age groups,ESP,Spain,Employment,Persons,Calendar and seasonally adjusted,Total,From 15 to 64 years,Annual,2018,19136.5,Normal value,False
Employed population by age groups,ESP,Spain,Employment,Persons,Calendar and seasonally adjusted,Total,From 15 to 64 years,Annual,2019,19568.0,Normal value,False
Employed population by age groups,ESP,Spain,Employment,Persons,Calendar and seasonally adjusted,Total,From 15 to 64 years,Annual,2020,18957.25,Normal value,False
Employed population by age groups,ESP,Spain,Employment,Persons,Calendar and seasonally adjusted,Total,From 15 to 64 years,Annual,2021,19546.22,Normal value,False
Employed population by age groups,ESP,Spain,Employment,Persons,Calendar and seasonally adjusted,Total,From 15 to 64 years,Annual,2022,20234.68,Normal value,False
Employed population by age groups,ESP,Spain,Employment,Persons,Calendar and seasonally adjusted,Total,From 15 to 64 years,Annual,2023,20851.43,Normal value,False
Employed population by age groups,ESP,Spain,Employment,Persons,Calendar and seasonally adjusted,Total,From 15 to 64 years,Annual,2024,21300.07,Normal value,False
Employed population by age groups,ESP,Spain,Employment,Persons,Calendar and seasonally adjusted,Total,From 15 to 64 years,Annual,2025,21792.43,Normal value,False
Employed population by age groups,SWE,Sweden,Employment,Persons,Calendar and seasonally adjusted,Total,From 15 to 64 years,Annual,2016,4696.25,Normal value,False
Employed population by age groups,SWE,Sweden,Employment,Persons,Calendar and seasonally adjusted,Total,From 15 to 64 years,Annual,2017,4792.5,Normal value,False
Employed population by age groups,SWE,Sweden,Employment,Persons,Calendar and seasonally adjusted,Total,From 15 to 64 years,Annual,2018,4867.5,Normal value,False
Employed population by age groups,SWE,Sweden,Employment,Persons,Calendar and seasonally adjusted,Total,From 15 to 64 years,Annual,2019,4895.5,Normal value,False
Employed population by age groups,SWE,Sweden,Employment,Persons,Calendar and seasonally adjusted,Total,From 15 to 64 years,Annual,2020,4807.5,Normal value,False
Employed population by age groups,SWE,Sweden,Employment,Persons,Calendar and seasonally adjusted,Total,From 15 to 64 years,Annual,2021,4841.875,Normal value,False
Employed population by age groups,SWE,Sweden,Employment,Persons,Calendar and seasonally adjusted,Total,From 15 to 64 years,Annual,2022,4996.325,Normal value,False
Employed population by age groups,SWE,Sweden,Employment,Persons,Calendar and seasonally adjusted,Total,From 15 to 64 years,Annual,2023,5059.0,Normal value,False
Employed population by age groups,SWE,Sweden,Employment,Persons,Calendar and seasonally adjusted,Total,From 15 to 64 years,Annual,2024,5024.05,Normal value,False
Employed population by age groups,SWE,Sweden,Employment,Persons,Calendar and seasonally adjusted,Total,From 15 to 64 years,Annual,2025,5031.075,Normal value,False
Employed population by age groups,CHE,Switzerland,Employment,Persons,Calendar and seasonally adjusted,Total,From 15 to 64 years,Annual,2016,4423.0,Normal value,False
Employed population by age groups,CHE,Switzerland,Employment,Persons,Calendar and seasonally adjusted,Total,From 15 to 64 years,Annual,2017,4454.5,Normal value,False
Employed population by age groups,CHE,Switzerland,Employment,Persons,Calendar and seasonally adjusted,Total,From 15 to 64 years,Annual,2018,4489.5,Normal value,False
Employed population by age groups,CHE,Switzerland,Employment,Persons,Calendar and seasonally adjusted,Total,From 15 to 64 years,Annual,2019,4528.0,Normal value,False
Employed population by age groups,CHE,Switzerland,Employment,Persons,Calendar and seasonally adjusted,Total,From 15 to 64 years,Annual,2020,4518.5,Normal value,False
Employed population by age groups,CHE,Switzerland,Employment,Persons,Calendar and seasonally adjusted,Total,From 15 to 64 years,Annual,2021,4524.075,Normal value,False
Employed population by age groups,CHE,Switzerland,Employment,Persons,Calendar and seasonally adjusted,Total,From 15 to 64 years,Annual,2022,4577.7,Normal value,False
Employed population by age groups,CHE,Switzerland,Employment,Persons,Calendar and seasonally adjusted,Total,From 15 to 64 years,Annual,2023,4648.55,Normal value,False
Employed population by age groups,CHE,Switzerland,Employment,Persons,Calendar and seasonally adjusted,Total,From 15 to 64 years,Annual,2024,4669.025,Normal value,False
Employed population by age groups,CHE,Switzerland,Employment,Persons,Calendar and seasonally adjusted,Total,From 15 to 64 years,Annual,2025,4673.125,Normal value,False
Employed population by age groups,TUR,Türkiye,Employment,Persons,Calendar and seasonally adjusted,Total,From 15 to 64 years,Annual,2016,26471.82,Normal value,False
Employed population by age groups,TUR,Türkiye,Employment,Persons,Calendar and seasonally adjusted,Total,From 15 to 64 years,Annual,2017,27392.97,Normal value,False
Employed population by age groups,TUR,Türkiye,Employment,Persons,Calendar and seasonally adjusted,Total,From 15 to 64 years,Annual,2018,27881.78,Normal value,False
Employed population by age groups,TUR,Türkiye,Employment,Persons,Calendar and seasonally adjusted,Total,From 15 to 64 years,Annual,2019,27229.93,Normal value,False
Employed population by age groups,TUR,Türkiye,Employment,Persons,Calendar and seasonally adjusted,Total,From 15 to 64 years,Annual,2021,27931.25,Normal value,False
Employed population by age groups,TUR,Türkiye,Employment,Persons,Calendar and seasonally adjusted,Total,From 15 to 64 years,Annual,2022,29758.0,Normal value,False
Employed population by age groups,TUR,Türkiye,Employment,Persons,Calendar and seasonally adjusted,Total,From 15 to 64 years,Annual,2023,30598.0,Normal value,False
Employed population by age groups,TUR,Türkiye,Employment,Persons,Calendar and seasonally adjusted,Total,From 15 to 64 years,Annual,2024,31470.5,Normal value,False
Employed population by age groups,TUR,Türkiye,Employment,Persons,Calendar and seasonally adjusted,Total,From 15 to 64 years,Annual,2025,31414.25,Normal value,False
Employed population by age groups,GBR,United Kingdom,Employment,Persons,Calendar and seasonally adjusted,Total,From 15 to 64 years,Annual,2016,30538.5,Normal value,False
Employed population by age groups,GBR,United Kingdom,Employment,Persons,Calendar and seasonally adjusted,Total,From 15 to 64 years,Annual,2017,30879.25,Normal value,False
Employed population by age groups,GBR,United Kingdom,Employment,Persons,Calendar and seasonally adjusted,Total,From 15 to 64 years,Annual,2018,31200.25,Normal value,False
Employed population by age groups,GBR,United Kingdom,Employment,Persons,Calendar and seasonally adjusted,Total,From 15 to 64 years,Annual,2019,31620.75,Normal value,False
Employed population by age groups,GBR,United Kingdom,Employment,Persons,Calendar and seasonally adjusted,Total,From 15 to 64 years,Annual,2020,31245.75,Normal value,False
Employed population by age groups,GBR,United Kingdom,Employment,Persons,Calendar and seasonally adjusted,Total,From 15 to 64 years,Annual,2021,31255.0,Normal value,False
Employed population by age groups,GBR,United Kingdom,Employment,Persons,Calendar and seasonally adjusted,Total,From 15 to 64 years,Annual,2022,31598.75,Normal value,False
Employed population by age groups,GBR,United Kingdom,Employment,Persons,Calendar and seasonally adjusted,Total,From 15 to 64 years,Annual,2023,31920.75,Normal value,False
Employed population by age groups,GBR,United Kingdom,Employment,Persons,Calendar and seasonally adjusted,Total,From 15 to 64 years,Annual,2024,32098.5,Normal value,False
Employed population by age groups,GBR,United Kingdom,Employment,Persons,Calendar and seasonally adjusted,Total,From 15 to 64 years,Annual,2025,32505.0,Normal value,False
Employed population by age groups,AUS,Australia,Employment,Persons,Calendar and seasonally adjusted,Male,From 15 to 64 years,Annual,2016,6116.235,Normal value,False
Employed population by age groups,AUS,Australia,Employment,Persons,Calendar and seasonally adjusted,Male,From 15 to 64 years,Annual,2017,6199.377,Normal value,False
Employed population by age groups,AUS,Australia,Employment,Persons,Calendar and seasonally adjusted,Male,From 15 to 64 years,Annual,2018,6317.259,Normal value,False
Employed population by age groups,AUS,Australia,Employment,Persons,Calendar and seasonally adjusted,Male,From 15 to 64 years,Annual,2019,6434.676,Normal value,False
Employed population by age groups,AUS,Australia,Employment,Persons,Calendar and seasonally adjusted,Male,From 15 to 64 years,Annual,2020,6304.021,Normal value,False
Employed population by age groups,AUS,Australia,Employment,Persons,Calendar and seasonally adjusted,Male,From 15 to 64 years,Annual,2021,6443.832,Normal value,False
Employed population by age groups,AUS,Australia,Employment,Persons,Calendar and seasonally adjusted,Male,From 15 to 64 years,Annual,2022,6698.884,Normal value,False
Employed population by age groups,AUS,Australia,Employment,Persons,Calendar and seasonally adjusted,Male,From 15 to 64 years,Annual,2023,6917.297,Normal value,False
Employed population by age groups,AUS,Australia,Employment,Persons,Calendar and seasonally adjusted,Male,From 15 to 64 years,Annual,2024,7053.932,Normal value,False
Employed population by age groups,AUS,Australia,Employment,Persons,Calendar and seasonally adjusted,Male,From 15 to 64 years,Annual,2025,7161.3,Normal value,False
Employed population by age groups,AUT,Austria,Employment,Persons,Calendar and seasonally adjusted,Male,From 15 to 64 years,Annual,2016,2187.0,Normal value,False
Employed population by age groups,AUT,Austria,Employment,Persons,Calendar and seasonally adjusted,Male,From 15 to 64 years,Annual,2017,2208.5,Normal value,False
Employed population by age groups,AUT,Austria,Employment,Persons,Calendar and seasonally adjusted,Male,From 15 to 64 years,Annual,2018,2248.0,Normal value,False
Employed population by age groups,AUT,Austria,Employment,Persons,Calendar and seasonally adjusted,Male,From 15 to 64 years,Annual,2019,2266.5,Normal value,False
Employed population by age groups,AUT,Austria,Employment,Persons,Calendar and seasonally adjusted,Male,From 15 to 64 years,Annual,2020,2218.5,Normal value,False
Employed population by age groups,AUT,Austria,Employment,Persons,Calendar and seasonally adjusted,Male,From 15 to 64 years,Annual,2021,2243.35,Normal value,False
Employed population by age groups,AUT,Austria,Employment,Persons,Calendar and seasonally adjusted,Male,From 15 to 64 years,Annual,2022,2299.125,Normal value,False
Employed population by age groups,AUT,Austria,Employment,Persons,Calendar and seasonally adjusted,Male,From 15 to 64 years,Annual,2023,2315.125,Normal value,False
Employed population by age groups,AUT,Austria,Employment,Persons,Calendar and seasonally adjusted,Male,From 15 to 64 years,Annual,2024,2302.975,Normal value,False
Employed population by age groups,AUT,Austria,Employment,Persons,Calendar and seasonally adjusted,Male,From 15 to 64 years,Annual,2025,2302.35,Normal value,False
Employed population by age groups,BEL,Belgium,Employment,Persons,Calendar and seasonally adjusted,Male,From 15 to 64 years,Annual,2017,2461.25,Normal value,False
Employed population by age groups,BEL,Belgium,Employment,Persons,Calendar and seasonally adjusted,Male,From 15 to 64 years,Annual,2018,2495.0,Normal value,False
Employed population by age groups,BEL,Belgium,Employment,Persons,Calendar and seasonally adjusted,Male,From 15 to 64 years,Annual,2019,2526.0,Normal value,False
Employed population by age groups,BEL,Belgium,Employment,Persons,Calendar and seasonally adjusted,Male,From 15 to 64 years,Annual,2020,2502.5,Normal value,False
Employed population by age groups,BEL,Belgium,Employment,Persons,Calendar and seasonally adjusted,Male,From 15 to 64 years,Annual,2021,2535.75,Normal value,False
Employed population by age groups,BEL,Belgium,Employment,Persons,Calendar and seasonally adjusted,Male,From 15 to 64 years,Annual,2022,2590.35,Normal value,False
Employed population by age groups,BEL,Belgium,Employment,Persons,Calendar and seasonally adjusted,Male,From 15 to 64 years,Annual,2023,2607.525,Normal value,False
Employed population by age groups,BEL,Belgium,Employment,Persons,Calendar and seasonally adjusted,Male,From 15 to 64 years,Annual,2024,2627.625,Normal value,False
Employed population by age groups,BEL,Belgium,Employment,Persons,Calendar and seasonally adjusted,Male,From 15 to 64 years,Annual,2025,2645.825,Normal value,False
Employed population by age groups,CAN,Canada,Employment,Persons,Calendar and seasonally adjusted,Male,From 15 to 64 years,Annual,2016,8996.384,Normal value,False
Employed population by age groups,CAN,Canada,Employment,Persons,Calendar and seasonally adjusted,Male,From 15 to 64 years,Annual,2017,9186.983,Normal value,False
Employed population by age groups,CAN,Canada,Employment,Persons,Calendar and seasonally adjusted,Male,From 15 to 64 years,Annual,2018,9354.517,Normal value,False
Employed population by age groups,CAN,Canada,Employment,Persons,Calendar and seasonally adjusted,Male,From 15 to 64 years,Annual,2019,9482.842,Normal value,False
Employed population by age groups,CAN,Canada,Employment,Persons,Calendar and seasonally adjusted,Male,From 15 to 64 years,Annual,2020,9050.809,Normal value,False
Employed population by age groups,CAN,Canada,Employment,Persons,Calendar and seasonally adjusted,Male,From 15 to 64 years,Annual,2021,9461.434,Normal value,False
Employed population by age groups,CAN,Canada,Employment,Persons,Calendar and seasonally adjusted,Male,From 15 to 64 years,Annual,2022,9790.816,Normal value,False
Employed population by age groups,CAN,Canada,Employment,Persons,Calendar and seasonally adjusted,Male,From 15 to 64 years,Annual,2023,10076.65,Normal value,False
Employed population by age groups,CAN,Canada,Employment,Persons,Calendar and seasonally adjusted,Male,From 15 to 64 years,Annual,2024,10292.97,Normal value,False
Employed population by age groups,CAN,Canada,Employment,Persons,Calendar and seasonally adjusted,Male,From 15 to 64 years,Annual,2025,10435.94,Normal value,False
Employed population by age groups,COL,Colombia,Employment,Persons,Calendar and seasonally adjusted,Male,From 15 to 64 years,Annual,2016,11627.15,Normal value,False
Employed population by age groups,COL,Colombia,Employment,Persons,Calendar and seasonally adjusted,Male,From 15 to 64 years,Annual,2017,11774.64,Normal value,False
Employed population by age groups,COL,Colombia,Employment,Persons,Calendar and seasonally adjusted,Male,From 15 to 64 years,Annual,2018,11969.12,Normal value,False
Employed population by age groups,COL,Colombia,Employment,Persons,Calendar and seasonally adjusted,Male,From 15 to 64 years,Annual,2019,12075.22,Normal value,False
Employed population by age groups,COL,Colombia,Employment,Persons,Calendar and seasonally adjusted,Male,From 15 to 64 years,Annual,2020,11258.04,Normal value,False
Employed population by age groups,COL,Colombia,Employment,Persons,Calendar and seasonally adjusted,Male,From 15 to 64 years,Annual,2021,11706.4,Normal value,False
Employed population by age groups,COL,Colombia,Employment,Persons,Calendar and seasonally adjusted,Male,From 15 to 64 years,Annual,2022,12259.11,Normal value,False
Employed population by age groups,COL,Colombia,Employment,Persons,Calendar and seasonally adjusted,Male,From 15 to 64 years,Annual,2023,12509.75,Normal value,False
Employed population by age groups,COL,Colombia,Employment,Persons,Calendar and seasonally adjusted,Male,From 15 to 64 years,Annual,2024,12595.79,Normal value,False
Employed population by age groups,COL,Colombia,Employment,Persons,Calendar and seasonally adjusted,Male,From 15 to 64 years,Annual,2025,12983.42,Normal value,False
Employed population by age groups,CRI,Costa Rica,Employment,Persons,Calendar and seasonally adjusted,Male,From 15 to 64 years,Annual,2016,1216.042,Normal value,False
Employed population by age groups,CRI,Costa Rica,Employment,Persons,Calendar and seasonally adjusted,Male,From 15 to 64 years,Annual,2017,1239.826,Normal value,False
Employed population by age groups,CRI,Costa Rica,Employment,Persons,Calendar and seasonally adjusted,Male,From 15 to 64 years,Annual,2018,1259.957,Normal value,False
Employed population by age groups,CRI,Costa Rica,Employment,Persons,Calendar and seasonally adjusted,Male,From 15 to 64 years,Annual,2019,1264.144,Normal value,False
Employed population by age groups,CRI,Costa Rica,Employment,Persons,Calendar and seasonally adjusted,Male,From 15 to 64 years,Annual,2020,1161.546,Normal value,False
Employed population by age groups,CRI,Costa Rica,Employment,Persons,Calendar and seasonally adjusted,Male,From 15 to 64 years,Annual,2021,1211.389,Normal value,False
Employed population by age groups,CRI,Costa Rica,Employment,Persons,Calendar and seasonally adjusted,Male,From 15 to 64 years,Annual,2022,1266.104,Normal value,False
Employed population by age groups,CRI,Costa Rica,Employment,Persons,Calendar and seasonally adjusted,Male,From 15 to 64 years,Annual,2023,1256.871,Normal value,False
Employed population by age groups,CRI,Costa Rica,Employment,Persons,Calendar and seasonally adjusted,Male,From 15 to 64 years,Annual,2024,1270.108,Normal value,False
Employed population by age groups,CRI,Costa Rica,Employment,Persons,Calendar and seasonally adjusted,Male,From 15 to 64 years,Annual,2025,1272.532,Normal value,False
Employed population by age groups,CZE,Czechia,Employment,Persons,Calendar and seasonally adjusted,Male,From 15 to 64 years,Annual,2016,2805.55,Normal value,False
Employed population by age groups,CZE,Czechia,Employment,Persons,Calendar and seasonally adjusted,Male,From 15 to 64 years,Annual,2017,2842.875,Normal value,False
Employed population by age groups,CZE,Czechia,Employment,Persons,Calendar and seasonally adjusted,Male,From 15 to 64 years,Annual,2018,2861.65,Normal value,False
Employed population by age groups,CZE,Czechia,Employment,Persons,Calendar and seasonally adjusted,Male,From 15 to 64 years,Annual,2019,2862.85,Normal value,False
Employed population by age groups,CZE,Czechia,Employment,Persons,Calendar and seasonally adjusted,Male,From 15 to 64 years,Annual,2020,2842.0,Normal value,False
Employed population by age groups,CZE,Czechia,Employment,Persons,Calendar and seasonally adjusted,Male,From 15 to 64 years,Annual,2022,2797.675,Normal value,False
Employed population by age groups,CZE,Czechia,Employment,Persons,Calendar and seasonally adjusted,Male,From 15 to 64 years,Annual,2023,2745.3,Normal value,False
Employed population by age groups,CZE,Czechia,Employment,Persons,Calendar and seasonally adjusted,Male,From 15 to 64 years,Annual,2024,2743.45,Normal value,False
Employed population by age groups,CZE,Czechia,Employment,Persons,Calendar and seasonally adjusted,Male,From 15 to 64 years,Annual,2025,2702.15,Normal value,False
Employed population by age groups,DNK,Denmark,Employment,Persons,Calendar and seasonally adjusted,Male,From 15 to 64 years,Annual,2017,1413.65,Normal value,False
Employed population by age groups,DNK,Denmark,Employment,Persons,Calendar and seasonally adjusted,Male,From 15 to 64 years,Annual,2018,1436.325,Normal value,False
Employed population by age groups,DNK,Denmark,Employment,Persons,Calendar and seasonally adjusted,Male,From 15 to 64 years,Annual,2019,1458.675,Normal value,False
Employed population by age groups,DNK,Denmark,Employment,Persons,Calendar and seasonally adjusted,Male,From 15 to 64 years,Annual,2020,1444.375,Normal value,False
Employed population by age groups,DNK,Denmark,Employment,Persons,Calendar and seasonally adjusted,Male,From 15 to 64 years,Annual,2021,1464.125,Normal value,False
Employed population by age groups,DNK,Denmark,Employment,Persons,Calendar and seasonally adjusted,Male,From 15 to 64 years,Annual,2022,1486.425,Normal value,False
Employed population by age groups,DNK,Denmark,Employment,Persons,Calendar and seasonally adjusted,Male,From 15 to 64 years,Annual,2023,1497.45,Normal value,False
Employed population by age groups,DNK,Denmark,Employment,Persons,Calendar and seasonally adjusted,Male,From 15 to 64 years,Annual,2024,1524.675,Normal value,False
Employed population by age groups,DNK,Denmark,Employment,Persons,Calendar and seasonally adjusted,Male,From 15 to 64 years,Annual,2025,1529.75,Normal value,False
Employed population by age groups,EST,Estonia,Employment,Persons,Calendar and seasonally adjusted,Male,From 15 to 64 years,Annual,2016,313.0,Normal value,False
Employed population by age groups,EST,Estonia,Employment,Persons,Calendar and seasonally adjusted,Male,From 15 to 64 years,Annual,2017,317.0,Normal value,False
Employed population by age groups,EST,Estonia,Employment,Persons,Calendar and seasonally adjusted,Male,From 15 to 64 years,Annual,2018,321.5,Normal value,False
Employed population by age groups,EST,Estonia,Employment,Persons,Calendar and seasonally adjusted,Male,From 15 to 64 years,Annual,2019,325.25,Normal value,False
Employed population by age groups,EST,Estonia,Employment,Persons,Calendar and seasonally adjusted,Male,From 15 to 64 years,Annual,2020,317.0,Normal value,False
Employed population by age groups,EST,Estonia,Employment,Persons,Calendar and seasonally adjusted,Male,From 15 to 64 years,Annual,2021,315.5,Normal value,False
Employed population by age groups,EST,Estonia,Employment,Persons,Calendar and seasonally adjusted,Male,From 15 to 64 years,Annual,2022,324.6,Normal value,False
Employed population by age groups,EST,Estonia,Employment,Persons,Calendar and seasonally adjusted,Male,From 15 to 64 years,Annual,2023,329.6,Normal value,False
Employed population by age groups,EST,Estonia,Employment,Persons,Calendar and seasonally adjusted,Male,From 15 to 64 years,Annual,2024,328.975,Normal value,False
Employed population by age groups,EST,Estonia,Employment,Persons,Calendar and seasonally adjusted,Male,From 15 to 64 years,Annual,2025,325.175,Normal value,False
Employed population by age groups,FIN,Finland,Employment,Persons,Calendar and seasonally adjusted,Male,From 15 to 64 years,Annual,2016,1208.75,Normal value,False
Employed population by age groups,FIN,Finland,Employment,Persons,Calendar and seasonally adjusted,Male,From 15 to 64 years,Annual,2017,1224.5,Normal value,False
Employed population by age groups,FIN,Finland,Employment,Persons,Calendar and seasonally adjusted,Male,From 15 to 64 years,Annual,2018,1254.0,Normal value,False
Employed population by age groups,FIN,Finland,Employment,Persons,Calendar and seasonally adjusted,Male,From 15 to 64 years,Annual,2019,1265.25,Normal value,False
Employed population by age groups,FIN,Finland,Employment,Persons,Calendar and seasonally adjusted,Male,From 15 to 64 years,Annual,2020,1250.5,Normal value,False
Employed population by age groups,FIN,Finland,Employment,Persons,Calendar and seasonally adjusted,Male,From 15 to 64 years,Annual,2021,1271.1,Normal value,False
Employed population by age groups,FIN,Finland,Employment,Persons,Calendar and seasonally adjusted,Male,From 15 to 64 years,Annual,2022,1291.35,Normal value,False
Employed population by age groups,FIN,Finland,Employment,Persons,Calendar and seasonally adjusted,Male,From 15 to 64 years,Annual,2023,1286.35,Normal value,False
Employed population by age groups,FIN,Finland,Employment,Persons,Calendar and seasonally adjusted,Male,From 15 to 64 years,Annual,2024,1276.975,Normal value,False
Employed population by age groups,FIN,Finland,Employment,Persons,Calendar and seasonally adjusted,Male,From 15 to 64 years,Annual,2025,1276.9,Normal value,False
Employed population by age groups,FRA,France,Employment,Persons,Calendar and seasonally adjusted,Male,From 15 to 64 years,Annual,2016,13502.0,Normal value,False
Employed population by age groups,FRA,France,Employment,Persons,Calendar and seasonally adjusted,Male,From 15 to 64 years,Annual,2017,13660.5,Normal value,False
Employed population by age groups,FRA,France,Employment,Persons,Calendar and seasonally adjusted,Male,From 15 to 64 years,Annual,2018,13755.75,Normal value,False
Employed population by age groups,FRA,France,Employment,Persons,Calendar and seasonally adjusted,Male,From 15 to 64 years,Annual,2019,13729.75,Normal value,False
Employed population by age groups,FRA,France,Employment,Persons,Calendar and seasonally adjusted,Male,From 15 to 64 years,Annual,2020,13652.5,Normal value,False
Employed population by age groups,FRA,France,Employment,Persons,Calendar and seasonally adjusted,Male,From 15 to 64 years,Annual,2021,13910.6,Normal value,False
Employed population by age groups,FRA,France,Employment,Persons,Calendar and seasonally adjusted,Male,From 15 to 64 years,Annual,2022,14170.6,Normal value,False
Employed population by age groups,FRA,France,Employment,Persons,Calendar and seasonally adjusted,Male,From 15 to 64 years,Annual,2023,14259.35,Normal value,False
Employed population by age groups,FRA,France,Employment,Persons,Calendar and seasonally adjusted,Male,From 15 to 64 years,Annual,2024,14490.92,Normal value,False
Employed population by age groups,FRA,France,Employment,Persons,Calendar and seasonally adjusted,Male,From 15 to 64 years,Annual,2025,14681.08,Normal value,False
Employed population by age groups,DEU,Germany,Employment,Persons,Calendar and seasonally adjusted,Male,From 15 to 64 years,Annual,2016,20940.75,Normal value,False
Employed population by age groups,DEU,Germany,Employment,Persons,Calendar and seasonally adjusted,Male,From 15 to 64 years,Annual,2017,21074.25,Normal value,False
Employed population by age groups,DEU,Germany,Employment,Persons,Calendar and seasonally adjusted,Male,From 15 to 64 years,Annual,2018,21082.0,Normal value,False
Employed population by age groups,DEU,Germany,Employment,Persons,Calendar and seasonally adjusted,Male,From 15 to 64 years,Annual,2021,20914.4,Normal value,False
Employed population by age groups,DEU,Germany,Employment,Persons,Calendar and seasonally adjusted,Male,From 15 to 64 years,Annual,2022,21368.57,Normal value,False
Employed population by age groups,DEU,Germany,Employment,Persons,Calendar and seasonally adjusted,Male,From 15 to 64 years,Annual,2023,21581.5,Normal value,False
Employed population by age groups,DEU,Germany,Employment,Persons,Calendar and seasonally adjusted,Male,From 15 to 64 years,Annual,2024,21628.0,Normal value,False
Employed population by age groups,DEU,Germany,Employment,Persons,Calendar and seasonally adjusted,Male,From 15 to 64 years,Annual,2025,21504.6,Normal value,False
Employed population by age groups,GRC,Greece,Employment,Persons,Calendar and seasonally adjusted,Male,From 15 to 64 years,Annual,2016,2091.25,Normal value,False
Employed population by age groups,GRC,Greece,Employment,Persons,Calendar and seasonally adjusted,Male,From 15 to 64 years,Annual,2017,2136.5,Normal value,False
Employed population by age groups,GRC,Greece,Employment,Persons,Calendar and seasonally adjusted,Male,From 15 to 64 years,Annual,2018,2185.75,Normal value,False
Employed population by age groups,GRC,Greece,Employment,Persons,Calendar and seasonally adjusted,Male,From 15 to 64 years,Annual,2019,2206.0,Normal value,False
Employed population by age groups,GRC,Greece,Employment,Persons,Calendar and seasonally adjusted,Male,From 15 to 64 years,Annual,2020,2091.5,Normal value,False
Employed population by age groups,GRC,Greece,Employment,Persons,Calendar and seasonally adjusted,Male,From 15 to 64 years,Annual,2021,2200.625,Normal value,False
Employed population by age groups,GRC,Greece,Employment,Persons,Calendar and seasonally adjusted,Male,From 15 to 64 years,Annual,2022,2321.0,Normal value,False
Employed population by age groups,GRC,Greece,Employment,Persons,Calendar and seasonally adjusted,Male,From 15 to 64 years,Annual,2023,2326.825,Normal value,False
Employed population by age groups,GRC,Greece,Employment,Persons,Calendar and seasonally adjusted,Male,From 15 to 64 years,Annual,2024,2351.35,Normal value,False
Employed population by age groups,GRC,Greece,Employment,Persons,Calendar and seasonally adjusted,Male,From 15 to 64 years,Annual,2025,2360.825,Normal value,False
Employed population by age groups,HUN,Hungary,Employment,Persons,Calendar and seasonally adjusted,Male,From 15 to 64 years,Annual,2016,2337.35,Normal value,False
Employed population by age groups,HUN,Hungary,Employment,Persons,Calendar and seasonally adjusted,Male,From 15 to 64 years,Annual,2018,2418.75,Normal value,False
Employed population by age groups,HUN,Hungary,Employment,Persons,Calendar and seasonally adjusted,Male,From 15 to 64 years,Annual,2019,2438.775,Normal value,False
Employed population by age groups,HUN,Hungary,Employment,Persons,Calendar and seasonally adjusted,Male,From 15 to 64 years,Annual,2021,2417.05,Normal value,False
Employed population by age groups,HUN,Hungary,Employment,Persons,Calendar and seasonally adjusted,Male,From 15 to 64 years,Annual,2022,2430.225,Normal value,False
Employed population by age groups,HUN,Hungary,Employment,Persons,Calendar and seasonally adjusted,Male,From 15 to 64 years,Annual,2023,2437.3,Normal value,False
Employed population by age groups,HUN,Hungary,Employment,Persons,Calendar and seasonally adjusted,Male,From 15 to 64 years,Annual,2024,2419.125,Normal value,False
Employed population by age groups,HUN,Hungary,Employment,Persons,Calendar and seasonally adjusted,Male,From 15 to 64 years,Annual,2025,2405.45,Normal value,False
Employed population by age groups,ISL,Iceland,Employment,Persons,Calendar and seasonally adjusted,Male,From 15 to 64 years,Annual,2016,94.25,Normal value,False
Employed population by age groups,ISL,Iceland,Employment,Persons,Calendar and seasonally adjusted,Male,From 15 to 64 years,Annual,2017,97.0,Normal value,False
Employed population by age groups,ISL,Iceland,Employment,Persons,Calendar and seasonally adjusted,Male,From 15 to 64 years,Annual,2018,99.75,Normal value,False
Employed population by age groups,ISL,Iceland,Employment,Persons,Calendar and seasonally adjusted,Male,From 15 to 64 years,Annual,2019,101.25,Normal value,False
Employed population by age groups,ISL,Iceland,Employment,Persons,Calendar and seasonally adjusted,Male,From 15 to 64 years,Annual,2021,99.55,Normal value,False
Employed population by age groups,ISL,Iceland,Employment,Persons,Calendar and seasonally adjusted,Male,From 15 to 64 years,Annual,2022,105.775,Normal value,False
Employed population by age groups,ISL,Iceland,Employment,Persons,Calendar and seasonally adjusted,Male,From 15 to 64 years,Annual,2023,111.725,Normal value,False
Employed population by age groups,ISL,Iceland,Employment,Persons,Calendar and seasonally adjusted,Male,From 15 to 64 years,Annual,2024,117.425,Normal value,False
Employed population by age groups,IRL,Ireland,Employment,Persons,Calendar and seasonally adjusted,Male,From 15 to 64 years,Annual,2016,1107.5,Normal value,False
Employed population by age groups,IRL,Ireland,Employment,Persons,Calendar and seasonally adjusted,Male,From 15 to 64 years,Annual,2017,1136.25,Normal value,False
Employed population by age groups,IRL,Ireland,Employment,Persons,Calendar and seasonally adjusted,Male,From 15 to 64 years,Annual,2018,1166.0,Normal value,False
Employed population by age groups,IRL,Ireland,Employment,Persons,Calendar and seasonally adjusted,Male,From 15 to 64 years,Annual,2019,1195.5,Normal value,False
Employed population by age groups,IRL,Ireland,Employment,Persons,Calendar and seasonally adjusted,Male,From 15 to 64 years,Annual,2020,1165.0,Normal value,False
Employed population by age groups,IRL,Ireland,Employment,Persons,Calendar and seasonally adjusted,Male,From 15 to 64 years,Annual,2021,1226.075,Normal value,False
Employed population by age groups,IRL,Ireland,Employment,Persons,Calendar and seasonally adjusted,Male,From 15 to 64 years,Annual,2022,1314.7,Normal value,False
Employed population by age groups,IRL,Ireland,Employment,Persons,Calendar and seasonally adjusted,Male,From 15 to 64 years,Annual,2023,1342.4,Normal value,False
Employed population by age groups,IRL,Ireland,Employment,Persons,Calendar and seasonally adjusted,Male,From 15 to 64 years,Annual,2024,1373.125,Normal value,False
Employed population by age groups,IRL,Ireland,Employment,Persons,Calendar and seasonally adjusted,Male,From 15 to 64 years,Annual,2025,1402.975,Normal value,False
Employed population by age groups,ISR,Israel,Employment,Persons,Calendar and seasonally adjusted,Male,From 15 to 64 years,Annual,2016,1850.35,Normal value,False
Employed population by age groups,ISR,Israel,Employment,Persons,Calendar and seasonally adjusted,Male,From 15 to 64 years,Annual,2017,1891.017,Normal value,False
Employed population by age groups,ISR,Israel,Employment,Persons,Calendar and seasonally adjusted,Male,From 15 to 64 years,Annual,2018,1898.05,Normal value,False
Employed population by age groups,ISR,Israel,Employment,Persons,Calendar and seasonally adjusted,Male,From 15 to 64 years,Annual,2019,1927.275,Normal value,False
Employed population by age groups,ISR,Israel,Employment,Persons,Calendar and seasonally adjusted,Male,From 15 to 64 years,Annual,2020,1886.95,Normal value,False
Employed population by age groups,ISR,Israel,Employment,Persons,Calendar and seasonally adjusted,Male,From 15 to 64 years,Annual,2021,1899.908,Normal value,False
Employed population by age groups,ISR,Israel,Employment,Persons,Calendar and seasonally adjusted,Male,From 15 to 64 years,Annual,2022,2004.992,Normal value,False
Employed population by age groups,ISR,Israel,Employment,Persons,Calendar and seasonally adjusted,Male,From 15 to 64 years,Annual,2023,2073.433,Normal value,False
Employed population by age groups,ISR,Israel,Employment,Persons,Calendar and seasonally adjusted,Male,From 15 to 64 years,Annual,2025,2057.475,Normal value,False
Employed population by age groups,ITA,Italy,Employment,Persons,Calendar and seasonally adjusted,Male,From 15 to 64 years,Annual,2016,12647.5,Normal value,False
Employed population by age groups,ITA,Italy,Employment,Persons,Calendar and seasonally adjusted,Male,From 15 to 64 years,Annual,2017,12746.5,Normal value,False
Employed population by age groups,ITA,Italy,Employment,Persons,Calendar and seasonally adjusted,Male,From 15 to 64 years,Annual,2018,12843.0,Normal value,False
Employed population by age groups,ITA,Italy,Employment,Persons,Calendar and seasonally adjusted,Male,From 15 to 64 years,Annual,2019,12879.0,Normal value,False
Employed population by age groups,ITA,Italy,Employment,Persons,Calendar and seasonally adjusted,Male,From 15 to 64 years,Annual,2020,12540.75,Normal value,False
Employed population by age groups,ITA,Italy,Employment,Persons,Calendar and seasonally adjusted,Male,From 15 to 64 years,Annual,2021,12558.78,Normal value,False
Employed population by age groups,ITA,Italy,Employment,Persons,Calendar and seasonally adjusted,Male,From 15 to 64 years,Annual,2022,12884.4,Normal value,False
Employed population by age groups,ITA,Italy,Employment,Persons,Calendar and seasonally adjusted,Male,From 15 to 64 years,Annual,2023,13094.72,Normal value,False
Employed population by age groups,ITA,Italy,Employment,Persons,Calendar and seasonally adjusted,Male,From 15 to 64 years,Annual,2024,13254.72,Normal value,False
Employed population by age groups,ITA,Italy,Employment,Persons,Calendar and seasonally adjusted,Male,From 15 to 64 years,Annual,2025,13292.15,Normal value,False
Employed population by age groups,JPN,Japan,Employment,Persons,Calendar and seasonally adjusted,Male,From 15 to 64 years,Annual,2016,31956.67,Normal value,False
Employed population by age groups,JPN,Japan,Employment,Persons,Calendar and seasonally adjusted,Male,From 15 to 64 years,Annual,2017,31945.0,Normal value,False
Employed population by age groups,JPN,Japan,Employment,Persons,Calendar and seasonally adjusted,Male,From 15 to 64 years,Annual,2018,32149.17,Normal value,False
Employed population by age groups,JPN,Japan,Employment,Persons,Calendar and seasonally adjusted,Male,From 15 to 64 years,Annual,2019,32147.5,Normal value,False
Employed population by age groups,JPN,Japan,Employment,Persons,Calendar and seasonally adjusted,Male,From 15 to 64 years,Annual,2020,31873.33,Normal value,False
Employed population by age groups,JPN,Japan,Employment,Persons,Calendar and seasonally adjusted,Male,From 15 to 64 years,Annual,2021,31743.33,Normal value,False
Employed population by age groups,JPN,Japan,Employment,Persons,Calendar and seasonally adjusted,Male,From 15 to 64 years,Annual,2022,31609.17,Normal value,False
Employed population by age groups,JPN,Japan,Employment,Persons,Calendar and seasonally adjusted,Male,From 15 to 64 years,Annual,2023,31619.17,Normal value,False
Employed population by age groups,JPN,Japan,Employment,Persons,Calendar and seasonally adjusted,Male,From 15 to 64 years,Annual,2024,31608.33,Normal value,False
Employed population by age groups,JPN,Japan,Employment,Persons,Calendar and seasonally adjusted,Male,From 15 to 64 years,Annual,2025,31604.17,Normal value,False
Employed population by age groups,KOR,Korea,Employment,Persons,Calendar and seasonally adjusted,Male,From 15 to 64 years,Annual,2016,14072.11,Normal value,False
Employed population by age groups,KOR,Korea,Employment,Persons,Calendar and seasonally adjusted,Male,From 15 to 64 years,Annual,2017,14160.56,Normal value,False
Employed population by age groups,KOR,Korea,Employment,Persons,Calendar and seasonally adjusted,Male,From 15 to 64 years,Annual,2018,14077.68,Normal value,False
Employed population by age groups,KOR,Korea,Employment,Persons,Calendar and seasonally adjusted,Male,From 15 to 64 years,Annual,2019,14058.29,Normal value,False
Employed population by age groups,KOR,Korea,Employment,Persons,Calendar and seasonally adjusted,Male,From 15 to 64 years,Annual,2020,13853.67,Normal value,False
Employed population by age groups,KOR,Korea,Employment,Persons,Calendar and seasonally adjusted,Male,From 15 to 64 years,Annual,2021,13883.75,Normal value,False
Employed population by age groups,KOR,Korea,Employment,Persons,Calendar and seasonally adjusted,Male,From 15 to 64 years,Annual,2022,14085.62,Normal value,False
Employed population by age groups,KOR,Korea,Employment,Persons,Calendar and seasonally adjusted,Male,From 15 to 64 years,Annual,2023,14000.75,Normal value,False
Employed population by age groups,KOR,Korea,Employment,Persons,Calendar and seasonally adjusted,Male,From 15 to 64 years,Annual,2024,13862.02,Normal value,False
Employed population by age groups,KOR,Korea,Employment,Persons,Calendar and seasonally adjusted,Male,From 15 to 64 years,Annual,2025,13704.67,Normal value,False
Employed population by age groups,LVA,Latvia,Employment,Persons,Calendar and seasonally adjusted,Male,From 15 to 64 years,Annual,2016,424.0,Normal value,False
Employed population by age groups,LVA,Latvia,Employment,Persons,Calendar and seasonally adjusted,Male,From 15 to 64 years,Annual,2017,427.25,Normal value,False
Employed population by age groups,LVA,Latvia,Employment,Persons,Calendar and seasonally adjusted,Male,From 15 to 64 years,Annual,2018,434.0,Normal value,False
Employed population by age groups,LVA,Latvia,Employment,Persons,Calendar and seasonally adjusted,Male,From 15 to 64 years,Annual,2019,433.5,Normal value,False
Employed population by age groups,LVA,Latvia,Employment,Persons,Calendar and seasonally adjusted,Male,From 15 to 64 years,Annual,2020,423.75,Normal value,False
Employed population by age groups,LVA,Latvia,Employment,Persons,Calendar and seasonally adjusted,Male,From 15 to 64 years,Annual,2021,413.85,Normal value,False
Employed population by age groups,LVA,Latvia,Employment,Persons,Calendar and seasonally adjusted,Male,From 15 to 64 years,Annual,2022,417.25,Normal value,False
Employed population by age groups,LVA,Latvia,Employment,Persons,Calendar and seasonally adjusted,Male,From 15 to 64 years,Annual,2023,415.6,Normal value,False
Employed population by age groups,LVA,Latvia,Employment,Persons,Calendar and seasonally adjusted,Male,From 15 to 64 years,Annual,2024,411.525,Normal value,False
Employed population by age groups,LVA,Latvia,Employment,Persons,Calendar and seasonally adjusted,Male,From 15 to 64 years,Annual,2025,411.575,Normal value,False
Employed population by age groups,LTU,Lithuania,Employment,Persons,Calendar and seasonally adjusted,Male,From 15 to 64 years,Annual,2016,643.25,Normal value,False
Employed population by age groups,LTU,Lithuania,Employment,Persons,Calendar and seasonally adjusted,Male,From 15 to 64 years,Annual,2017,635.75,Normal value,False
Employed population by age groups,LTU,Lithuania,Employment,Persons,Calendar and seasonally adjusted,Male,From 15 to 64 years,Annual,2018,654.75,Normal value,False
Employed population by age groups,LTU,Lithuania,Employment,Persons,Calendar and seasonally adjusted,Male,From 15 to 64 years,Annual,2019,655.5,Normal value,False
Employed population by age groups,LTU,Lithuania,Employment,Persons,Calendar and seasonally adjusted,Male,From 15 to 64 years,Annual,2020,649.75,Normal value,False
Employed population by age groups,LTU,Lithuania,Employment,Persons,Calendar and seasonally adjusted,Male,From 15 to 64 years,Annual,2021,659.975,Normal value,False
Employed population by age groups,LTU,Lithuania,Employment,Persons,Calendar and seasonally adjusted,Male,From 15 to 64 years,Annual,2022,663.85,Normal value,False
Employed population by age groups,LTU,Lithuania,Employment,Persons,Calendar and seasonally adjusted,Male,From 15 to 64 years,Annual,2023,685.05,Normal value,False
Employed population by age groups,LTU,Lithuania,Employment,Persons,Calendar and seasonally adjusted,Male,From 15 to 64 years,Annual,2024,705.325,Normal value,False
Employed population by age groups,LTU,Lithuania,Employment,Persons,Calendar and seasonally adjusted,Male,From 15 to 64 years,Annual,2025,700.775,Normal value,False
Employed population by age groups,LUX,Luxembourg,Employment,Persons,Calendar and seasonally adjusted,Male,From 15 to 64 years,Annual,2016,142.0,Normal value,False
Employed population by age groups,LUX,Luxembourg,Employment,Persons,Calendar and seasonally adjusted,Male,From 15 to 64 years,Annual,2017,144.625,Normal value,False
Employed population by age groups,LUX,Luxembourg,Employment,Persons,Calendar and seasonally adjusted,Male,From 15 to 64 years,Annual,2018,149.125,Normal value,False
Employed population by age groups,LUX,Luxembourg,Employment,Persons,Calendar and seasonally adjusted,Male,From 15 to 64 years,Annual,2019,155.275,Normal value,False
Employed population by age groups,LUX,Luxembourg,Employment,Persons,Calendar and seasonally adjusted,Male,From 15 to 64 years,Annual,2021,161.575,Normal value,False
Employed population by age groups,LUX,Luxembourg,Employment,Persons,Calendar and seasonally adjusted,Male,From 15 to 64 years,Annual,2022,164.125,Normal value,False
Employed population by age groups,LUX,Luxembourg,Employment,Persons,Calendar and seasonally adjusted,Male,From 15 to 64 years,Annual,2023,169.7,Normal value,False
Employed population by age groups,LUX,Luxembourg,Employment,Persons,Calendar and seasonally adjusted,Male,From 15 to 64 years,Annual,2024,168.65,Normal value,False
Employed population by age groups,LUX,Luxembourg,Employment,Persons,Calendar and seasonally adjusted,Male,From 15 to 64 years,Annual,2025,171.4,Normal value,False
Employed population by age groups,MEX,Mexico,Employment,Persons,Calendar and seasonally adjusted,Male,From 15 to 64 years,Annual,2016,30063.97,Normal value,False
Employed population by age groups,MEX,Mexico,Employment,Persons,Calendar and seasonally adjusted,Male,From 15 to 64 years,Annual,2017,30127.28,Normal value,False
Employed population by age groups,MEX,Mexico,Employment,Persons,Calendar and seasonally adjusted,Male,From 15 to 64 years,Annual,2018,30802.09,Normal value,False
Employed population by age groups,MEX,Mexico,Employment,Persons,Calendar and seasonally adjusted,Male,From 15 to 64 years,Annual,2019,31223.71,Normal value,False
Employed population by age groups,MEX,Mexico,Employment,Persons,Calendar and seasonally adjusted,Male,From 15 to 64 years,Annual,2021,31629.39,Normal value,False
Employed population by age groups,MEX,Mexico,Employment,Persons,Calendar and seasonally adjusted,Male,From 15 to 64 years,Annual,2022,32327.48,Normal value,False
Employed population by age groups,MEX,Mexico,Employment,Persons,Calendar and seasonally adjusted,Male,From 15 to 64 years,Annual,2023,32655.0,Normal value,False
Employed population by age groups,MEX,Mexico,Employment,Persons,Calendar and seasonally adjusted,Male,From 15 to 64 years,Annual,2024,32761.87,Normal value,False
Employed population by age groups,MEX,Mexico,Employment,Persons,Calendar and seasonally adjusted,Male,From 15 to 64 years,Annual,2025,32811.92,Normal value,False
Employed population by age groups,NLD,Netherlands,Employment,Persons,Calendar and seasonally adjusted,Male,From 15 to 64 years,Annual,2016,4450.75,Normal value,False
Employed population by age groups,NLD,Netherlands,Employment,Persons,Calendar and seasonally adjusted,Male,From 15 to 64 years,Annual,2017,4517.25,Normal value,False
Employed population by age groups,NLD,Netherlands,Employment,Persons,Calendar and seasonally adjusted,Male,From 15 to 64 years,Annual,2018,4591.75,Normal value,False
Employed population by age groups,NLD,Netherlands,Employment,Persons,Calendar and seasonally adjusted,Male,From 15 to 64 years,Annual,2019,4653.0,Normal value,False
Employed population by age groups,NLD,Netherlands,Employment,Persons,Calendar and seasonally adjusted,Male,From 15 to 64 years,Annual,2020,4642.5,Normal value,False
Employed population by age groups,NLD,Netherlands,Employment,Persons,Calendar and seasonally adjusted,Male,From 15 to 64 years,Annual,2021,4704.075,Normal value,False
Employed population by age groups,NLD,Netherlands,Employment,Persons,Calendar and seasonally adjusted,Male,From 15 to 64 years,Annual,2022,4840.85,Normal value,False
Employed population by age groups,NLD,Netherlands,Employment,Persons,Calendar and seasonally adjusted,Male,From 15 to 64 years,Annual,2023,4911.1,Normal value,False
Employed population by age groups,NLD,Netherlands,Employment,Persons,Calendar and seasonally adjusted,Male,From 15 to 64 years,Annual,2024,4918.5,Normal value,False
Employed population by age groups,NLD,Netherlands,Employment,Persons,Calendar and seasonally adjusted,Male,From 15 to 64 years,Annual,2025,4924.175,Normal value,False
Employed population by age groups,NZL,New Zealand,Employment,Persons,Calendar and seasonally adjusted,Male,From 15 to 64 years,Annual,2016,1227.45,Normal value,False
Employed population by age groups,NZL,New Zealand,Employment,Persons,Calendar and seasonally adjusted,Male,From 15 to 64 years,Annual,2017,1277.45,Normal value,False
Employed population by age groups,NZL,New Zealand,Employment,Persons,Calendar and seasonally adjusted,Male,From 15 to 64 years,Annual,2018,1305.75,Normal value,False
Employed population by age groups,NZL,New Zealand,Employment,Persons,Calendar and seasonally adjusted,Male,From 15 to 64 years,Annual,2019,1320.975,Normal value,False
Employed population by age groups,NZL,New Zealand,Employment,Persons,Calendar and seasonally adjusted,Male,From 15 to 64 years,Annual,2020,1338.325,Normal value,False
Employed population by age groups,NZL,New Zealand,Employment,Persons,Calendar and seasonally adjusted,Male,From 15 to 64 years,Annual,2021,1349.6,Normal value,False
Employed population by age groups,NZL,New Zealand,Employment,Persons,Calendar and seasonally adjusted,Male,From 15 to 64 years,Annual,2022,1365.5,Normal value,False
Employed population by age groups,NZL,New Zealand,Employment,Persons,Calendar and seasonally adjusted,Male,From 15 to 64 years,Annual,2023,1409.95,Normal value,False
Employed population by age groups,NOR,Norway,Employment,Persons,Calendar and seasonally adjusted,Male,From 15 to 64 years,Annual,2016,1333.0,Normal value,False
Employed population by age groups,NOR,Norway,Employment,Persons,Calendar and seasonally adjusted,Male,From 15 to 64 years,Annual,2017,1339.75,Normal value,False
Employed population by age groups,NOR,Norway,Employment,Persons,Calendar and seasonally adjusted,Male,From 15 to 64 years,Annual,2018,1365.5,Normal value,False
Employed population by age groups,NOR,Norway,Employment,Persons,Calendar and seasonally adjusted,Male,From 15 to 64 years,Annual,2019,1380.5,Normal value,False
Employed population by age groups,NOR,Norway,Employment,Persons,Calendar and seasonally adjusted,Male,From 15 to 64 years,Annual,2020,1370.75,Normal value,False
Employed population by age groups,NOR,Norway,Employment,Persons,Calendar and seasonally adjusted,Male,From 15 to 64 years,Annual,2021,1392.325,Normal value,False
Employed population by age groups,NOR,Norway,Employment,Persons,Calendar and seasonally adjusted,Male,From 15 to 64 years,Annual,2022,1434.35,Normal value,False
Employed population by age groups,NOR,Norway,Employment,Persons,Calendar and seasonally adjusted,Male,From 15 to 64 years,Annual,2023,1440.475,Normal value,False
Employed population by age groups,NOR,Norway,Employment,Persons,Calendar and seasonally adjusted,Male,From 15 to 64 years,Annual,2024,1447.425,Normal value,False
Employed population by age groups,NOR,Norway,Employment,Persons,Calendar and seasonally adjusted,Male,From 15 to 64 years,Annual,2025,1444.175,Normal value,False
Employed population by age groups,POL,Poland,Employment,Persons,Calendar and seasonally adjusted,Male,From 15 to 64 years,Annual,2016,8568.25,Normal value,False
Employed population by age groups,POL,Poland,Employment,Persons,Calendar and seasonally adjusted,Male,From 15 to 64 years,Annual,2017,8703.5,Normal value,False
Employed population by age groups,POL,Poland,Employment,Persons,Calendar and seasonally adjusted,Male,From 15 to 64 years,Annual,2018,8730.75,Normal value,False
Employed population by age groups,POL,Poland,Employment,Persons,Calendar and seasonally adjusted,Male,From 15 to 64 years,Annual,2019,9022.0,Normal value,False
Employed population by age groups,POL,Poland,Employment,Persons,Calendar and seasonally adjusted,Male,From 15 to 64 years,Annual,2020,9016.75,Normal value,False
Employed population by age groups,POL,Poland,Employment,Persons,Calendar and seasonally adjusted,Male,From 15 to 64 years,Annual,2021,9149.9,Normal value,False
Employed population by age groups,POL,Poland,Employment,Persons,Calendar and seasonally adjusted,Male,From 15 to 64 years,Annual,2022,9120.325,Normal value,False
Employed population by age groups,POL,Poland,Employment,Persons,Calendar and seasonally adjusted,Male,From 15 to 64 years,Annual,2023,9089.6,Normal value,False
Employed population by age groups,POL,Poland,Employment,Persons,Calendar and seasonally adjusted,Male,From 15 to 64 years,Annual,2024,9028.2,Normal value,False
Employed population by age groups,POL,Poland,Employment,Persons,Calendar and seasonally adjusted,Male,From 15 to 64 years,Annual,2025,8994.875,Normal value,False
Employed population by age groups,PRT,Portugal,Employment,Persons,Calendar and seasonally adjusted,Male,From 15 to 64 years,Annual,2016,2177.75,Normal value,False
Employed population by age groups,PRT,Portugal,Employment,Persons,Calendar and seasonally adjusted,Male,From 15 to 64 years,Annual,2017,2264.75,Normal value,False
Employed population by age groups,PRT,Portugal,Employment,Persons,Calendar and seasonally adjusted,Male,From 15 to 64 years,Annual,2018,2312.5,Normal value,False
Employed population by age groups,PRT,Portugal,Employment,Persons,Calendar and seasonally adjusted,Male,From 15 to 64 years,Annual,2019,2335.5,Normal value,False
Employed population by age groups,PRT,Portugal,Employment,Persons,Calendar and seasonally adjusted,Male,From 15 to 64 years,Annual,2020,2273.0,Normal value,False
Employed population by age groups,PRT,Portugal,Employment,Persons,Calendar and seasonally adjusted,Male,From 15 to 64 years,Annual,2021,2319.025,Normal value,False
Employed population by age groups,PRT,Portugal,Employment,Persons,Calendar and seasonally adjusted,Male,From 15 to 64 years,Annual,2022,2385.15,Normal value,False
Employed population by age groups,PRT,Portugal,Employment,Persons,Calendar and seasonally adjusted,Male,From 15 to 64 years,Annual,2023,2428.45,Normal value,False
Employed population by age groups,PRT,Portugal,Employment,Persons,Calendar and seasonally adjusted,Male,From 15 to 64 years,Annual,2024,2462.9,Normal value,False
Employed population by age groups,PRT,Portugal,Employment,Persons,Calendar and seasonally adjusted,Male,From 15 to 64 years,Annual,2025,2540.825,Normal value,False
Employed population by age groups,SVK,Slovak Republic,Employment,Persons,Calendar and seasonally adjusted,Male,From 15 to 64 years,Annual,2016,1359.5,Normal value,False
Employed population by age groups,SVK,Slovak Republic,Employment,Persons,Calendar and seasonally adjusted,Male,From 15 to 64 years,Annual,2017,1362.5,Normal value,False
Employed population by age groups,SVK,Slovak Republic,Employment,Persons,Calendar and seasonally adjusted,Male,From 15 to 64 years,Annual,2018,1387.25,Normal value,False
Employed population by age groups,SVK,Slovak Republic,Employment,Persons,Calendar and seasonally adjusted,Male,From 15 to 64 years,Annual,2019,1387.25,Normal value,False
Employed population by age groups,SVK,Slovak Republic,Employment,Persons,Calendar and seasonally adjusted,Male,From 15 to 64 years,Annual,2020,1356.75,Normal value,False
Employed population by age groups,SVK,Slovak Republic,Employment,Persons,Calendar and seasonally adjusted,Male,From 15 to 64 years,Annual,2021,1339.525,Normal value,False
Employed population by age groups,SVK,Slovak Republic,Employment,Persons,Calendar and seasonally adjusted,Male,From 15 to 64 years,Annual,2022,1358.275,Normal value,False
Employed population by age groups,SVK,Slovak Republic,Employment,Persons,Calendar and seasonally adjusted,Male,From 15 to 64 years,Annual,2023,1355.15,Normal value,False
Employed population by age groups,SVK,Slovak Republic,Employment,Persons,Calendar and seasonally adjusted,Male,From 15 to 64 years,Annual,2024,1367.6,Normal value,False
Employed population by age groups,SVK,Slovak Republic,Employment,Persons,Calendar and seasonally adjusted,Male,From 15 to 64 years,Annual,2025,1359.025,Normal value,False
Employed population by age groups,SVN,Slovenia,Employment,Persons,Calendar and seasonally adjusted,Male,From 15 to 64 years,Annual,2016,480.0,Normal value,False
Employed population by age groups,SVN,Slovenia,Employment,Persons,Calendar and seasonally adjusted,Male,From 15 to 64 years,Annual,2017,501.5,Normal value,False
Employed population by age groups,SVN,Slovenia,Employment,Persons,Calendar and seasonally adjusted,Male,From 15 to 64 years,Annual,2018,514.0,Normal value,False
Employed population by age groups,SVN,Slovenia,Employment,Persons,Calendar and seasonally adjusted,Male,From 15 to 64 years,Annual,2019,519.25,Normal value,False
Employed population by age groups,SVN,Slovenia,Employment,Persons,Calendar and seasonally adjusted,Male,From 15 to 64 years,Annual,2020,516.5,Normal value,False
Employed population by age groups,SVN,Slovenia,Employment,Persons,Calendar and seasonally adjusted,Male,From 15 to 64 years,Annual,2021,516.875,Normal value,False
Employed population by age groups,SVN,Slovenia,Employment,Persons,Calendar and seasonally adjusted,Male,From 15 to 64 years,Annual,2022,523.75,Normal value,False
Employed population by age groups,SVN,Slovenia,Employment,Persons,Calendar and seasonally adjusted,Male,From 15 to 64 years,Annual,2023,526.55,Normal value,False
Employed population by age groups,SVN,Slovenia,Employment,Persons,Calendar and seasonally adjusted,Male,From 15 to 64 years,Annual,2024,533.775,Normal value,False
Employed population by age groups,SVN,Slovenia,Employment,Persons,Calendar and seasonally adjusted,Male,From 15 to 64 years,Annual,2025,527.75,Normal value,False
Employed population by age groups,ESP,Spain,Employment,Persons,Calendar and seasonally adjusted,Male,From 15 to 64 years,Annual,2016,9910.5,Normal value,False
Employed population by age groups,ESP,Spain,Employment,Persons,Calendar and seasonally adjusted,Male,From 15 to 64 years,Annual,2017,10161.75,Normal value,False
Employed population by age groups,ESP,Spain,Employment,Persons,Calendar and seasonally adjusted,Male,From 15 to 64 years,Annual,2018,10419.75,Normal value,False
Employed population by age groups,ESP,Spain,Employment,Persons,Calendar and seasonally adjusted,Male,From 15 to 64 years,Annual,2019,10622.75,Normal value,False
Employed population by age groups,ESP,Spain,Employment,Persons,Calendar and seasonally adjusted,Male,From 15 to 64 years,Annual,2020,10288.25,Normal value,False
Employed population by age groups,ESP,Spain,Employment,Persons,Calendar and seasonally adjusted,Male,From 15 to 64 years,Annual,2021,10568.35,Normal value,False
Employed population by age groups,ESP,Spain,Employment,Persons,Calendar and seasonally adjusted,Male,From 15 to 64 years,Annual,2022,10939.97,Normal value,False
Employed population by age groups,ESP,Spain,Employment,Persons,Calendar and seasonally adjusted,Male,From 15 to 64 years,Annual,2023,11193.83,Normal value,False
Employed population by age groups,ESP,Spain,Employment,Persons,Calendar and seasonally adjusted,Male,From 15 to 64 years,Annual,2024,11403.7,Normal value,False
Employed population by age groups,ESP,Spain,Employment,Persons,Calendar and seasonally adjusted,Male,From 15 to 64 years,Annual,2025,11640.85,Normal value,False
Employed population by age groups,SWE,Sweden,Employment,Persons,Calendar and seasonally adjusted,Male,From 15 to 64 years,Annual,2016,2438.75,Normal value,False
Employed population by age groups,SWE,Sweden,Employment,Persons,Calendar and seasonally adjusted,Male,From 15 to 64 years,Annual,2017,2495.25,Normal value,False
Employed population by age groups,SWE,Sweden,Employment,Persons,Calendar and seasonally adjusted,Male,From 15 to 64 years,Annual,2018,2537.0,Normal value,False
Employed population by age groups,SWE,Sweden,Employment,Persons,Calendar and seasonally adjusted,Male,From 15 to 64 years,Annual,2019,2562.75,Normal value,False
Employed population by age groups,SWE,Sweden,Employment,Persons,Calendar and seasonally adjusted,Male,From 15 to 64 years,Annual,2020,2525.25,Normal value,False
Employed population by age groups,SWE,Sweden,Employment,Persons,Calendar and seasonally adjusted,Male,From 15 to 64 years,Annual,2021,2542.225,Normal value,False
Employed population by age groups,SWE,Sweden,Employment,Persons,Calendar and seasonally adjusted,Male,From 15 to 64 years,Annual,2022,2630.4,Normal value,False
Employed population by age groups,SWE,Sweden,Employment,Persons,Calendar and seasonally adjusted,Male,From 15 to 64 years,Annual,2023,2645.4,Normal value,False
Employed population by age groups,SWE,Sweden,Employment,Persons,Calendar and seasonally adjusted,Male,From 15 to 64 years,Annual,2024,2613.175,Normal value,False
Employed population by age groups,SWE,Sweden,Employment,Persons,Calendar and seasonally adjusted,Male,From 15 to 64 years,Annual,2025,2616.4,Normal value,False
Employed population by age groups,CHE,Switzerland,Employment,Persons,Calendar and seasonally adjusted,Male,From 15 to 64 years,Annual,2016,2348.5,Normal value,False
Employed population by age groups,CHE,Switzerland,Employment,Persons,Calendar and seasonally adjusted,Male,From 15 to 64 years,Annual,2017,2375.75,Normal value,False
Employed population by age groups,CHE,Switzerland,Employment,Persons,Calendar and seasonally adjusted,Male,From 15 to 64 years,Annual,2018,2390.25,Normal value,False
Employed population by age groups,CHE,Switzerland,Employment,Persons,Calendar and seasonally adjusted,Male,From 15 to 64 years,Annual,2019,2401.75,Normal value,False
Employed population by age groups,CHE,Switzerland,Employment,Persons,Calendar and seasonally adjusted,Male,From 15 to 64 years,Annual,2020,2395.0,Normal value,False
Employed population by age groups,CHE,Switzerland,Employment,Persons,Calendar and seasonally adjusted,Male,From 15 to 64 years,Annual,2021,2393.8,Normal value,False
Employed population by age groups,CHE,Switzerland,Employment,Persons,Calendar and seasonally adjusted,Male,From 15 to 64 years,Annual,2022,2426.525,Normal value,False
Employed population by age groups,CHE,Switzerland,Employment,Persons,Calendar and seasonally adjusted,Male,From 15 to 64 years,Annual,2023,2462.575,Normal value,False
Employed population by age groups,CHE,Switzerland,Employment,Persons,Calendar and seasonally adjusted,Male,From 15 to 64 years,Annual,2024,2463.15,Normal value,False
Employed population by age groups,CHE,Switzerland,Employment,Persons,Calendar and seasonally adjusted,Male,From 15 to 64 years,Annual,2025,2459.75,Normal value,False
Employed population by age groups,TUR,Türkiye,Employment,Persons,Calendar and seasonally adjusted,Male,From 15 to 64 years,Annual,2016,18354.0,Normal value,False
Employed population by age groups,TUR,Türkiye,Employment,Persons,Calendar and seasonally adjusted,Male,From 15 to 64 years,Annual,2017,18870.38,Normal value,False
Employed population by age groups,TUR,Türkiye,Employment,Persons,Calendar and seasonally adjusted,Male,From 15 to 64 years,Annual,2018,19090.8,Normal value,False
Employed population by age groups,TUR,Türkiye,Employment,Persons,Calendar and seasonally adjusted,Male,From 15 to 64 years,Annual,2019,18536.22,Normal value,False
Employed population by age groups,TUR,Türkiye,Employment,Persons,Calendar and seasonally adjusted,Male,From 15 to 64 years,Annual,2021,19155.0,Normal value,False
Employed population by age groups,TUR,Türkiye,Employment,Persons,Calendar and seasonally adjusted,Male,From 15 to 64 years,Annual,2022,20106.5,Normal value,False
Employed population by age groups,TUR,Türkiye,Employment,Persons,Calendar and seasonally adjusted,Male,From 15 to 64 years,Annual,2023,20553.0,Normal value,False
Employed population by age groups,TUR,Türkiye,Employment,Persons,Calendar and seasonally adjusted,Male,From 15 to 64 years,Annual,2024,20985.75,Normal value,False
Employed population by age groups,TUR,Türkiye,Employment,Persons,Calendar and seasonally adjusted,Male,From 15 to 64 years,Annual,2025,20970.5,Normal value,False
Employed population by age groups,GBR,United Kingdom,Employment,Persons,Calendar and seasonally adjusted,Male,From 15 to 64 years,Annual,2016,16157.75,Normal value,False
Employed population by age groups,GBR,United Kingdom,Employment,Persons,Calendar and seasonally adjusted,Male,From 15 to 64 years,Annual,2017,16274.75,Normal value,False
Employed population by age groups,GBR,United Kingdom,Employment,Persons,Calendar and seasonally adjusted,Male,From 15 to 64 years,Annual,2018,16439.0,Normal value,False
Employed population by age groups,GBR,United Kingdom,Employment,Persons,Calendar and seasonally adjusted,Male,From 15 to 64 years,Annual,2019,16370.75,Normal value,False
Employed population by age groups,GBR,United Kingdom,Employment,Persons,Calendar and seasonally adjusted,Male,From 15 to 64 years,Annual,2020,16043.0,Normal value,False
Employed population by age groups,GBR,United Kingdom,Employment,Persons,Calendar and seasonally adjusted,Male,From 15 to 64 years,Annual,2021,15954.75,Normal value,False
Employed population by age groups,GBR,United Kingdom,Employment,Persons,Calendar and seasonally adjusted,Male,From 15 to 64 years,Annual,2022,16190.75,Normal value,False
Employed population by age groups,GBR,United Kingdom,Employment,Persons,Calendar and seasonally adjusted,Male,From 15 to 64 years,Annual,2023,16377.5,Normal value,False
Employed population by age groups,GBR,United Kingdom,Employment,Persons,Calendar and seasonally adjusted,Male,From 15 to 64 years,Annual,2024,16403.0,Normal value,False
Employed population by age groups,GBR,United Kingdom,Employment,Persons,Calendar and seasonally adjusted,Male,From 15 to 64 years,Annual,2025,16606.5,Normal value,False
Employed population by age groups,USA,United States,Employment,Persons,Calendar and seasonally adjusted,Male,From 15 to 64 years,Annual,2016,75620.34,Normal value,False
Employed population by age groups,USA,United States,Employment,Persons,Calendar and seasonally adjusted,Male,From 15 to 64 years,Annual,2017,76291.34,Normal value,False
Employed population by age groups,USA,United States,Employment,Persons,Calendar and seasonally adjusted,Male,From 15 to 64 years,Annual,2018,77350.91,Normal value,False
Employed population by age groups,USA,United States,Employment,Persons,Calendar and seasonally adjusted,Male,From 15 to 64 years,Annual,2019,77761.5,Normal value,False
Employed population by age groups,USA,United States,Employment,Persons,Calendar and seasonally adjusted,Male,From 15 to 64 years,Annual,2020,73090.34,Normal value,False
Employed population by age groups,USA,United States,Employment,Persons,Calendar and seasonally adjusted,Male,From 15 to 64 years,Annual,2021,75179.84,Normal value,False
Employed population by age groups,USA,United States,Employment,Persons,Calendar and seasonally adjusted,Male,From 15 to 64 years,Annual,2022,78264.75,Normal value,False
Employed population by age groups,USA,United States,Employment,Persons,Calendar and seasonally adjusted,Male,From 15 to 64 years,Annual,2023,79557.75,Normal value,False
Employed population by age groups,USA,United States,Employment,Persons,Calendar and seasonally adjusted,Male,From 15 to 64 years,Annual,2024,79153.09,Normal value,False
Employed population by age groups,AUS,Australia,Employment,Persons,Calendar and seasonally adjusted,Female,From 15 to 64 years,Annual,2016,5392.408,Normal value,False
Employed population by age groups,AUS,Australia,Employment,Persons,Calendar and seasonally adjusted,Female,From 15 to 64 years,Annual,2017,5529.143,Normal value,False
Employed population by age groups,AUS,Australia,Employment,Persons,Calendar and seasonally adjusted,Female,From 15 to 64 years,Annual,2018,5677.412,Normal value,False
Employed population by age groups,AUS,Australia,Employment,Persons,Calendar and seasonally adjusted,Female,From 15 to 64 years,Annual,2019,5810.649,Normal value,False
Employed population by age groups,AUS,Australia,Employment,Persons,Calendar and seasonally adjusted,Female,From 15 to 64 years,Annual,2020,5721.246,Normal value,False
Employed population by age groups,AUS,Australia,Employment,Persons,Calendar and seasonally adjusted,Female,From 15 to 64 years,Annual,2021,5909.633,Normal value,False
Employed population by age groups,AUS,Australia,Employment,Persons,Calendar and seasonally adjusted,Female,From 15 to 64 years,Annual,2022,6219.804,Normal value,False
Employed population by age groups,AUS,Australia,Employment,Persons,Calendar and seasonally adjusted,Female,From 15 to 64 years,Annual,2023,6423.631,Normal value,False
Employed population by age groups,AUS,Australia,Employment,Persons,Calendar and seasonally adjusted,Female,From 15 to 64 years,Annual,2024,6551.139,Normal value,False
Employed population by age groups,AUS,Australia,Employment,Persons,Calendar and seasonally adjusted,Female,From 15 to 64 years,Annual,2025,6676.907,Normal value,False
Employed population by age groups,AUT,Austria,Employment,Persons,Calendar and seasonally adjusted,Female,From 15 to 64 years,Annual,2016,1955.5,Normal value,False
Employed population by age groups,AUT,Austria,Employment,Persons,Calendar and seasonally adjusted,Female,From 15 to 64 years,Annual,2017,1976.75,Normal value,False
Employed population by age groups,AUT,Austria,Employment,Persons,Calendar and seasonally adjusted,Female,From 15 to 64 years,Annual,2018,1993.25,Normal value,False
Employed population by age groups,AUT,Austria,Employment,Persons,Calendar and seasonally adjusted,Female,From 15 to 64 years,Annual,2019,2013.5,Normal value,False
Employed population by age groups,AUT,Austria,Employment,Persons,Calendar and seasonally adjusted,Female,From 15 to 64 years,Annual,2020,1966.5,Normal value,False
Employed population by age groups,AUT,Austria,Employment,Persons,Calendar and seasonally adjusted,Female,From 15 to 64 years,Annual,2021,1988.375,Normal value,False
Employed population by age groups,AUT,Austria,Employment,Persons,Calendar and seasonally adjusted,Female,From 15 to 64 years,Annual,2022,2058.1,Normal value,False
Employed population by age groups,AUT,Austria,Employment,Persons,Calendar and seasonally adjusted,Female,From 15 to 64 years,Annual,2023,2079.225,Normal value,False
Employed population by age groups,AUT,Austria,Employment,Persons,Calendar and seasonally adjusted,Female,From 15 to 64 years,Annual,2024,2092.1,Normal value,False
Employed population by age groups,AUT,Austria,Employment,Persons,Calendar and seasonally adjusted,Female,From 15 to 64 years,Annual,2025,2096.925,Normal value,False
Employed population by age groups,BEL,Belgium,Employment,Persons,Calendar and seasonally adjusted,Female,From 15 to 64 years,Annual,2017,2126.25,Normal value,False
Employed population by age groups,BEL,Belgium,Employment,Persons,Calendar and seasonally adjusted,Female,From 15 to 64 years,Annual,2018,2204.0,Normal value,False
Employed population by age groups,BEL,Belgium,Employment,Persons,Calendar and seasonally adjusted,Female,From 15 to 64 years,Annual,2019,2244.75,Normal value,False
Employed population by age groups,BEL,Belgium,Employment,Persons,Calendar and seasonally adjusted,Female,From 15 to 64 years,Annual,2020,2217.75,Normal value,False
Employed population by age groups,BEL,Belgium,Employment,Persons,Calendar and seasonally adjusted,Female,From 15 to 64 years,Annual,2021,2258.975,Normal value,False
Employed population by age groups,BEL,Belgium,Employment,Persons,Calendar and seasonally adjusted,Female,From 15 to 64 years,Annual,2022,2330.525,Normal value,False
Employed population by age groups,BEL,Belgium,Employment,Persons,Calendar and seasonally adjusted,Female,From 15 to 64 years,Annual,2023,2346.625,Normal value,False
Employed population by age groups,BEL,Belgium,Employment,Persons,Calendar and seasonally adjusted,Female,From 15 to 64 years,Annual,2024,2353.525,Normal value,False
Employed population by age groups,BEL,Belgium,Employment,Persons,Calendar and seasonally adjusted,Female,From 15 to 64 years,Annual,2025,2395.025,Normal value,False
Employed population by age groups,CAN,Canada,Employment,Persons,Calendar and seasonally adjusted,Female,From 15 to 64 years,Annual,2016,8248.092,Normal value,False
Employed population by age groups,CAN,Canada,Employment,Persons,Calendar and seasonally adjusted,Female,From 15 to 64 years,Annual,2017,8408.75,Normal value,False
Employed population by age groups,CAN,Canada,Employment,Persons,Calendar and seasonally adjusted,Female,From 15 to 64 years,Annual,2018,8541.458,Normal value,False
Employed population by age groups,CAN,Canada,Employment,Persons,Calendar and seasonally adjusted,Female,From 15 to 64 years,Annual,2019,8695.208,Normal value,False
Employed population by age groups,CAN,Canada,Employment,Persons,Calendar and seasonally adjusted,Female,From 15 to 64 years,Annual,2020,8181.8,Normal value,False
Employed population by age groups,CAN,Canada,Employment,Persons,Calendar and seasonally adjusted,Female,From 15 to 64 years,Annual,2021,8623.042,Normal value,False
Employed population by age groups,CAN,Canada,Employment,Persons,Calendar and seasonally adjusted,Female,From 15 to 64 years,Annual,2022,8987.233,Normal value,False
Employed population by age groups,CAN,Canada,Employment,Persons,Calendar and seasonally adjusted,Female,From 15 to 64 years,Annual,2023,9222.417,Normal value,False
Employed population by age groups,CAN,Canada,Employment,Persons,Calendar and seasonally adjusted,Female,From 15 to 64 years,Annual,2024,9361.35,Normal value,False
Employed population by age groups,CAN,Canada,Employment,Persons,Calendar and seasonally adjusted,Female,From 15 to 64 years,Annual,2025,9462.934,Normal value,False
Employed population by age groups,COL,Colombia,Employment,Persons,Calendar and seasonally adjusted,Female,From 15 to 64 years,Annual,2016,8713.205,Normal value,False
Employed population by age groups,COL,Colombia,Employment,Persons,Calendar and seasonally adjusted,Female,From 15 to 64 years,Annual,2017,8842.683,Normal value,False
Employed population by age groups,COL,Colombia,Employment,Persons,Calendar and seasonally adjusted,Female,From 15 to 64 years,Annual,2018,8896.717,Normal value,False
Employed population by age groups,COL,Colombia,Employment,Persons,Calendar and seasonally adjusted,Female,From 15 to 64 years,Annual,2019,8917.628,Normal value,False
Employed population by age groups,COL,Colombia,Employment,Persons,Calendar and seasonally adjusted,Female,From 15 to 64 years,Annual,2020,7682.288,Normal value,False
Employed population by age groups,COL,Colombia,Employment,Persons,Calendar and seasonally adjusted,Female,From 15 to 64 years,Annual,2021,7705.569,Normal value,False
Employed population by age groups,COL,Colombia,Employment,Persons,Calendar and seasonally adjusted,Female,From 15 to 64 years,Annual,2022,8629.735,Normal value,False
Employed population by age groups,COL,Colombia,Employment,Persons,Calendar and seasonally adjusted,Female,From 15 to 64 years,Annual,2023,9035.048,Normal value,False
Employed population by age groups,COL,Colombia,Employment,Persons,Calendar and seasonally adjusted,Female,From 15 to 64 years,Annual,2024,9112.374,Normal value,False
Employed population by age groups,COL,Colombia,Employment,Persons,Calendar and seasonally adjusted,Female,From 15 to 64 years,Annual,2025,9432.834,Normal value,False
Employed population by age groups,CRI,Costa Rica,Employment,Persons,Calendar and seasonally adjusted,Female,From 15 to 64 years,Annual,2016,719.128,Normal value,False
Employed population by age groups,CRI,Costa Rica,Employment,Persons,Calendar and seasonally adjusted,Female,From 15 to 64 years,Annual,2017,737.8495,Normal value,False
Employed population by age groups,CRI,Costa Rica,Employment,Persons,Calendar and seasonally adjusted,Female,From 15 to 64 years,Annual,2018,770.2507,Normal value,False
Employed population by age groups,CRI,Costa Rica,Employment,Persons,Calendar and seasonally adjusted,Female,From 15 to 64 years,Annual,2019,812.4435,Normal value,False
Employed population by age groups,CRI,Costa Rica,Employment,Persons,Calendar and seasonally adjusted,Female,From 15 to 64 years,Annual,2020,691.5835,Normal value,False
Employed population by age groups,CRI,Costa Rica,Employment,Persons,Calendar and seasonally adjusted,Female,From 15 to 64 years,Annual,2021,743.2908,Normal value,False
Employed population by age groups,CRI,Costa Rica,Employment,Persons,Calendar and seasonally adjusted,Female,From 15 to 64 years,Annual,2022,805.7753,Normal value,False
Employed population by age groups,CRI,Costa Rica,Employment,Persons,Calendar and seasonally adjusted,Female,From 15 to 64 years,Annual,2023,760.072,Normal value,False
Employed population by age groups,CRI,Costa Rica,Employment,Persons,Calendar and seasonally adjusted,Female,From 15 to 64 years,Annual,2024,832.54,Normal value,False
Employed population by age groups,CRI,Costa Rica,Employment,Persons,Calendar and seasonally adjusted,Female,From 15 to 64 years,Annual,2025,829.762,Normal value,False
Employed population by age groups,CZE,Czechia,Employment,Persons,Calendar and seasonally adjusted,Female,From 15 to 64 years,Annual,2016,2210.3,Normal value,False
Employed population by age groups,CZE,Czechia,Employment,Persons,Calendar and seasonally adjusted,Female,From 15 to 64 years,Annual,2017,2251.025,Normal value,False
Employed population by age groups,CZE,Czechia,Employment,Persons,Calendar and seasonally adjusted,Female,From 15 to 64 years,Annual,2018,2285.175,Normal value,False
Employed population by age groups,CZE,Czechia,Employment,Persons,Calendar and seasonally adjusted,Female,From 15 to 64 years,Annual,2019,2288.1,Normal value,False
Employed population by age groups,CZE,Czechia,Employment,Persons,Calendar and seasonally adjusted,Female,From 15 to 64 years,Annual,2020,2244.85,Normal value,False
Employed population by age groups,CZE,Czechia,Employment,Persons,Calendar and seasonally adjusted,Female,From 15 to 64 years,Annual,2022,2223.525,Normal value,False
Employed population by age groups,CZE,Czechia,Employment,Persons,Calendar and seasonally adjusted,Female,From 15 to 64 years,Annual,2023,2145.025,Normal value,False
Employed population by age groups,CZE,Czechia,Employment,Persons,Calendar and seasonally adjusted,Female,From 15 to 64 years,Annual,2024,2267.0,Normal value,False
Employed population by age groups,CZE,Czechia,Employment,Persons,Calendar and seasonally adjusted,Female,From 15 to 64 years,Annual,2025,2361.1,Normal value,False
Employed population by age groups,DNK,Denmark,Employment,Persons,Calendar and seasonally adjusted,Female,From 15 to 64 years,Annual,2017,1284.425,Normal value,False
Employed population by age groups,DNK,Denmark,Employment,Persons,Calendar and seasonally adjusted,Female,From 15 to 64 years,Annual,2018,1303.05,Normal value,False
Employed population by age groups,DNK,Denmark,Employment,Persons,Calendar and seasonally adjusted,Female,From 15 to 64 years,Annual,2019,1320.425,Normal value,False
Employed population by age groups,DNK,Denmark,Employment,Persons,Calendar and seasonally adjusted,Female,From 15 to 64 years,Annual,2020,1308.4,Normal value,False
Employed population by age groups,DNK,Denmark,Employment,Persons,Calendar and seasonally adjusted,Female,From 15 to 64 years,Annual,2021,1330.15,Normal value,False
Employed population by age groups,DNK,Denmark,Employment,Persons,Calendar and seasonally adjusted,Female,From 15 to 64 years,Annual,2022,1377.775,Normal value,False
Employed population by age groups,DNK,Denmark,Employment,Persons,Calendar and seasonally adjusted,Female,From 15 to 64 years,Annual,2023,1383.85,Normal value,False
Employed population by age groups,DNK,Denmark,Employment,Persons,Calendar and seasonally adjusted,Female,From 15 to 64 years,Annual,2024,1395.55,Normal value,False
Employed population by age groups,DNK,Denmark,Employment,Persons,Calendar and seasonally adjusted,Female,From 15 to 64 years,Annual,2025,1397.475,Normal value,False
Employed population by age groups,EST,Estonia,Employment,Persons,Calendar and seasonally adjusted,Female,From 15 to 64 years,Annual,2016,298.75,Normal value,False
Employed population by age groups,EST,Estonia,Employment,Persons,Calendar and seasonally adjusted,Female,From 15 to 64 years,Annual,2017,307.5,Normal value,False
Employed population by age groups,EST,Estonia,Employment,Persons,Calendar and seasonally adjusted,Female,From 15 to 64 years,Annual,2018,305.75,Normal value,False
Employed population by age groups,EST,Estonia,Employment,Persons,Calendar and seasonally adjusted,Female,From 15 to 64 years,Annual,2019,307.25,Normal value,False
Employed population by age groups,EST,Estonia,Employment,Persons,Calendar and seasonally adjusted,Female,From 15 to 64 years,Annual,2020,301.25,Normal value,False
Employed population by age groups,EST,Estonia,Employment,Persons,Calendar and seasonally adjusted,Female,From 15 to 64 years,Annual,2021,300.55,Normal value,False
Employed population by age groups,EST,Estonia,Employment,Persons,Calendar and seasonally adjusted,Female,From 15 to 64 years,Annual,2022,311.875,Normal value,False
Employed population by age groups,EST,Estonia,Employment,Persons,Calendar and seasonally adjusted,Female,From 15 to 64 years,Annual,2023,323.075,Normal value,False
Employed population by age groups,EST,Estonia,Employment,Persons,Calendar and seasonally adjusted,Female,From 15 to 64 years,Annual,2024,324.975,Normal value,False
Employed population by age groups,EST,Estonia,Employment,Persons,Calendar and seasonally adjusted,Female,From 15 to 64 years,Annual,2025,323.35,Normal value,False
Employed population by age groups,FIN,Finland,Employment,Persons,Calendar and seasonally adjusted,Female,From 15 to 64 years,Annual,2016,1140.75,Normal value,False
Employed population by age groups,FIN,Finland,Employment,Persons,Calendar and seasonally adjusted,Female,From 15 to 64 years,Annual,2017,1147.75,Normal value,False
Employed population by age groups,FIN,Finland,Employment,Persons,Calendar and seasonally adjusted,Female,From 15 to 64 years,Annual,2018,1179.0,Normal value,False
Employed population by age groups,FIN,Finland,Employment,Persons,Calendar and seasonally adjusted,Female,From 15 to 64 years,Annual,2019,1189.5,Normal value,False
Employed population by age groups,FIN,Finland,Employment,Persons,Calendar and seasonally adjusted,Female,From 15 to 64 years,Annual,2020,1169.0,Normal value,False
Employed population by age groups,FIN,Finland,Employment,Persons,Calendar and seasonally adjusted,Female,From 15 to 64 years,Annual,2021,1198.425,Normal value,False
Employed population by age groups,FIN,Finland,Employment,Persons,Calendar and seasonally adjusted,Female,From 15 to 64 years,Annual,2022,1234.7,Normal value,False
Employed population by age groups,FIN,Finland,Employment,Persons,Calendar and seasonally adjusted,Female,From 15 to 64 years,Annual,2023,1245.675,Normal value,False
Employed population by age groups,FIN,Finland,Employment,Persons,Calendar and seasonally adjusted,Female,From 15 to 64 years,Annual,2024,1227.425,Normal value,False
Employed population by age groups,FIN,Finland,Employment,Persons,Calendar and seasonally adjusted,Female,From 15 to 64 years,Annual,2025,1217.775,Normal value,False
Employed population by age groups,FRA,France,Employment,Persons,Calendar and seasonally adjusted,Female,From 15 to 64 years,Annual,2016,12940.5,Normal value,False
Employed population by age groups,FRA,France,Employment,Persons,Calendar and seasonally adjusted,Female,From 15 to 64 years,Annual,2017,12994.75,Normal value,False
Employed population by age groups,FRA,France,Employment,Persons,Calendar and seasonally adjusted,Female,From 15 to 64 years,Annual,2018,13131.0,Normal value,False
Employed population by age groups,FRA,France,Employment,Persons,Calendar and seasonally adjusted,Female,From 15 to 64 years,Annual,2019,13234.5,Normal value,False
Employed population by age groups,FRA,France,Employment,Persons,Calendar and seasonally adjusted,Female,From 15 to 64 years,Annual,2020,13179.25,Normal value,False
Employed population by age groups,FRA,France,Employment,Persons,Calendar and seasonally adjusted,Female,From 15 to 64 years,Annual,2021,13363.22,Normal value,False
Employed population by age groups,FRA,France,Employment,Persons,Calendar and seasonally adjusted,Female,From 15 to 64 years,Annual,2022,13644.92,Normal value,False
Employed population by age groups,FRA,France,Employment,Persons,Calendar and seasonally adjusted,Female,From 15 to 64 years,Annual,2023,13752.63,Normal value,False
Employed population by age groups,FRA,France,Employment,Persons,Calendar and seasonally adjusted,Female,From 15 to 64 years,Annual,2024,13872.7,Normal value,False
Employed population by age groups,FRA,France,Employment,Persons,Calendar and seasonally adjusted,Female,From 15 to 64 years,Annual,2025,14051.6,Normal value,False
Employed population by age groups,DEU,Germany,Employment,Persons,Calendar and seasonally adjusted,Female,From 15 to 64 years,Annual,2016,18446.75,Normal value,False
Employed population by age groups,DEU,Germany,Employment,Persons,Calendar and seasonally adjusted,Female,From 15 to 64 years,Annual,2017,18559.0,Normal value,False
Employed population by age groups,DEU,Germany,Employment,Persons,Calendar and seasonally adjusted,Female,From 15 to 64 years,Annual,2018,18626.75,Normal value,False
Employed population by age groups,DEU,Germany,Employment,Persons,Calendar and seasonally adjusted,Female,From 15 to 64 years,Annual,2021,18588.43,Normal value,False
Employed population by age groups,DEU,Germany,Employment,Persons,Calendar and seasonally adjusted,Female,From 15 to 64 years,Annual,2022,19033.07,Normal value,False
Employed population by age groups,DEU,Germany,Employment,Persons,Calendar and seasonally adjusted,Female,From 15 to 64 years,Annual,2023,19234.55,Normal value,False
Employed population by age groups,DEU,Germany,Employment,Persons,Calendar and seasonally adjusted,Female,From 15 to 64 years,Annual,2024,19295.6,Normal value,False
Employed population by age groups,DEU,Germany,Employment,Persons,Calendar and seasonally adjusted,Female,From 15 to 64 years,Annual,2025,19310.32,Normal value,False
Employed population by age groups,GRC,Greece,Employment,Persons,Calendar and seasonally adjusted,Female,From 15 to 64 years,Annual,2016,1500.0,Normal value,False
Employed population by age groups,GRC,Greece,Employment,Persons,Calendar and seasonally adjusted,Female,From 15 to 64 years,Annual,2017,1526.0,Normal value,False
Employed population by age groups,GRC,Greece,Employment,Persons,Calendar and seasonally adjusted,Female,From 15 to 64 years,Annual,2018,1538.25,Normal value,False
Employed population by age groups,GRC,Greece,Employment,Persons,Calendar and seasonally adjusted,Female,From 15 to 64 years,Annual,2019,1593.5,Normal value,False
Employed population by age groups,GRC,Greece,Employment,Persons,Calendar and seasonally adjusted,Female,From 15 to 64 years,Annual,2020,1515.25,Normal value,False
Employed population by age groups,GRC,Greece,Employment,Persons,Calendar and seasonally adjusted,Female,From 15 to 64 years,Annual,2021,1622.25,Normal value,False
Employed population by age groups,GRC,Greece,Employment,Persons,Calendar and seasonally adjusted,Female,From 15 to 64 years,Annual,2022,1709.175,Normal value,False
Employed population by age groups,GRC,Greece,Employment,Persons,Calendar and seasonally adjusted,Female,From 15 to 64 years,Annual,2023,1751.425,Normal value,False
Employed population by age groups,GRC,Greece,Employment,Persons,Calendar and seasonally adjusted,Female,From 15 to 64 years,Annual,2024,1794.6,Normal value,False
Employed population by age groups,GRC,Greece,Employment,Persons,Calendar and seasonally adjusted,Female,From 15 to 64 years,Annual,2025,1841.575,Normal value,False
Employed population by age groups,HUN,Hungary,Employment,Persons,Calendar and seasonally adjusted,Female,From 15 to 64 years,Annual,2016,1972.025,Normal value,False
Employed population by age groups,HUN,Hungary,Employment,Persons,Calendar and seasonally adjusted,Female,From 15 to 64 years,Annual,2018,1982.6,Normal value,False
Employed population by age groups,HUN,Hungary,Employment,Persons,Calendar and seasonally adjusted,Female,From 15 to 64 years,Annual,2019,1980.475,Normal value,False
Employed population by age groups,HUN,Hungary,Employment,Persons,Calendar and seasonally adjusted,Female,From 15 to 64 years,Annual,2021,2094.125,Normal value,False
Employed population by age groups,HUN,Hungary,Employment,Persons,Calendar and seasonally adjusted,Female,From 15 to 64 years,Annual,2022,2130.575,Normal value,False
Employed population by age groups,HUN,Hungary,Employment,Persons,Calendar and seasonally adjusted,Female,From 15 to 64 years,Annual,2023,2140.0,Normal value,False
Employed population by age groups,HUN,Hungary,Employment,Persons,Calendar and seasonally adjusted,Female,From 15 to 64 years,Annual,2024,2154.7,Normal value,False
Employed population by age groups,HUN,Hungary,Employment,Persons,Calendar and seasonally adjusted,Female,From 15 to 64 years,Annual,2025,2134.3,Normal value,False
Employed population by age groups,ISL,Iceland,Employment,Persons,Calendar and seasonally adjusted,Female,From 15 to 64 years,Annual,2016,85.25,Normal value,False
Employed population by age groups,ISL,Iceland,Employment,Persons,Calendar and seasonally adjusted,Female,From 15 to 64 years,Annual,2017,86.5,Normal value,False
Employed population by age groups,ISL,Iceland,Employment,Persons,Calendar and seasonally adjusted,Female,From 15 to 64 years,Annual,2018,87.5,Normal value,False
Employed population by age groups,ISL,Iceland,Employment,Persons,Calendar and seasonally adjusted,Female,From 15 to 64 years,Annual,2019,89.25,Normal value,False
Employed population by age groups,ISL,Iceland,Employment,Persons,Calendar and seasonally adjusted,Female,From 15 to 64 years,Annual,2021,86.05,Normal value,False
Employed population by age groups,ISL,Iceland,Employment,Persons,Calendar and seasonally adjusted,Female,From 15 to 64 years,Annual,2022,93.025,Normal value,False
Employed population by age groups,ISL,Iceland,Employment,Persons,Calendar and seasonally adjusted,Female,From 15 to 64 years,Annual,2023,95.85,Normal value,False
Employed population by age groups,ISL,Iceland,Employment,Persons,Calendar and seasonally adjusted,Female,From 15 to 64 years,Annual,2024,99.225,Normal value,False
Employed population by age groups,IRL,Ireland,Employment,Persons,Calendar and seasonally adjusted,Female,From 15 to 64 years,Annual,2016,957.5,Normal value,False
Employed population by age groups,IRL,Ireland,Employment,Persons,Calendar and seasonally adjusted,Female,From 15 to 64 years,Annual,2017,986.25,Normal value,False
Employed population by age groups,IRL,Ireland,Employment,Persons,Calendar and seasonally adjusted,Female,From 15 to 64 years,Annual,2018,1009.5,Normal value,False
Employed population by age groups,IRL,Ireland,Employment,Persons,Calendar and seasonally adjusted,Female,From 15 to 64 years,Annual,2019,1039.25,Normal value,False
Employed population by age groups,IRL,Ireland,Employment,Persons,Calendar and seasonally adjusted,Female,From 15 to 64 years,Annual,2020,1000.25,Normal value,False
Employed population by age groups,IRL,Ireland,Employment,Persons,Calendar and seasonally adjusted,Female,From 15 to 64 years,Annual,2021,1098.95,Normal value,False
Employed population by age groups,IRL,Ireland,Employment,Persons,Calendar and seasonally adjusted,Female,From 15 to 64 years,Annual,2022,1176.2,Normal value,False
Employed population by age groups,IRL,Ireland,Employment,Persons,Calendar and seasonally adjusted,Female,From 15 to 64 years,Annual,2023,1228.325,Normal value,False
Employed population by age groups,IRL,Ireland,Employment,Persons,Calendar and seasonally adjusted,Female,From 15 to 64 years,Annual,2024,1263.175,Normal value,False
Employed population by age groups,IRL,Ireland,Employment,Persons,Calendar and seasonally adjusted,Female,From 15 to 64 years,Annual,2025,1285.75,Normal value,False
Employed population by age groups,ISR,Israel,Employment,Persons,Calendar and seasonally adjusted,Female,From 15 to 64 years,Annual,2016,1691.375,Normal value,False
Employed population by age groups,ISR,Israel,Employment,Persons,Calendar and seasonally adjusted,Female,From 15 to 64 years,Annual,2017,1729.0,Normal value,False
Employed population by age groups,ISR,Israel,Employment,Persons,Calendar and seasonally adjusted,Female,From 15 to 64 years,Annual,2018,1781.4,Normal value,False
Employed population by age groups,ISR,Israel,Employment,Persons,Calendar and seasonally adjusted,Female,From 15 to 64 years,Annual,2019,1806.517,Normal value,False
Employed population by age groups,ISR,Israel,Employment,Persons,Calendar and seasonally adjusted,Female,From 15 to 64 years,Annual,2020,1794.217,Normal value,False
Employed population by age groups,ISR,Israel,Employment,Persons,Calendar and seasonally adjusted,Female,From 15 to 64 years,Annual,2021,1825.442,Normal value,False
Employed population by age groups,ISR,Israel,Employment,Persons,Calendar and seasonally adjusted,Female,From 15 to 64 years,Annual,2022,1935.167,Normal value,False
Employed population by age groups,ISR,Israel,Employment,Persons,Calendar and seasonally adjusted,Female,From 15 to 64 years,Annual,2023,1991.5,Normal value,False
Employed population by age groups,ISR,Israel,Employment,Persons,Calendar and seasonally adjusted,Female,From 15 to 64 years,Annual,2025,1999.475,Normal value,False
Employed population by age groups,ITA,Italy,Employment,Persons,Calendar and seasonally adjusted,Female,From 15 to 64 years,Annual,2016,9290.0,Normal value,False
Employed population by age groups,ITA,Italy,Employment,Persons,Calendar and seasonally adjusted,Female,From 15 to 64 years,Annual,2017,9414.75,Normal value,False
Employed population by age groups,ITA,Italy,Employment,Persons,Calendar and seasonally adjusted,Female,From 15 to 64 years,Annual,2018,9489.75,Normal value,False
Employed population by age groups,ITA,Italy,Employment,Persons,Calendar and seasonally adjusted,Female,From 15 to 64 years,Annual,2019,9563.5,Normal value,False
Employed population by age groups,ITA,Italy,Employment,Persons,Calendar and seasonally adjusted,Female,From 15 to 64 years,Annual,2020,9180.0,Normal value,False
Employed population by age groups,ITA,Italy,Employment,Persons,Calendar and seasonally adjusted,Female,From 15 to 64 years,Annual,2021,9290.45,Normal value,False
Employed population by age groups,ITA,Italy,Employment,Persons,Calendar and seasonally adjusted,Female,From 15 to 64 years,Annual,2022,9528.1,Normal value,False
Employed population by age groups,ITA,Italy,Employment,Persons,Calendar and seasonally adjusted,Female,From 15 to 64 years,Annual,2023,9740.225,Normal value,False
Employed population by age groups,ITA,Italy,Employment,Persons,Calendar and seasonally adjusted,Female,From 15 to 64 years,Annual,2024,9895.3,Normal value,False
Employed population by age groups,ITA,Italy,Employment,Persons,Calendar and seasonally adjusted,Female,From 15 to 64 years,Annual,2025,9959.0,Normal value,False
Employed population by age groups,JPN,Japan,Employment,Persons,Calendar and seasonally adjusted,Female,From 15 to 64 years,Annual,2016,25049.17,Normal value,False
Employed population by age groups,JPN,Japan,Employment,Persons,Calendar and seasonally adjusted,Female,From 15 to 64 years,Annual,2017,25422.5,Normal value,False
Employed population by age groups,JPN,Japan,Employment,Persons,Calendar and seasonally adjusted,Female,From 15 to 64 years,Annual,2018,26065.83,Normal value,False
Employed population by age groups,JPN,Japan,Employment,Persons,Calendar and seasonally adjusted,Female,From 15 to 64 years,Annual,2019,26446.67,Normal value,False
Employed population by age groups,JPN,Japan,Employment,Persons,Calendar and seasonally adjusted,Female,From 15 to 64 years,Annual,2020,26196.67,Normal value,False
Employed population by age groups,JPN,Japan,Employment,Persons,Calendar and seasonally adjusted,Female,From 15 to 64 years,Annual,2021,26292.5,Normal value,False
Employed population by age groups,JPN,Japan,Employment,Persons,Calendar and seasonally adjusted,Female,From 15 to 64 years,Annual,2022,26492.5,Normal value,False
Employed population by age groups,JPN,Japan,Employment,Persons,Calendar and seasonally adjusted,Female,From 15 to 64 years,Annual,2023,26710.83,Normal value,False
Employed population by age groups,JPN,Japan,Employment,Persons,Calendar and seasonally adjusted,Female,From 15 to 64 years,Annual,2024,26903.33,Normal value,False
Employed population by age groups,JPN,Japan,Employment,Persons,Calendar and seasonally adjusted,Female,From 15 to 64 years,Annual,2025,27254.17,Normal value,False
Employed population by age groups,KOR,Korea,Employment,Persons,Calendar and seasonally adjusted,Female,From 15 to 64 years,Annual,2016,10269.38,Normal value,False
Employed population by age groups,KOR,Korea,Employment,Persons,Calendar and seasonally adjusted,Female,From 15 to 64 years,Annual,2017,10398.62,Normal value,False
Employed population by age groups,KOR,Korea,Employment,Persons,Calendar and seasonally adjusted,Female,From 15 to 64 years,Annual,2018,10433.37,Normal value,False
Employed population by age groups,KOR,Korea,Employment,Persons,Calendar and seasonally adjusted,Female,From 15 to 64 years,Annual,2019,10526.58,Normal value,False
Employed population by age groups,KOR,Korea,Employment,Persons,Calendar and seasonally adjusted,Female,From 15 to 64 years,Annual,2020,10276.67,Normal value,False
Employed population by age groups,KOR,Korea,Employment,Persons,Calendar and seasonally adjusted,Female,From 15 to 64 years,Annual,2021,10396.64,Normal value,False
Employed population by age groups,KOR,Korea,Employment,Persons,Calendar and seasonally adjusted,Female,From 15 to 64 years,Annual,2022,10738.29,Normal value,False
Employed population by age groups,KOR,Korea,Employment,Persons,Calendar and seasonally adjusted,Female,From 15 to 64 years,Annual,2023,10890.66,Normal value,False
Employed population by age groups,KOR,Korea,Employment,Persons,Calendar and seasonally adjusted,Female,From 15 to 64 years,Annual,2024,10907.6,Normal value,False
Employed population by age groups,KOR,Korea,Employment,Persons,Calendar and seasonally adjusted,Female,From 15 to 64 years,Annual,2025,10916.78,Normal value,False
Employed population by age groups,LVA,Latvia,Employment,Persons,Calendar and seasonally adjusted,Female,From 15 to 64 years,Annual,2016,436.0,Normal value,False
Employed population by age groups,LVA,Latvia,Employment,Persons,Calendar and seasonally adjusted,Female,From 15 to 64 years,Annual,2017,433.25,Normal value,False
Employed population by age groups,LVA,Latvia,Employment,Persons,Calendar and seasonally adjusted,Female,From 15 to 64 years,Annual,2018,438.25,Normal value,False
Employed population by age groups,LVA,Latvia,Employment,Persons,Calendar and seasonally adjusted,Female,From 15 to 64 years,Annual,2019,436.25,Normal value,False
Employed population by age groups,LVA,Latvia,Employment,Persons,Calendar and seasonally adjusted,Female,From 15 to 64 years,Annual,2020,426.5,Normal value,False
Employed population by age groups,LVA,Latvia,Employment,Persons,Calendar and seasonally adjusted,Female,From 15 to 64 years,Annual,2021,408.225,Normal value,False
Employed population by age groups,LVA,Latvia,Employment,Persons,Calendar and seasonally adjusted,Female,From 15 to 64 years,Annual,2022,422.775,Normal value,False
Employed population by age groups,LVA,Latvia,Employment,Persons,Calendar and seasonally adjusted,Female,From 15 to 64 years,Annual,2023,417.75,Normal value,False
Employed population by age groups,LVA,Latvia,Employment,Persons,Calendar and seasonally adjusted,Female,From 15 to 64 years,Annual,2024,413.075,Normal value,False
Employed population by age groups,LVA,Latvia,Employment,Persons,Calendar and seasonally adjusted,Female,From 15 to 64 years,Annual,2025,415.875,Normal value,False
Employed population by age groups,LTU,Lithuania,Employment,Persons,Calendar and seasonally adjusted,Female,From 15 to 64 years,Annual,2016,674.25,Normal value,False
Employed population by age groups,LTU,Lithuania,Employment,Persons,Calendar and seasonally adjusted,Female,From 15 to 64 years,Annual,2017,669.75,Normal value,False
Employed population by age groups,LTU,Lithuania,Employment,Persons,Calendar and seasonally adjusted,Female,From 15 to 64 years,Annual,2018,669.25,Normal value,False
Employed population by age groups,LTU,Lithuania,Employment,Persons,Calendar and seasonally adjusted,Female,From 15 to 64 years,Annual,2019,668.5,Normal value,False
Employed population by age groups,LTU,Lithuania,Employment,Persons,Calendar and seasonally adjusted,Female,From 15 to 64 years,Annual,2020,647.5,Normal value,False
Employed population by age groups,LTU,Lithuania,Employment,Persons,Calendar and seasonally adjusted,Female,From 15 to 64 years,Annual,2021,649.75,Normal value,False
Employed population by age groups,LTU,Lithuania,Employment,Persons,Calendar and seasonally adjusted,Female,From 15 to 64 years,Annual,2022,690.5,Normal value,False
Employed population by age groups,LTU,Lithuania,Employment,Persons,Calendar and seasonally adjusted,Female,From 15 to 64 years,Annual,2023,682.9,Normal value,False
Employed population by age groups,LTU,Lithuania,Employment,Persons,Calendar and seasonally adjusted,Female,From 15 to 64 years,Annual,2024,679.35,Normal value,False
Employed population by age groups,LTU,Lithuania,Employment,Persons,Calendar and seasonally adjusted,Female,From 15 to 64 years,Annual,2025,688.525,Normal value,False
Employed population by age groups,LUX,Luxembourg,Employment,Persons,Calendar and seasonally adjusted,Female,From 15 to 64 years,Annual,2016,117.4,Normal value,False
Employed population by age groups,LUX,Luxembourg,Employment,Persons,Calendar and seasonally adjusted,Female,From 15 to 64 years,Annual,2017,125.3,Normal value,False
Employed population by age groups,LUX,Luxembourg,Employment,Persons,Calendar and seasonally adjusted,Female,From 15 to 64 years,Annual,2018,129.225,Normal value,False
Employed population by age groups,LUX,Luxembourg,Employment,Persons,Calendar and seasonally adjusted,Female,From 15 to 64 years,Annual,2019,131.975,Normal value,False
Employed population by age groups,LUX,Luxembourg,Employment,Persons,Calendar and seasonally adjusted,Female,From 15 to 64 years,Annual,2021,141.175,Normal value,False
Employed population by age groups,LUX,Luxembourg,Employment,Persons,Calendar and seasonally adjusted,Female,From 15 to 64 years,Annual,2022,144.625,Normal value,False
Employed population by age groups,LUX,Luxembourg,Employment,Persons,Calendar and seasonally adjusted,Female,From 15 to 64 years,Annual,2023,148.025,Normal value,False
Employed population by age groups,LUX,Luxembourg,Employment,Persons,Calendar and seasonally adjusted,Female,From 15 to 64 years,Annual,2024,151.425,Normal value,False
Employed population by age groups,LUX,Luxembourg,Employment,Persons,Calendar and seasonally adjusted,Female,From 15 to 64 years,Annual,2025,151.625,Normal value,False
Employed population by age groups,MEX,Mexico,Employment,Persons,Calendar and seasonally adjusted,Female,From 15 to 64 years,Annual,2016,18899.55,Normal value,False
Employed population by age groups,MEX,Mexico,Employment,Persons,Calendar and seasonally adjusted,Female,From 15 to 64 years,Annual,2017,18883.56,Normal value,False
Employed population by age groups,MEX,Mexico,Employment,Persons,Calendar and seasonally adjusted,Female,From 15 to 64 years,Annual,2018,19508.96,Normal value,False
Employed population by age groups,MEX,Mexico,Employment,Persons,Calendar and seasonally adjusted,Female,From 15 to 64 years,Annual,2019,20386.61,Normal value,False
Employed population by age groups,MEX,Mexico,Employment,Persons,Calendar and seasonally adjusted,Female,From 15 to 64 years,Annual,2021,20664.37,Normal value,False
Employed population by age groups,MEX,Mexico,Employment,Persons,Calendar and seasonally adjusted,Female,From 15 to 64 years,Annual,2022,21902.39,Normal value,False
Employed population by age groups,MEX,Mexico,Employment,Persons,Calendar and seasonally adjusted,Female,From 15 to 64 years,Annual,2023,22840.0,Normal value,False
Employed population by age groups,MEX,Mexico,Employment,Persons,Calendar and seasonally adjusted,Female,From 15 to 64 years,Annual,2024,23151.9,Normal value,False
Employed population by age groups,MEX,Mexico,Employment,Persons,Calendar and seasonally adjusted,Female,From 15 to 64 years,Annual,2025,23136.04,Normal value,False
Employed population by age groups,NLD,Netherlands,Employment,Persons,Calendar and seasonally adjusted,Female,From 15 to 64 years,Annual,2016,3940.5,Normal value,False
Employed population by age groups,NLD,Netherlands,Employment,Persons,Calendar and seasonally adjusted,Female,From 15 to 64 years,Annual,2017,4027.25,Normal value,False
Employed population by age groups,NLD,Netherlands,Employment,Persons,Calendar and seasonally adjusted,Female,From 15 to 64 years,Annual,2018,4119.5,Normal value,False
Employed population by age groups,NLD,Netherlands,Employment,Persons,Calendar and seasonally adjusted,Female,From 15 to 64 years,Annual,2019,4204.25,Normal value,False
Employed population by age groups,NLD,Netherlands,Employment,Persons,Calendar and seasonally adjusted,Female,From 15 to 64 years,Annual,2020,4206.75,Normal value,False
Employed population by age groups,NLD,Netherlands,Employment,Persons,Calendar and seasonally adjusted,Female,From 15 to 64 years,Annual,2021,4271.025,Normal value,False
Employed population by age groups,NLD,Netherlands,Employment,Persons,Calendar and seasonally adjusted,Female,From 15 to 64 years,Annual,2022,4393.025,Normal value,False
Employed population by age groups,NLD,Netherlands,Employment,Persons,Calendar and seasonally adjusted,Female,From 15 to 64 years,Annual,2023,4475.825,Normal value,False
Employed population by age groups,NLD,Netherlands,Employment,Persons,Calendar and seasonally adjusted,Female,From 15 to 64 years,Annual,2024,4494.35,Normal value,False
Employed population by age groups,NLD,Netherlands,Employment,Persons,Calendar and seasonally adjusted,Female,From 15 to 64 years,Annual,2025,4497.275,Normal value,False
Employed population by age groups,NZL,New Zealand,Employment,Persons,Calendar and seasonally adjusted,Female,From 15 to 64 years,Annual,2016,1103.375,Normal value,False
Employed population by age groups,NZL,New Zealand,Employment,Persons,Calendar and seasonally adjusted,Female,From 15 to 64 years,Annual,2017,1146.1,Normal value,False
Employed population by age groups,NZL,New Zealand,Employment,Persons,Calendar and seasonally adjusted,Female,From 15 to 64 years,Annual,2018,1178.875,Normal value,False
Employed population by age groups,NZL,New Zealand,Employment,Persons,Calendar and seasonally adjusted,Female,From 15 to 64 years,Annual,2019,1195.5,Normal value,False
Employed population by age groups,NZL,New Zealand,Employment,Persons,Calendar and seasonally adjusted,Female,From 15 to 64 years,Annual,2020,1196.55,Normal value,False
Employed population by age groups,NZL,New Zealand,Employment,Persons,Calendar and seasonally adjusted,Female,From 15 to 64 years,Annual,2021,1230.025,Normal value,False
Employed population by age groups,NZL,New Zealand,Employment,Persons,Calendar and seasonally adjusted,Female,From 15 to 64 years,Annual,2022,1249.675,Normal value,False
Employed population by age groups,NZL,New Zealand,Employment,Persons,Calendar and seasonally adjusted,Female,From 15 to 64 years,Annual,2023,1282.175,Normal value,False
Employed population by age groups,NOR,Norway,Employment,Persons,Calendar and seasonally adjusted,Female,From 15 to 64 years,Annual,2016,1239.75,Normal value,False
Employed population by age groups,NOR,Norway,Employment,Persons,Calendar and seasonally adjusted,Female,From 15 to 64 years,Annual,2017,1241.25,Normal value,False
Employed population by age groups,NOR,Norway,Employment,Persons,Calendar and seasonally adjusted,Female,From 15 to 64 years,Annual,2018,1251.5,Normal value,False
Employed population by age groups,NOR,Norway,Employment,Persons,Calendar and seasonally adjusted,Female,From 15 to 64 years,Annual,2019,1265.5,Normal value,False
Employed population by age groups,NOR,Norway,Employment,Persons,Calendar and seasonally adjusted,Female,From 15 to 64 years,Annual,2020,1263.75,Normal value,False
Employed population by age groups,NOR,Norway,Employment,Persons,Calendar and seasonally adjusted,Female,From 15 to 64 years,Annual,2021,1265.55,Normal value,False
Employed population by age groups,NOR,Norway,Employment,Persons,Calendar and seasonally adjusted,Female,From 15 to 64 years,Annual,2022,1294.925,Normal value,False
Employed population by age groups,NOR,Norway,Employment,Persons,Calendar and seasonally adjusted,Female,From 15 to 64 years,Annual,2023,1312.425,Normal value,False
Employed population by age groups,NOR,Norway,Employment,Persons,Calendar and seasonally adjusted,Female,From 15 to 64 years,Annual,2024,1320.0,Normal value,False
Employed population by age groups,NOR,Norway,Employment,Persons,Calendar and seasonally adjusted,Female,From 15 to 64 years,Annual,2025,1323.475,Normal value,False
Employed population by age groups,POL,Poland,Employment,Persons,Calendar and seasonally adjusted,Female,From 15 to 64 years,Annual,2016,7077.25,Normal value,False
Employed population by age groups,POL,Poland,Employment,Persons,Calendar and seasonally adjusted,Female,From 15 to 64 years,Annual,2017,7168.0,Normal value,False
Employed population by age groups,POL,Poland,Employment,Persons,Calendar and seasonally adjusted,Female,From 15 to 64 years,Annual,2018,7224.5,Normal value,False
Employed population by age groups,POL,Poland,Employment,Persons,Calendar and seasonally adjusted,Female,From 15 to 64 years,Annual,2019,7367.5,Normal value,False
Employed population by age groups,POL,Poland,Employment,Persons,Calendar and seasonally adjusted,Female,From 15 to 64 years,Annual,2020,7343.75,Normal value,False
Employed population by age groups,POL,Poland,Employment,Persons,Calendar and seasonally adjusted,Female,From 15 to 64 years,Annual,2021,7593.05,Normal value,False
Employed population by age groups,POL,Poland,Employment,Persons,Calendar and seasonally adjusted,Female,From 15 to 64 years,Annual,2022,7690.625,Normal value,False
Employed population by age groups,POL,Poland,Employment,Persons,Calendar and seasonally adjusted,Female,From 15 to 64 years,Annual,2023,7775.5,Normal value,False
Employed population by age groups,POL,Poland,Employment,Persons,Calendar and seasonally adjusted,Female,From 15 to 64 years,Annual,2024,7743.1,Normal value,False
Employed population by age groups,POL,Poland,Employment,Persons,Calendar and seasonally adjusted,Female,From 15 to 64 years,Annual,2025,7753.1,Normal value,False
Employed population by age groups,PRT,Portugal,Employment,Persons,Calendar and seasonally adjusted,Female,From 15 to 64 years,Annual,2016,2132.75,Normal value,False
Employed population by age groups,PRT,Portugal,Employment,Persons,Calendar and seasonally adjusted,Female,From 15 to 64 years,Annual,2017,2202.5,Normal value,False
Employed population by age groups,PRT,Portugal,Employment,Persons,Calendar and seasonally adjusted,Female,From 15 to 64 years,Annual,2018,2270.5,Normal value,False
Employed population by age groups,PRT,Portugal,Employment,Persons,Calendar and seasonally adjusted,Female,From 15 to 64 years,Annual,2019,2286.75,Normal value,False
Employed population by age groups,PRT,Portugal,Employment,Persons,Calendar and seasonally adjusted,Female,From 15 to 64 years,Annual,2020,2245.25,Normal value,False
Employed population by age groups,PRT,Portugal,Employment,Persons,Calendar and seasonally adjusted,Female,From 15 to 64 years,Annual,2021,2277.525,Normal value,False
Employed population by age groups,PRT,Portugal,Employment,Persons,Calendar and seasonally adjusted,Female,From 15 to 64 years,Annual,2022,2341.9,Normal value,False
Employed population by age groups,PRT,Portugal,Employment,Persons,Calendar and seasonally adjusted,Female,From 15 to 64 years,Annual,2023,2394.6,Normal value,False
Employed population by age groups,PRT,Portugal,Employment,Persons,Calendar and seasonally adjusted,Female,From 15 to 64 years,Annual,2024,2419.275,Normal value,False
Employed population by age groups,PRT,Portugal,Employment,Persons,Calendar and seasonally adjusted,Female,From 15 to 64 years,Annual,2025,2489.7,Normal value,False
Employed population by age groups,SVK,Slovak Republic,Employment,Persons,Calendar and seasonally adjusted,Female,From 15 to 64 years,Annual,2016,1183.0,Normal value,False
Employed population by age groups,SVK,Slovak Republic,Employment,Persons,Calendar and seasonally adjusted,Female,From 15 to 64 years,Annual,2017,1211.5,Normal value,False
Employed population by age groups,SVK,Slovak Republic,Employment,Persons,Calendar and seasonally adjusted,Female,From 15 to 64 years,Annual,2018,1218.5,Normal value,False
Employed population by age groups,SVK,Slovak Republic,Employment,Persons,Calendar and seasonally adjusted,Female,From 15 to 64 years,Annual,2019,1230.75,Normal value,False
Employed population by age groups,SVK,Slovak Republic,Employment,Persons,Calendar and seasonally adjusted,Female,From 15 to 64 years,Annual,2020,1206.75,Normal value,False
Employed population by age groups,SVK,Slovak Republic,Employment,Persons,Calendar and seasonally adjusted,Female,From 15 to 64 years,Annual,2021,1182.175,Normal value,False
Employed population by age groups,SVK,Slovak Republic,Employment,Persons,Calendar and seasonally adjusted,Female,From 15 to 64 years,Annual,2022,1201.625,Normal value,False
Employed population by age groups,SVK,Slovak Republic,Employment,Persons,Calendar and seasonally adjusted,Female,From 15 to 64 years,Annual,2023,1204.725,Normal value,False
Employed population by age groups,SVK,Slovak Republic,Employment,Persons,Calendar and seasonally adjusted,Female,From 15 to 64 years,Annual,2024,1195.0,Normal value,False
Employed population by age groups,SVK,Slovak Republic,Employment,Persons,Calendar and seasonally adjusted,Female,From 15 to 64 years,Annual,2025,1187.8,Normal value,False
Employed population by age groups,SVN,Slovenia,Employment,Persons,Calendar and seasonally adjusted,Female,From 15 to 64 years,Annual,2016,416.0,Normal value,False
Employed population by age groups,SVN,Slovenia,Employment,Persons,Calendar and seasonally adjusted,Female,From 15 to 64 years,Annual,2017,434.25,Normal value,False
Employed population by age groups,SVN,Slovenia,Employment,Persons,Calendar and seasonally adjusted,Female,From 15 to 64 years,Annual,2018,440.25,Normal value,False
Employed population by age groups,SVN,Slovenia,Employment,Persons,Calendar and seasonally adjusted,Female,From 15 to 64 years,Annual,2019,443.0,Normal value,False
Employed population by age groups,SVN,Slovenia,Employment,Persons,Calendar and seasonally adjusted,Female,From 15 to 64 years,Annual,2020,437.5,Normal value,False
Employed population by age groups,SVN,Slovenia,Employment,Persons,Calendar and seasonally adjusted,Female,From 15 to 64 years,Annual,2021,437.425,Normal value,False
Employed population by age groups,SVN,Slovenia,Employment,Persons,Calendar and seasonally adjusted,Female,From 15 to 64 years,Annual,2022,442.875,Normal value,False
Employed population by age groups,SVN,Slovenia,Employment,Persons,Calendar and seasonally adjusted,Female,From 15 to 64 years,Annual,2023,443.9,Normal value,False
Employed population by age groups,SVN,Slovenia,Employment,Persons,Calendar and seasonally adjusted,Female,From 15 to 64 years,Annual,2024,446.625,Normal value,False
Employed population by age groups,SVN,Slovenia,Employment,Persons,Calendar and seasonally adjusted,Female,From 15 to 64 years,Annual,2025,449.325,Normal value,False
Employed population by age groups,ESP,Spain,Employment,Persons,Calendar and seasonally adjusted,Female,From 15 to 64 years,Annual,2016,8272.5,Normal value,False
Employed population by age groups,ESP,Spain,Employment,Persons,Calendar and seasonally adjusted,Female,From 15 to 64 years,Annual,2017,8486.5,Normal value,False
Employed population by age groups,ESP,Spain,Employment,Persons,Calendar and seasonally adjusted,Female,From 15 to 64 years,Annual,2018,8716.75,Normal value,False
Employed population by age groups,ESP,Spain,Employment,Persons,Calendar and seasonally adjusted,Female,From 15 to 64 years,Annual,2019,8945.25,Normal value,False
Employed population by age groups,ESP,Spain,Employment,Persons,Calendar and seasonally adjusted,Female,From 15 to 64 years,Annual,2020,8669.25,Normal value,False
Employed population by age groups,ESP,Spain,Employment,Persons,Calendar and seasonally adjusted,Female,From 15 to 64 years,Annual,2021,8977.9,Normal value,False
Employed population by age groups,ESP,Spain,Employment,Persons,Calendar and seasonally adjusted,Female,From 15 to 64 years,Annual,2022,9294.7,Normal value,False
Employed population by age groups,ESP,Spain,Employment,Persons,Calendar and seasonally adjusted,Female,From 15 to 64 years,Annual,2023,9657.625,Normal value,False
Employed population by age groups,ESP,Spain,Employment,Persons,Calendar and seasonally adjusted,Female,From 15 to 64 years,Annual,2024,9896.375,Normal value,False
Employed population by age groups,ESP,Spain,Employment,Persons,Calendar and seasonally adjusted,Female,From 15 to 64 years,Annual,2025,10151.55,Normal value,False
Employed population by age groups,SWE,Sweden,Employment,Persons,Calendar and seasonally adjusted,Female,From 15 to 64 years,Annual,2016,2257.25,Normal value,False
Employed population by age groups,SWE,Sweden,Employment,Persons,Calendar and seasonally adjusted,Female,From 15 to 64 years,Annual,2017,2297.25,Normal value,False
Employed population by age groups,SWE,Sweden,Employment,Persons,Calendar and seasonally adjusted,Female,From 15 to 64 years,Annual,2018,2330.75,Normal value,False
Employed population by age groups,SWE,Sweden,Employment,Persons,Calendar and seasonally adjusted,Female,From 15 to 64 years,Annual,2019,2332.5,Normal value,False
Employed population by age groups,SWE,Sweden,Employment,Persons,Calendar and seasonally adjusted,Female,From 15 to 64 years,Annual,2020,2282.25,Normal value,False
Employed population by age groups,SWE,Sweden,Employment,Persons,Calendar and seasonally adjusted,Female,From 15 to 64 years,Annual,2021,2299.625,Normal value,False
Employed population by age groups,SWE,Sweden,Employment,Persons,Calendar and seasonally adjusted,Female,From 15 to 64 years,Annual,2022,2365.925,Normal value,False
Employed population by age groups,SWE,Sweden,Employment,Persons,Calendar and seasonally adjusted,Female,From 15 to 64 years,Annual,2023,2413.6,Normal value,False
Employed population by age groups,SWE,Sweden,Employment,Persons,Calendar and seasonally adjusted,Female,From 15 to 64 years,Annual,2024,2410.875,Normal value,False
Employed population by age groups,SWE,Sweden,Employment,Persons,Calendar and seasonally adjusted,Female,From 15 to 64 years,Annual,2025,2414.65,Normal value,False
Employed population by age groups,CHE,Switzerland,Employment,Persons,Calendar and seasonally adjusted,Female,From 15 to 64 years,Annual,2016,2074.25,Normal value,False
Employed population by age groups,CHE,Switzerland,Employment,Persons,Calendar and seasonally adjusted,Female,From 15 to 64 years,Annual,2017,2078.75,Normal value,False
Employed population by age groups,CHE,Switzerland,Employment,Persons,Calendar and seasonally adjusted,Female,From 15 to 64 years,Annual,2018,2099.25,Normal value,False
Employed population by age groups,CHE,Switzerland,Employment,Persons,Calendar and seasonally adjusted,Female,From 15 to 64 years,Annual,2019,2125.75,Normal value,False
Employed population by age groups,CHE,Switzerland,Employment,Persons,Calendar and seasonally adjusted,Female,From 15 to 64 years,Annual,2020,2123.5,Normal value,False
Employed population by age groups,CHE,Switzerland,Employment,Persons,Calendar and seasonally adjusted,Female,From 15 to 64 years,Annual,2021,2130.25,Normal value,False
Employed population by age groups,CHE,Switzerland,Employment,Persons,Calendar and seasonally adjusted,Female,From 15 to 64 years,Annual,2022,2151.175,Normal value,False
Employed population by age groups,CHE,Switzerland,Employment,Persons,Calendar and seasonally adjusted,Female,From 15 to 64 years,Annual,2023,2185.95,Normal value,False
Employed population by age groups,CHE,Switzerland,Employment,Persons,Calendar and seasonally adjusted,Female,From 15 to 64 years,Annual,2024,2205.85,Normal value,False
Employed population by age groups,CHE,Switzerland,Employment,Persons,Calendar and seasonally adjusted,Female,From 15 to 64 years,Annual,2025,2213.4,Normal value,False
Employed population by age groups,TUR,Türkiye,Employment,Persons,Calendar and seasonally adjusted,Female,From 15 to 64 years,Annual,2016,8117.825,Normal value,False
Employed population by age groups,TUR,Türkiye,Employment,Persons,Calendar and seasonally adjusted,Female,From 15 to 64 years,Annual,2017,8522.575,Normal value,False
Employed population by age groups,TUR,Türkiye,Employment,Persons,Calendar and seasonally adjusted,Female,From 15 to 64 years,Annual,2018,8790.975,Normal value,False
Employed population by age groups,TUR,Türkiye,Employment,Persons,Calendar and seasonally adjusted,Female,From 15 to 64 years,Annual,2019,8693.7,Normal value,False
Employed population by age groups,TUR,Türkiye,Employment,Persons,Calendar and seasonally adjusted,Female,From 15 to 64 years,Annual,2021,8776.5,Normal value,False
Employed population by age groups,TUR,Türkiye,Employment,Persons,Calendar and seasonally adjusted,Female,From 15 to 64 years,Annual,2022,9651.25,Normal value,False
Employed population by age groups,TUR,Türkiye,Employment,Persons,Calendar and seasonally adjusted,Female,From 15 to 64 years,Annual,2023,10045.25,Normal value,False
Employed population by age groups,TUR,Türkiye,Employment,Persons,Calendar and seasonally adjusted,Female,From 15 to 64 years,Annual,2024,10484.75,Normal value,False
Employed population by age groups,TUR,Türkiye,Employment,Persons,Calendar and seasonally adjusted,Female,From 15 to 64 years,Annual,2025,10443.5,Normal value,False
Employed population by age groups,GBR,United Kingdom,Employment,Persons,Calendar and seasonally adjusted,Female,From 15 to 64 years,Annual,2016,14380.75,Normal value,False
Employed population by age groups,GBR,United Kingdom,Employment,Persons,Calendar and seasonally adjusted,Female,From 15 to 64 years,Annual,2017,14604.25,Normal value,False
Employed population by age groups,GBR,United Kingdom,Employment,Persons,Calendar and seasonally adjusted,Female,From 15 to 64 years,Annual,2018,14761.75,Normal value,False
Employed population by age groups,GBR,United Kingdom,Employment,Persons,Calendar and seasonally adjusted,Female,From 15 to 64 years,Annual,2019,15250.0,Normal value,False
Employed population by age groups,GBR,United Kingdom,Employment,Persons,Calendar and seasonally adjusted,Female,From 15 to 64 years,Annual,2020,15203.0,Normal value,False
Employed population by age groups,GBR,United Kingdom,Employment,Persons,Calendar and seasonally adjusted,Female,From 15 to 64 years,Annual,2021,15300.5,Normal value,False
Employed population by age groups,GBR,United Kingdom,Employment,Persons,Calendar and seasonally adjusted,Female,From 15 to 64 years,Annual,2022,15408.0,Normal value,False
Employed population by age groups,GBR,United Kingdom,Employment,Persons,Calendar and seasonally adjusted,Female,From 15 to 64 years,Annual,2023,15543.25,Normal value,False
Employed population by age groups,GBR,United Kingdom,Employment,Persons,Calendar and seasonally adjusted,Female,From 15 to 64 years,Annual,2024,15695.5,Normal value,False
Employed population by age groups,GBR,United Kingdom,Employment,Persons,Calendar and seasonally adjusted,Female,From 15 to 64 years,Annual,2025,15898.5,Normal value,False
Employed population by age groups,USA,United States,Employment,Persons,Calendar and seasonally adjusted,Female,From 15 to 64 years,Annual,2016,66899.59,Normal value,False
Employed population by age groups,USA,United States,Employment,Persons,Calendar and seasonally adjusted,Female,From 15 to 64 years,Annual,2017,67811.84,Normal value,False
Employed population by age groups,USA,United States,Employment,Persons,Calendar and seasonally adjusted,Female,From 15 to 64 years,Annual,2018,68704.66,Normal value,False
Employed population by age groups,USA,United States,Employment,Persons,Calendar and seasonally adjusted,Female,From 15 to 64 years,Annual,2019,69429.84,Normal value,False
Employed population by age groups,USA,United States,Employment,Persons,Calendar and seasonally adjusted,Female,From 15 to 64 years,Annual,2020,64886.67,Normal value,False
Employed population by age groups,USA,United States,Employment,Persons,Calendar and seasonally adjusted,Female,From 15 to 64 years,Annual,2021,67273.5,Normal value,False
Employed population by age groups,USA,United States,Employment,Persons,Calendar and seasonally adjusted,Female,From 15 to 64 years,Annual,2022,69452.34,Normal value,False
Employed population by age groups,USA,United States,Employment,Persons,Calendar and seasonally adjusted,Female,From 15 to 64 years,Annual,2023,70599.59,Normal value,False
Employed population by age groups,USA,United States,Employment,Persons,Calendar and seasonally adjusted,Female,From 15 to 64 years,Annual,2024,70917.09,Normal value,False
Employed population by age groups,NZL,New Zealand,Employment,Persons,Calendar and seasonally adjusted,Female,From 55 to 64 years,Annual,2016,201.0,Normal value,False
Employed population by age groups,NZL,New Zealand,Employment,Persons,Calendar and seasonally adjusted,Female,From 55 to 64 years,Annual,2017,211.85,Normal value,False
Employed population by age groups,NZL,New Zealand,Employment,Persons,Calendar and seasonally adjusted,Female,From 55 to 64 years,Annual,2018,216.875,Normal value,False
Employed population by age groups,NZL,New Zealand,Employment,Persons,Calendar and seasonally adjusted,Female,From 55 to 64 years,Annual,2019,218.225,Normal value,False
Employed population by age groups,NZL,New Zealand,Employment,Persons,Calendar and seasonally adjusted,Female,From 55 to 64 years,Annual,2020,223.55,Normal value,False
Employed population by age groups,NZL,New Zealand,Employment,Persons,Calendar and seasonally adjusted,Female,From 55 to 64 years,Annual,2021,228.65,Normal value,False
Employed population by age groups,NZL,New Zealand,Employment,Persons,Calendar and seasonally adjusted,Female,From 55 to 64 years,Annual,2022,229.85,Normal value,False
Employed population by age groups,NZL,New Zealand,Employment,Persons,Calendar and seasonally adjusted,Female,From 55 to 64 years,Annual,2023,230.6,Normal value,False
Employed population by age groups,KOR,Korea,Employment,Persons,Calendar and seasonally adjusted,Female,From 55 to 64 years,Annual,2016,1925.6,Normal value,False
Employed population by age groups,KOR,Korea,Employment,Persons,Calendar and seasonally adjusted,Female,From 55 to 64 years,Annual,2017,2050.742,Normal value,False
Employed population by age groups,KOR,Korea,Employment,Persons,Calendar and seasonally adjusted,Female,From 55 to 64 years,Annual,2018,2119.908,Normal value,False
Employed population by age groups,KOR,Korea,Employment,Persons,Calendar and seasonally adjusted,Female,From 55 to 64 years,Annual,2019,2223.658,Normal value,False
Employed population by age groups,KOR,Korea,Employment,Persons,Calendar and seasonally adjusted,Female,From 55 to 64 years,Annual,2020,2250.217,Normal value,False
Employed population by age groups,KOR,Korea,Employment,Persons,Calendar and seasonally adjusted,Female,From 55 to 64 years,Annual,2021,2277.725,Normal value,False
Employed population by age groups,KOR,Korea,Employment,Persons,Calendar and seasonally adjusted,Female,From 55 to 64 years,Annual,2022,2426.358,Normal value,False
Employed population by age groups,KOR,Korea,Employment,Persons,Calendar and seasonally adjusted,Female,From 55 to 64 years,Annual,2023,2521.083,Normal value,False
Employed population by age groups,KOR,Korea,Employment,Persons,Calendar and seasonally adjusted,Female,From 55 to 64 years,Annual,2024,2559.075,Normal value,False
Employed population by age groups,KOR,Korea,Employment,Persons,Calendar and seasonally adjusted,Female,From 55 to 64 years,Annual,2025,2611.683,Normal value,False
Employed population by age groups,LVA,Latvia,Employment,Persons,Calendar and seasonally adjusted,Female,From 55 to 64 years,Annual,2016,91.0,Normal value,False
Employed population by age groups,LVA,Latvia,Employment,Persons,Calendar and seasonally adjusted,Female,From 55 to 64 years,Annual,2017,92.5,Normal value,False
Employed population by age groups,LVA,Latvia,Employment,Persons,Calendar and seasonally adjusted,Female,From 55 to 64 years,Annual,2018,96.75,Normal value,False
Employed population by age groups,LVA,Latvia,Employment,Persons,Calendar and seasonally adjusted,Female,From 55 to 64 years,Annual,2019,100.25,Normal value,False
Employed population by age groups,LVA,Latvia,Employment,Persons,Calendar and seasonally adjusted,Female,From 55 to 64 years,Annual,2020,100.0,Normal value,False
Employed population by age groups,LVA,Latvia,Employment,Persons,Calendar and seasonally adjusted,Female,From 55 to 64 years,Annual,2021,97.6,Normal value,False
Employed population by age groups,LVA,Latvia,Employment,Persons,Calendar and seasonally adjusted,Female,From 55 to 64 years,Annual,2022,101.825,Normal value,False
Employed population by age groups,LVA,Latvia,Employment,Persons,Calendar and seasonally adjusted,Female,From 55 to 64 years,Annual,2023,101.75,Normal value,False
Employed population by age groups,LVA,Latvia,Employment,Persons,Calendar and seasonally adjusted,Female,From 55 to 64 years,Annual,2024,102.05,Normal value,False
Employed population by age groups,LVA,Latvia,Employment,Persons,Calendar and seasonally adjusted,Female,From 55 to 64 years,Annual,2025,102.95,Normal value,False
Employed population by age groups,LTU,Lithuania,Employment,Persons,Calendar and seasonally adjusted,Female,From 55 to 64 years,Annual,2016,137.25,Normal value,False
Employed population by age groups,LTU,Lithuania,Employment,Persons,Calendar and seasonally adjusted,Female,From 55 to 64 years,Annual,2017,144.75,Normal value,False
Employed population by age groups,LTU,Lithuania,Employment,Persons,Calendar and seasonally adjusted,Female,From 55 to 64 years,Annual,2018,150.5,Normal value,False
Employed population by age groups,LTU,Lithuania,Employment,Persons,Calendar and seasonally adjusted,Female,From 55 to 64 years,Annual,2019,153.5,Normal value,False
Employed population by age groups,LTU,Lithuania,Employment,Persons,Calendar and seasonally adjusted,Female,From 55 to 64 years,Annual,2020,153.0,Normal value,False
Employed population by age groups,LTU,Lithuania,Employment,Persons,Calendar and seasonally adjusted,Female,From 55 to 64 years,Annual,2021,155.775,Normal value,False
Employed population by age groups,LTU,Lithuania,Employment,Persons,Calendar and seasonally adjusted,Female,From 55 to 64 years,Annual,2022,164.775,Normal value,False
Employed population by age groups,LTU,Lithuania,Employment,Persons,Calendar and seasonally adjusted,Female,From 55 to 64 years,Annual,2023,162.925,Normal value,False
Employed population by age groups,LTU,Lithuania,Employment,Persons,Calendar and seasonally adjusted,Female,From 55 to 64 years,Annual,2024,160.475,Normal value,False
Employed population by age groups,LTU,Lithuania,Employment,Persons,Calendar and seasonally adjusted,Female,From 55 to 64 years,Annual,2025,166.65,Normal value,False
Employed population by age groups,LUX,Luxembourg,Employment,Persons,Calendar and seasonally adjusted,Female,From 55 to 64 years,Annual,2016,10.5,Normal value,False
Employed population by age groups,LUX,Luxembourg,Employment,Persons,Calendar and seasonally adjusted,Female,From 55 to 64 years,Annual,2017,11.45,Normal value,False
Employed population by age groups,LUX,Luxembourg,Employment,Persons,Calendar and seasonally adjusted,Female,From 55 to 64 years,Annual,2018,12.325,Normal value,False
Employed population by age groups,LUX,Luxembourg,Employment,Persons,Calendar and seasonally adjusted,Female,From 55 to 64 years,Annual,2019,13.375,Normal value,False
Employed population by age groups,LUX,Luxembourg,Employment,Persons,Calendar and seasonally adjusted,Female,From 55 to 64 years,Annual,2021,15.875,Normal value,False
Employed population by age groups,LUX,Luxembourg,Employment,Persons,Calendar and seasonally adjusted,Female,From 55 to 64 years,Annual,2022,14.575,Normal value,False
Employed population by age groups,LUX,Luxembourg,Employment,Persons,Calendar and seasonally adjusted,Female,From 55 to 64 years,Annual,2023,16.625,Normal value,False
Employed population by age groups,LUX,Luxembourg,Employment,Persons,Calendar and seasonally adjusted,Female,From 55 to 64 years,Annual,2024,18.375,Normal value,False
Employed population by age groups,LUX,Luxembourg,Employment,Persons,Calendar and seasonally adjusted,Female,From 55 to 64 years,Annual,2025,17.4,Normal value,False
Employed population by age groups,MEX,Mexico,Employment,Persons,Calendar and seasonally adjusted,Female,From 55 to 64 years,Annual,2016,1971.465,Normal value,False
Employed population by age groups,MEX,Mexico,Employment,Persons,Calendar and seasonally adjusted,Female,From 55 to 64 years,Annual,2017,1965.894,Normal value,False
Employed population by age groups,MEX,Mexico,Employment,Persons,Calendar and seasonally adjusted,Female,From 55 to 64 years,Annual,2018,2089.196,Normal value,False
Employed population by age groups,MEX,Mexico,Employment,Persons,Calendar and seasonally adjusted,Female,From 55 to 64 years,Annual,2019,2351.124,Normal value,False
Employed population by age groups,MEX,Mexico,Employment,Persons,Calendar and seasonally adjusted,Female,From 55 to 64 years,Annual,2021,2354.308,Normal value,False
Employed population by age groups,MEX,Mexico,Employment,Persons,Calendar and seasonally adjusted,Female,From 55 to 64 years,Annual,2022,2616.258,Normal value,False
Employed population by age groups,MEX,Mexico,Employment,Persons,Calendar and seasonally adjusted,Female,From 55 to 64 years,Annual,2023,2859.499,Normal value,False
Employed population by age groups,MEX,Mexico,Employment,Persons,Calendar and seasonally adjusted,Female,From 55 to 64 years,Annual,2024,2916.794,Normal value,False
Employed population by age groups,MEX,Mexico,Employment,Persons,Calendar and seasonally adjusted,Female,From 55 to 64 years,Annual,2025,3006.523,Normal value,False
Employed population by age groups,NLD,Netherlands,Employment,Persons,Calendar and seasonally adjusted,Female,From 55 to 64 years,Annual,2016,594.25,Normal value,False
Employed population by age groups,NLD,Netherlands,Employment,Persons,Calendar and seasonally adjusted,Female,From 55 to 64 years,Annual,2017,631.5,Normal value,False
Employed population by age groups,NLD,Netherlands,Employment,Persons,Calendar and seasonally adjusted,Female,From 55 to 64 years,Annual,2018,666.0,Normal value,False
Employed population by age groups,NLD,Netherlands,Employment,Persons,Calendar and seasonally adjusted,Female,From 55 to 64 years,Annual,2019,704.25,Normal value,False
Employed population by age groups,NLD,Netherlands,Employment,Persons,Calendar and seasonally adjusted,Female,From 55 to 64 years,Annual,2020,731.75,Normal value,False
Employed population by age groups,NLD,Netherlands,Employment,Persons,Calendar and seasonally adjusted,Female,From 55 to 64 years,Annual,2021,760.325,Normal value,False
Employed population by age groups,NLD,Netherlands,Employment,Persons,Calendar and seasonally adjusted,Female,From 55 to 64 years,Annual,2022,801.6,Normal value,False
Employed population by age groups,NLD,Netherlands,Employment,Persons,Calendar and seasonally adjusted,Female,From 55 to 64 years,Annual,2023,832.725,Normal value,False
Employed population by age groups,NLD,Netherlands,Employment,Persons,Calendar and seasonally adjusted,Female,From 55 to 64 years,Annual,2024,848.55,Normal value,False
Employed population by age groups,NLD,Netherlands,Employment,Persons,Calendar and seasonally adjusted,Female,From 55 to 64 years,Annual,2025,866.425,Normal value,False
Employed population by age groups,NOR,Norway,Employment,Persons,Calendar and seasonally adjusted,Female,From 55 to 64 years,Annual,2016,213.0,Normal value,False
Employed population by age groups,NOR,Norway,Employment,Persons,Calendar and seasonally adjusted,Female,From 55 to 64 years,Annual,2017,211.25,Normal value,False
Employed population by age groups,NOR,Norway,Employment,Persons,Calendar and seasonally adjusted,Female,From 55 to 64 years,Annual,2018,212.5,Normal value,False
Employed population by age groups,NOR,Norway,Employment,Persons,Calendar and seasonally adjusted,Female,From 55 to 64 years,Annual,2019,217.75,Normal value,False
Employed population by age groups,NOR,Norway,Employment,Persons,Calendar and seasonally adjusted,Female,From 55 to 64 years,Annual,2020,222.0,Normal value,False
Employed population by age groups,NOR,Norway,Employment,Persons,Calendar and seasonally adjusted,Female,From 55 to 64 years,Annual,2021,224.625,Normal value,False
Employed population by age groups,NOR,Norway,Employment,Persons,Calendar and seasonally adjusted,Female,From 55 to 64 years,Annual,2022,225.075,Normal value,False
Employed population by age groups,NOR,Norway,Employment,Persons,Calendar and seasonally adjusted,Female,From 55 to 64 years,Annual,2023,232.675,Normal value,False
Employed population by age groups,NOR,Norway,Employment,Persons,Calendar and seasonally adjusted,Female,From 55 to 64 years,Annual,2024,235.75,Normal value,False
Employed population by age groups,NOR,Norway,Employment,Persons,Calendar and seasonally adjusted,Female,From 55 to 64 years,Annual,2025,236.45,Normal value,False
Employed population by age groups,POL,Poland,Employment,Persons,Calendar and seasonally adjusted,Female,From 55 to 64 years,Annual,2016,1021.5,Normal value,False
Employed population by age groups,POL,Poland,Employment,Persons,Calendar and seasonally adjusted,Female,From 55 to 64 years,Annual,2017,1046.0,Normal value,False
Employed population by age groups,POL,Poland,Employment,Persons,Calendar and seasonally adjusted,Female,From 55 to 64 years,Annual,2018,1019.5,Normal value,False
Employed population by age groups,POL,Poland,Employment,Persons,Calendar and seasonally adjusted,Female,From 55 to 64 years,Annual,2019,990.75,Normal value,False
Employed population by age groups,POL,Poland,Employment,Persons,Calendar and seasonally adjusted,Female,From 55 to 64 years,Annual,2020,1030.0,Normal value,False
Employed population by age groups,POL,Poland,Employment,Persons,Calendar and seasonally adjusted,Female,From 55 to 64 years,Annual,2021,1072.175,Normal value,False
Employed population by age groups,POL,Poland,Employment,Persons,Calendar and seasonally adjusted,Female,From 55 to 64 years,Annual,2022,1070.45,Normal value,False
Employed population by age groups,POL,Poland,Employment,Persons,Calendar and seasonally adjusted,Female,From 55 to 64 years,Annual,2023,1087.95,Normal value,False
Employed population by age groups,POL,Poland,Employment,Persons,Calendar and seasonally adjusted,Female,From 55 to 64 years,Annual,2024,1085.675,Normal value,False
Employed population by age groups,POL,Poland,Employment,Persons,Calendar and seasonally adjusted,Female,From 55 to 64 years,Annual,2025,1101.7,Normal value,False
Employed population by age groups,PRT,Portugal,Employment,Persons,Calendar and seasonally adjusted,Female,From 55 to 64 years,Annual,2016,318.5,Normal value,False
Employed population by age groups,PRT,Portugal,Employment,Persons,Calendar and seasonally adjusted,Female,From 55 to 64 years,Annual,2017,351.5,Normal value,False
Employed population by age groups,PRT,Portugal,Employment,Persons,Calendar and seasonally adjusted,Female,From 55 to 64 years,Annual,2018,393.25,Normal value,False
Employed population by age groups,PRT,Portugal,Employment,Persons,Calendar and seasonally adjusted,Female,From 55 to 64 years,Annual,2019,402.75,Normal value,False
Employed population by age groups,PRT,Portugal,Employment,Persons,Calendar and seasonally adjusted,Female,From 55 to 64 years,Annual,2020,418.25,Normal value,False
Employed population by age groups,PRT,Portugal,Employment,Persons,Calendar and seasonally adjusted,Female,From 55 to 64 years,Annual,2021,441.875,Normal value,False
Employed population by age groups,PRT,Portugal,Employment,Persons,Calendar and seasonally adjusted,Female,From 55 to 64 years,Annual,2022,472.1,Normal value,False
Employed population by age groups,PRT,Portugal,Employment,Persons,Calendar and seasonally adjusted,Female,From 55 to 64 years,Annual,2023,497.075,Normal value,False
Employed population by age groups,PRT,Portugal,Employment,Persons,Calendar and seasonally adjusted,Female,From 55 to 64 years,Annual,2024,510.175,Normal value,False
Employed population by age groups,PRT,Portugal,Employment,Persons,Calendar and seasonally adjusted,Female,From 55 to 64 years,Annual,2025,529.55,Normal value,False
Employed population by age groups,SVK,Slovak Republic,Employment,Persons,Calendar and seasonally adjusted,Female,From 55 to 64 years,Annual,2016,179.5,Normal value,False
Employed population by age groups,SVK,Slovak Republic,Employment,Persons,Calendar and seasonally adjusted,Female,From 55 to 64 years,Annual,2017,203.25,Normal value,False
Employed population by age groups,SVK,Slovak Republic,Employment,Persons,Calendar and seasonally adjusted,Female,From 55 to 64 years,Annual,2018,204.25,Normal value,False
Employed population by age groups,SVK,Slovak Republic,Employment,Persons,Calendar and seasonally adjusted,Female,From 55 to 64 years,Annual,2019,216.5,Normal value,False
Employed population by age groups,SVK,Slovak Republic,Employment,Persons,Calendar and seasonally adjusted,Female,From 55 to 64 years,Annual,2020,220.5,Normal value,False
Employed population by age groups,SVK,Slovak Republic,Employment,Persons,Calendar and seasonally adjusted,Female,From 55 to 64 years,Annual,2021,209.475,Normal value,False
Employed population by age groups,SVK,Slovak Republic,Employment,Persons,Calendar and seasonally adjusted,Female,From 55 to 64 years,Annual,2022,222.2,Normal value,False
Employed population by age groups,SVK,Slovak Republic,Employment,Persons,Calendar and seasonally adjusted,Female,From 55 to 64 years,Annual,2023,224.45,Normal value,False
Employed population by age groups,SVK,Slovak Republic,Employment,Persons,Calendar and seasonally adjusted,Female,From 55 to 64 years,Annual,2024,219.375,Normal value,False
Employed population by age groups,SVK,Slovak Republic,Employment,Persons,Calendar and seasonally adjusted,Female,From 55 to 64 years,Annual,2025,215.975,Normal value,False
Employed population by age groups,SVN,Slovenia,Employment,Persons,Calendar and seasonally adjusted,Female,From 55 to 64 years,Annual,2016,48.0,Normal value,False
Employed population by age groups,SVN,Slovenia,Employment,Persons,Calendar and seasonally adjusted,Female,From 55 to 64 years,Annual,2017,55.0,Normal value,False
Employed population by age groups,SVN,Slovenia,Employment,Persons,Calendar and seasonally adjusted,Female,From 55 to 64 years,Annual,2018,61.75,Normal value,False
Employed population by age groups,SVN,Slovenia,Employment,Persons,Calendar and seasonally adjusted,Female,From 55 to 64 years,Annual,2019,64.0,Normal value,False
Employed population by age groups,SVN,Slovenia,Employment,Persons,Calendar and seasonally adjusted,Female,From 55 to 64 years,Annual,2020,69.75,Normal value,False
Employed population by age groups,SVN,Slovenia,Employment,Persons,Calendar and seasonally adjusted,Female,From 55 to 64 years,Annual,2021,72.4,Normal value,False
Employed population by age groups,SVN,Slovenia,Employment,Persons,Calendar and seasonally adjusted,Female,From 55 to 64 years,Annual,2022,75.925,Normal value,False
Employed population by age groups,SVN,Slovenia,Employment,Persons,Calendar and seasonally adjusted,Female,From 55 to 64 years,Annual,2023,78.75,Normal value,False
Employed population by age groups,SVN,Slovenia,Employment,Persons,Calendar and seasonally adjusted,Female,From 55 to 64 years,Annual,2024,80.75,Normal value,False
Employed population by age groups,SVN,Slovenia,Employment,Persons,Calendar and seasonally adjusted,Female,From 55 to 64 years,Annual,2025,84.35,Normal value,False
Employed population by age groups,SWE,Sweden,Employment,Persons,Calendar and seasonally adjusted,Female,From 55 to 64 years,Annual,2016,411.5,Normal value,False
Employed population by age groups,SWE,Sweden,Employment,Persons,Calendar and seasonally adjusted,Female,From 55 to 64 years,Annual,2017,419.75,Normal value,False
Employed population by age groups,SWE,Sweden,Employment,Persons,Calendar and seasonally adjusted,Female,From 55 to 64 years,Annual,2018,430.0,Normal value,False
Employed population by age groups,SWE,Sweden,Employment,Persons,Calendar and seasonally adjusted,Female,From 55 to 64 years,Annual,2019,436.25,Normal value,False
Employed population by age groups,SWE,Sweden,Employment,Persons,Calendar and seasonally adjusted,Female,From 55 to 64 years,Annual,2020,443.5,Normal value,False
Employed population by age groups,SWE,Sweden,Employment,Persons,Calendar and seasonally adjusted,Female,From 55 to 64 years,Annual,2021,450.45,Normal value,False
Employed population by age groups,SWE,Sweden,Employment,Persons,Calendar and seasonally adjusted,Female,From 55 to 64 years,Annual,2022,459.6,Normal value,False
Employed population by age groups,SWE,Sweden,Employment,Persons,Calendar and seasonally adjusted,Female,From 55 to 64 years,Annual,2023,469.55,Normal value,False
Employed population by age groups,SWE,Sweden,Employment,Persons,Calendar and seasonally adjusted,Female,From 55 to 64 years,Annual,2024,480.925,Normal value,False
Employed population by age groups,SWE,Sweden,Employment,Persons,Calendar and seasonally adjusted,Female,From 55 to 64 years,Annual,2025,490.35,Normal value,False
Employed population by age groups,TUR,Türkiye,Employment,Persons,Calendar and seasonally adjusted,Female,From 55 to 64 years,Annual,2016,630.0,Normal value,False
Employed population by age groups,TUR,Türkiye,Employment,Persons,Calendar and seasonally adjusted,Female,From 55 to 64 years,Annual,2017,678.75,Normal value,False
Employed population by age groups,TUR,Türkiye,Employment,Persons,Calendar and seasonally adjusted,Female,From 55 to 64 years,Annual,2018,741.8,Normal value,False
Employed population by age groups,TUR,Türkiye,Employment,Persons,Calendar and seasonally adjusted,Female,From 55 to 64 years,Annual,2019,736.75,Normal value,False
Employed population by age groups,TUR,Türkiye,Employment,Persons,Calendar and seasonally adjusted,Female,From 55 to 64 years,Annual,2021,754.5,Normal value,False
Employed population by age groups,TUR,Türkiye,Employment,Persons,Calendar and seasonally adjusted,Female,From 55 to 64 years,Annual,2022,815.25,Normal value,False
Employed population by age groups,TUR,Türkiye,Employment,Persons,Calendar and seasonally adjusted,Female,From 55 to 64 years,Annual,2023,879.5,Normal value,False
Employed population by age groups,TUR,Türkiye,Employment,Persons,Calendar and seasonally adjusted,Female,From 55 to 64 years,Annual,2024,976.75,Normal value,False
Employed population by age groups,TUR,Türkiye,Employment,Persons,Calendar and seasonally adjusted,Female,From 55 to 64 years,Annual,2025,960.75,Normal value,False
Employed population by age groups,AUS,Australia,Employment,Persons,Calendar and seasonally adjusted,Male,From 55 to 64 years,Annual,2016,931.9899,Normal value,False
Employed population by age groups,AUS,Australia,Employment,Persons,Calendar and seasonally adjusted,Male,From 55 to 64 years,Annual,2017,966.1893,Normal value,False
Employed population by age groups,AUS,Australia,Employment,Persons,Calendar and seasonally adjusted,Male,From 55 to 64 years,Annual,2018,986.9614,Normal value,False
Employed population by age groups,AUS,Australia,Employment,Persons,Calendar and seasonally adjusted,Male,From 55 to 64 years,Annual,2019,1016.373,Normal value,False
Employed population by age groups,AUS,Australia,Employment,Persons,Calendar and seasonally adjusted,Male,From 55 to 64 years,Annual,2020,1013.771,Normal value,False
Employed population by age groups,AUS,Australia,Employment,Persons,Calendar and seasonally adjusted,Male,From 55 to 64 years,Annual,2021,1039.72,Normal value,False
Employed population by age groups,AUS,Australia,Employment,Persons,Calendar and seasonally adjusted,Male,From 55 to 64 years,Annual,2022,1072.455,Normal value,False
Employed population by age groups,AUS,Australia,Employment,Persons,Calendar and seasonally adjusted,Male,From 55 to 64 years,Annual,2023,1074.625,Normal value,False
Employed population by age groups,AUS,Australia,Employment,Persons,Calendar and seasonally adjusted,Male,From 55 to 64 years,Annual,2024,1084.115,Normal value,False
Employed population by age groups,AUS,Australia,Employment,Persons,Calendar and seasonally adjusted,Male,From 55 to 64 years,Annual,2025,1082.524,Normal value,False
Employed population by age groups,AUT,Austria,Employment,Persons,Calendar and seasonally adjusted,Male,From 55 to 64 years,Annual,2016,308.25,Normal value,False
Employed population by age groups,AUT,Austria,Employment,Persons,Calendar and seasonally adjusted,Male,From 55 to 64 years,Annual,2017,334.25,Normal value,False
Employed population by age groups,AUT,Austria,Employment,Persons,Calendar and seasonally adjusted,Male,From 55 to 64 years,Annual,2018,366.5,Normal value,False
Employed population by age groups,AUT,Austria,Employment,Persons,Calendar and seasonally adjusted,Male,From 55 to 64 years,Annual,2019,378.5,Normal value,False
Employed population by age groups,AUT,Austria,Employment,Persons,Calendar and seasonally adjusted,Male,From 55 to 64 years,Annual,2020,386.5,Normal value,False
Employed population by age groups,AUT,Austria,Employment,Persons,Calendar and seasonally adjusted,Male,From 55 to 64 years,Annual,2021,398.75,Normal value,False
Employed population by age groups,AUT,Austria,Employment,Persons,Calendar and seasonally adjusted,Male,From 55 to 64 years,Annual,2022,415.55,Normal value,False
Employed population by age groups,AUT,Austria,Employment,Persons,Calendar and seasonally adjusted,Male,From 55 to 64 years,Annual,2023,434.225,Normal value,False
Employed population by age groups,AUT,Austria,Employment,Persons,Calendar and seasonally adjusted,Male,From 55 to 64 years,Annual,2024,446.1,Normal value,False
Employed population by age groups,AUT,Austria,Employment,Persons,Calendar and seasonally adjusted,Male,From 55 to 64 years,Annual,2025,451.475,Normal value,False
Employed population by age groups,BEL,Belgium,Employment,Persons,Calendar and seasonally adjusted,Male,From 55 to 64 years,Annual,2017,389.0,Normal value,False
Employed population by age groups,BEL,Belgium,Employment,Persons,Calendar and seasonally adjusted,Male,From 55 to 64 years,Annual,2018,404.25,Normal value,False
Employed population by age groups,BEL,Belgium,Employment,Persons,Calendar and seasonally adjusted,Male,From 55 to 64 years,Annual,2019,427.5,Normal value,False
Employed population by age groups,BEL,Belgium,Employment,Persons,Calendar and seasonally adjusted,Male,From 55 to 64 years,Annual,2020,442.0,Normal value,False
Employed population by age groups,BEL,Belgium,Employment,Persons,Calendar and seasonally adjusted,Male,From 55 to 64 years,Annual,2021,453.9,Normal value,False
Employed population by age groups,BEL,Belgium,Employment,Persons,Calendar and seasonally adjusted,Male,From 55 to 64 years,Annual,2022,473.6,Normal value,False
Employed population by age groups,BEL,Belgium,Employment,Persons,Calendar and seasonally adjusted,Male,From 55 to 64 years,Annual,2023,480.8,Normal value,False
Employed population by age groups,BEL,Belgium,Employment,Persons,Calendar and seasonally adjusted,Male,From 55 to 64 years,Annual,2024,493.95,Normal value,False
Employed population by age groups,BEL,Belgium,Employment,Persons,Calendar and seasonally adjusted,Male,From 55 to 64 years,Annual,2025,508.8,Normal value,False
Employed population by age groups,CAN,Canada,Employment,Persons,Calendar and seasonally adjusted,Male,From 55 to 64 years,Annual,2016,1601.283,Normal value,False
Employed population by age groups,CAN,Canada,Employment,Persons,Calendar and seasonally adjusted,Male,From 55 to 64 years,Annual,2017,1645.675,Normal value,False
Employed population by age groups,CAN,Canada,Employment,Persons,Calendar and seasonally adjusted,Male,From 55 to 64 years,Annual,2018,1706.433,Normal value,False
Employed population by age groups,CAN,Canada,Employment,Persons,Calendar and seasonally adjusted,Male,From 55 to 64 years,Annual,2019,1754.458,Normal value,False
Employed population by age groups,CAN,Canada,Employment,Persons,Calendar and seasonally adjusted,Male,From 55 to 64 years,Annual,2020,1701.767,Normal value,False
Employed population by age groups,CAN,Canada,Employment,Persons,Calendar and seasonally adjusted,Male,From 55 to 64 years,Annual,2021,1759.367,Normal value,False
Employed population by age groups,CAN,Canada,Employment,Persons,Calendar and seasonally adjusted,Male,From 55 to 64 years,Annual,2022,1748.925,Normal value,False
Employed population by age groups,CAN,Canada,Employment,Persons,Calendar and seasonally adjusted,Male,From 55 to 64 years,Annual,2023,1764.567,Normal value,False
Employed population by age groups,CAN,Canada,Employment,Persons,Calendar and seasonally adjusted,Male,From 55 to 64 years,Annual,2024,1747.942,Normal value,False
Employed population by age groups,CAN,Canada,Employment,Persons,Calendar and seasonally adjusted,Male,From 55 to 64 years,Annual,2025,1709.017,Normal value,False
Employed population by age groups,COL,Colombia,Employment,Persons,Calendar and seasonally adjusted,Male,From 55 to 64 years,Annual,2016,1444.586,Normal value,False
Employed population by age groups,COL,Colombia,Employment,Persons,Calendar and seasonally adjusted,Male,From 55 to 64 years,Annual,2017,1522.579,Normal value,False
Employed population by age groups,COL,Colombia,Employment,Persons,Calendar and seasonally adjusted,Male,From 55 to 64 years,Annual,2018,1598.451,Normal value,False
Employed population by age groups,COL,Colombia,Employment,Persons,Calendar and seasonally adjusted,Male,From 55 to 64 years,Annual,2019,1613.79,Normal value,False
Employed population by age groups,COL,Colombia,Employment,Persons,Calendar and seasonally adjusted,Male,From 55 to 64 years,Annual,2020,1533.232,Normal value,False
Employed population by age groups,COL,Colombia,Employment,Persons,Calendar and seasonally adjusted,Male,From 55 to 64 years,Annual,2021,1570.53,Normal value,False
Employed population by age groups,COL,Colombia,Employment,Persons,Calendar and seasonally adjusted,Male,From 55 to 64 years,Annual,2022,1699.49,Normal value,False
Employed population by age groups,COL,Colombia,Employment,Persons,Calendar and seasonally adjusted,Male,From 55 to 64 years,Annual,2023,1746.481,Normal value,False
Employed population by age groups,COL,Colombia,Employment,Persons,Calendar and seasonally adjusted,Male,From 55 to 64 years,Annual,2024,1761.796,Normal value,False
Employed population by age groups,COL,Colombia,Employment,Persons,Calendar and seasonally adjusted,Male,From 55 to 64 years,Annual,2025,1812.059,Normal value,False
Employed population by age groups,CRI,Costa Rica,Employment,Persons,Calendar and seasonally adjusted,Male,From 55 to 64 years,Annual,2016,155.9037,Normal value,False
Employed population by age groups,CRI,Costa Rica,Employment,Persons,Calendar and seasonally adjusted,Male,From 55 to 64 years,Annual,2017,164.7375,Normal value,False
Employed population by age groups,CRI,Costa Rica,Employment,Persons,Calendar and seasonally adjusted,Male,From 55 to 64 years,Annual,2018,186.9297,Normal value,False
Employed population by age groups,CRI,Costa Rica,Employment,Persons,Calendar and seasonally adjusted,Male,From 55 to 64 years,Annual,2019,209.5975,Normal value,False
Employed population by age groups,CRI,Costa Rica,Employment,Persons,Calendar and seasonally adjusted,Male,From 55 to 64 years,Annual,2020,194.5565,Normal value,False
Employed population by age groups,CRI,Costa Rica,Employment,Persons,Calendar and seasonally adjusted,Male,From 55 to 64 years,Annual,2021,202.6005,Normal value,False
Employed population by age groups,CRI,Costa Rica,Employment,Persons,Calendar and seasonally adjusted,Male,From 55 to 64 years,Annual,2022,211.6118,Normal value,False
Employed population by age groups,CRI,Costa Rica,Employment,Persons,Calendar and seasonally adjusted,Male,From 55 to 64 years,Annual,2023,208.0638,Normal value,False
Employed population by age groups,CRI,Costa Rica,Employment,Persons,Calendar and seasonally adjusted,Male,From 55 to 64 years,Annual,2024,215.7825,Normal value,False
Employed population by age groups,CRI,Costa Rica,Employment,Persons,Calendar and seasonally adjusted,Male,From 55 to 64 years,Annual,2025,212.0753,Normal value,False
Employed population by age groups,CZE,Czechia,Employment,Persons,Calendar and seasonally adjusted,Male,From 55 to 64 years,Annual,2016,452.35,Normal value,False
Employed population by age groups,CZE,Czechia,Employment,Persons,Calendar and seasonally adjusted,Male,From 55 to 64 years,Annual,2017,466.425,Normal value,False
Employed population by age groups,CZE,Czechia,Employment,Persons,Calendar and seasonally adjusted,Male,From 55 to 64 years,Annual,2018,476.3,Normal value,False
Employed population by age groups,CZE,Czechia,Employment,Persons,Calendar and seasonally adjusted,Male,From 55 to 64 years,Annual,2019,480.675,Normal value,False
Employed population by age groups,CZE,Czechia,Employment,Persons,Calendar and seasonally adjusted,Male,From 55 to 64 years,Annual,2020,484.325,Normal value,False
Employed population by age groups,CZE,Czechia,Employment,Persons,Calendar and seasonally adjusted,Male,From 55 to 64 years,Annual,2022,499.575,Normal value,False
Employed population by age groups,CZE,Czechia,Employment,Persons,Calendar and seasonally adjusted,Male,From 55 to 64 years,Annual,2023,485.325,Normal value,False
Employed population by age groups,CZE,Czechia,Employment,Persons,Calendar and seasonally adjusted,Male,From 55 to 64 years,Annual,2024,498.75,Normal value,False
Employed population by age groups,CZE,Czechia,Employment,Persons,Calendar and seasonally adjusted,Male,From 55 to 64 years,Annual,2025,516.975,Normal value,False
Employed population by age groups,DNK,Denmark,Employment,Persons,Calendar and seasonally adjusted,Male,From 55 to 64 years,Annual,2017,252.85,Normal value,False
Employed population by age groups,DNK,Denmark,Employment,Persons,Calendar and seasonally adjusted,Male,From 55 to 64 years,Annual,2018,261.825,Normal value,False
Employed population by age groups,DNK,Denmark,Employment,Persons,Calendar and seasonally adjusted,Male,From 55 to 64 years,Annual,2019,273.925,Normal value,False
Employed population by age groups,DNK,Denmark,Employment,Persons,Calendar and seasonally adjusted,Male,From 55 to 64 years,Annual,2020,279.475,Normal value,False
Employed population by age groups,DNK,Denmark,Employment,Persons,Calendar and seasonally adjusted,Male,From 55 to 64 years,Annual,2021,286.825,Normal value,False
Employed population by age groups,DNK,Denmark,Employment,Persons,Calendar and seasonally adjusted,Male,From 55 to 64 years,Annual,2022,294.75,Normal value,False
Employed population by age groups,DNK,Denmark,Employment,Persons,Calendar and seasonally adjusted,Male,From 55 to 64 years,Annual,2023,305.175,Normal value,False
Employed population by age groups,DNK,Denmark,Employment,Persons,Calendar and seasonally adjusted,Male,From 55 to 64 years,Annual,2024,310.075,Normal value,False
Employed population by age groups,DNK,Denmark,Employment,Persons,Calendar and seasonally adjusted,Male,From 55 to 64 years,Annual,2025,310.25,Normal value,False
Employed population by age groups,EST,Estonia,Employment,Persons,Calendar and seasonally adjusted,Male,From 55 to 64 years,Annual,2016,48.75,Normal value,False
Employed population by age groups,EST,Estonia,Employment,Persons,Calendar and seasonally adjusted,Male,From 55 to 64 years,Annual,2017,51.25,Normal value,False
Employed population by age groups,EST,Estonia,Employment,Persons,Calendar and seasonally adjusted,Male,From 55 to 64 years,Annual,2018,50.75,Normal value,False
Employed population by age groups,EST,Estonia,Employment,Persons,Calendar and seasonally adjusted,Male,From 55 to 64 years,Annual,2019,54.25,Normal value,False
Employed population by age groups,EST,Estonia,Employment,Persons,Calendar and seasonally adjusted,Male,From 55 to 64 years,Annual,2020,54.0,Normal value,False
Employed population by age groups,EST,Estonia,Employment,Persons,Calendar and seasonally adjusted,Male,From 55 to 64 years,Annual,2021,54.95,Normal value,False
Employed population by age groups,EST,Estonia,Employment,Persons,Calendar and seasonally adjusted,Male,From 55 to 64 years,Annual,2022,56.125,Normal value,False
Employed population by age groups,EST,Estonia,Employment,Persons,Calendar and seasonally adjusted,Male,From 55 to 64 years,Annual,2023,58.1,Normal value,False
Employed population by age groups,EST,Estonia,Employment,Persons,Calendar and seasonally adjusted,Male,From 55 to 64 years,Annual,2024,57.4,Normal value,False
Employed population by age groups,EST,Estonia,Employment,Persons,Calendar and seasonally adjusted,Male,From 55 to 64 years,Annual,2025,57.925,Normal value,False
Employed population by age groups,FIN,Finland,Employment,Persons,Calendar and seasonally adjusted,Male,From 55 to 64 years,Annual,2016,214.5,Normal value,False
Employed population by age groups,FIN,Finland,Employment,Persons,Calendar and seasonally adjusted,Male,From 55 to 64 years,Annual,2017,220.5,Normal value,False
Employed population by age groups,FIN,Finland,Employment,Persons,Calendar and seasonally adjusted,Male,From 55 to 64 years,Annual,2018,229.5,Normal value,False
Employed population by age groups,FIN,Finland,Employment,Persons,Calendar and seasonally adjusted,Male,From 55 to 64 years,Annual,2019,231.75,Normal value,False
Employed population by age groups,FIN,Finland,Employment,Persons,Calendar and seasonally adjusted,Male,From 55 to 64 years,Annual,2020,236.75,Normal value,False
Employed population by age groups,FIN,Finland,Employment,Persons,Calendar and seasonally adjusted,Male,From 55 to 64 years,Annual,2021,245.4,Normal value,False
Employed population by age groups,FIN,Finland,Employment,Persons,Calendar and seasonally adjusted,Male,From 55 to 64 years,Annual,2022,250.275,Normal value,False
Employed population by age groups,FIN,Finland,Employment,Persons,Calendar and seasonally adjusted,Male,From 55 to 64 years,Annual,2023,251.3,Normal value,False
Employed population by age groups,FIN,Finland,Employment,Persons,Calendar and seasonally adjusted,Male,From 55 to 64 years,Annual,2024,250.75,Normal value,False
Employed population by age groups,FIN,Finland,Employment,Persons,Calendar and seasonally adjusted,Male,From 55 to 64 years,Annual,2025,248.025,Normal value,False
Employed population by age groups,FRA,France,Employment,Persons,Calendar and seasonally adjusted,Male,From 55 to 64 years,Annual,2016,2052.5,Normal value,False
Employed population by age groups,FRA,France,Employment,Persons,Calendar and seasonally adjusted,Male,From 55 to 64 years,Annual,2017,2105.25,Normal value,False
Employed population by age groups,FRA,France,Employment,Persons,Calendar and seasonally adjusted,Male,From 55 to 64 years,Annual,2018,2172.5,Normal value,False
Employed population by age groups,FRA,France,Employment,Persons,Calendar and seasonally adjusted,Male,From 55 to 64 years,Annual,2019,2242.0,Normal value,False
Employed population by age groups,FRA,France,Employment,Persons,Calendar and seasonally adjusted,Male,From 55 to 64 years,Annual,2020,2278.75,Normal value,False
Employed population by age groups,FRA,France,Employment,Persons,Calendar and seasonally adjusted,Male,From 55 to 64 years,Annual,2021,2339.0,Normal value,False
Employed population by age groups,FRA,France,Employment,Persons,Calendar and seasonally adjusted,Male,From 55 to 64 years,Annual,2022,2384.975,Normal value,False
Employed population by age groups,FRA,France,Employment,Persons,Calendar and seasonally adjusted,Male,From 55 to 64 years,Annual,2023,2455.0,Normal value,False
Employed population by age groups,FRA,France,Employment,Persons,Calendar and seasonally adjusted,Male,From 55 to 64 years,Annual,2024,2579.7,Normal value,False
Employed population by age groups,FRA,France,Employment,Persons,Calendar and seasonally adjusted,Male,From 55 to 64 years,Annual,2025,2660.25,Normal value,False
Employed population by age groups,DEU,Germany,Employment,Persons,Calendar and seasonally adjusted,Male,From 55 to 64 years,Annual,2016,4051.75,Normal value,False
Employed population by age groups,DEU,Germany,Employment,Persons,Calendar and seasonally adjusted,Male,From 55 to 64 years,Annual,2017,4209.25,Normal value,False
Employed population by age groups,DEU,Germany,Employment,Persons,Calendar and seasonally adjusted,Male,From 55 to 64 years,Annual,2018,4406.5,Normal value,False
Employed population by age groups,DEU,Germany,Employment,Persons,Calendar and seasonally adjusted,Male,From 55 to 64 years,Annual,2021,4791.225,Normal value,False
Employed population by age groups,DEU,Germany,Employment,Persons,Calendar and seasonally adjusted,Male,From 55 to 64 years,Annual,2022,4952.125,Normal value,False
Employed population by age groups,DEU,Germany,Employment,Persons,Calendar and seasonally adjusted,Male,From 55 to 64 years,Annual,2023,5056.15,Normal value,False
Employed population by age groups,DEU,Germany,Employment,Persons,Calendar and seasonally adjusted,Male,From 55 to 64 years,Annual,2024,5127.925,Normal value,False
Employed population by age groups,DEU,Germany,Employment,Persons,Calendar and seasonally adjusted,Male,From 55 to 64 years,Annual,2025,5105.3,Normal value,False
Employed population by age groups,GRC,Greece,Employment,Persons,Calendar and seasonally adjusted,Male,From 55 to 64 years,Annual,2016,298.25,Normal value,False
Employed population by age groups,GRC,Greece,Employment,Persons,Calendar and seasonally adjusted,Male,From 55 to 64 years,Annual,2017,322.25,Normal value,False
Employed population by age groups,GRC,Greece,Employment,Persons,Calendar and seasonally adjusted,Male,From 55 to 64 years,Annual,2018,348.25,Normal value,False
Employed population by age groups,GRC,Greece,Employment,Persons,Calendar and seasonally adjusted,Male,From 55 to 64 years,Annual,2019,368.25,Normal value,False
Employed population by age groups,GRC,Greece,Employment,Persons,Calendar and seasonally adjusted,Male,From 55 to 64 years,Annual,2020,362.5,Normal value,False
Employed population by age groups,GRC,Greece,Employment,Persons,Calendar and seasonally adjusted,Male,From 55 to 64 years,Annual,2021,402.875,Normal value,False
Employed population by age groups,GRC,Greece,Employment,Persons,Calendar and seasonally adjusted,Male,From 55 to 64 years,Annual,2022,438.825,Normal value,False
Employed population by age groups,GRC,Greece,Employment,Persons,Calendar and seasonally adjusted,Male,From 55 to 64 years,Annual,2023,453.975,Normal value,False
Employed population by age groups,GRC,Greece,Employment,Persons,Calendar and seasonally adjusted,Male,From 55 to 64 years,Annual,2024,474.5,Normal value,False
Employed population by age groups,GRC,Greece,Employment,Persons,Calendar and seasonally adjusted,Male,From 55 to 64 years,Annual,2025,489.575,Normal value,False
Employed population by age groups,HUN,Hungary,Employment,Persons,Calendar and seasonally adjusted,Male,From 55 to 64 years,Annual,2016,368.8,Normal value,False
Employed population by age groups,HUN,Hungary,Employment,Persons,Calendar and seasonally adjusted,Male,From 55 to 64 years,Annual,2018,389.8,Normal value,False
Employed population by age groups,HUN,Hungary,Employment,Persons,Calendar and seasonally adjusted,Male,From 55 to 64 years,Annual,2019,397.55,Normal value,False
Employed population by age groups,HUN,Hungary,Employment,Persons,Calendar and seasonally adjusted,Male,From 55 to 64 years,Annual,2021,400.925,Normal value,False
Employed population by age groups,HUN,Hungary,Employment,Persons,Calendar and seasonally adjusted,Male,From 55 to 64 years,Annual,2022,411.15,Normal value,False
Employed population by age groups,HUN,Hungary,Employment,Persons,Calendar and seasonally adjusted,Male,From 55 to 64 years,Annual,2023,429.15,Normal value,False
Employed population by age groups,HUN,Hungary,Employment,Persons,Calendar and seasonally adjusted,Male,From 55 to 64 years,Annual,2024,436.275,Normal value,False
Employed population by age groups,HUN,Hungary,Employment,Persons,Calendar and seasonally adjusted,Male,From 55 to 64 years,Annual,2025,454.875,Normal value,False
Employed population by age groups,ISL,Iceland,Employment,Persons,Calendar and seasonally adjusted,Male,From 55 to 64 years,Annual,2016,17.5,Normal value,False
Employed population by age groups,ISL,Iceland,Employment,Persons,Calendar and seasonally adjusted,Male,From 55 to 64 years,Annual,2017,18.0,Normal value,False
Employed population by age groups,ISL,Iceland,Employment,Persons,Calendar and seasonally adjusted,Male,From 55 to 64 years,Annual,2018,17.5,Normal value,False
Employed population by age groups,ISL,Iceland,Employment,Persons,Calendar and seasonally adjusted,Male,From 55 to 64 years,Annual,2019,18.0,Normal value,False
Employed population by age groups,ISL,Iceland,Employment,Persons,Calendar and seasonally adjusted,Male,From 55 to 64 years,Annual,2021,17.9,Normal value,False
Employed population by age groups,ISL,Iceland,Employment,Persons,Calendar and seasonally adjusted,Male,From 55 to 64 years,Annual,2022,18.575,Normal value,False
Employed population by age groups,ISL,Iceland,Employment,Persons,Calendar and seasonally adjusted,Male,From 55 to 64 years,Annual,2023,19.0,Normal value,False
Employed population by age groups,ISL,Iceland,Employment,Persons,Calendar and seasonally adjusted,Male,From 55 to 64 years,Annual,2024,19.475,Normal value,False
Employed population by age groups,IRL,Ireland,Employment,Persons,Calendar and seasonally adjusted,Male,From 55 to 64 years,Annual,2016,163.5,Normal value,False
Employed population by age groups,IRL,Ireland,Employment,Persons,Calendar and seasonally adjusted,Male,From 55 to 64 years,Annual,2017,171.0,Normal value,False
Employed population by age groups,IRL,Ireland,Employment,Persons,Calendar and seasonally adjusted,Male,From 55 to 64 years,Annual,2018,179.0,Normal value,False
Employed population by age groups,IRL,Ireland,Employment,Persons,Calendar and seasonally adjusted,Male,From 55 to 64 years,Annual,2019,186.75,Normal value,False
Employed population by age groups,IRL,Ireland,Employment,Persons,Calendar and seasonally adjusted,Male,From 55 to 64 years,Annual,2020,187.5,Normal value,False
Employed population by age groups,IRL,Ireland,Employment,Persons,Calendar and seasonally adjusted,Male,From 55 to 64 years,Annual,2021,196.675,Normal value,False
Employed population by age groups,IRL,Ireland,Employment,Persons,Calendar and seasonally adjusted,Male,From 55 to 64 years,Annual,2022,218.25,Normal value,False
Employed population by age groups,IRL,Ireland,Employment,Persons,Calendar and seasonally adjusted,Male,From 55 to 64 years,Annual,2023,224.675,Normal value,False
Employed population by age groups,IRL,Ireland,Employment,Persons,Calendar and seasonally adjusted,Male,From 55 to 64 years,Annual,2024,229.9,Normal value,False
Employed population by age groups,IRL,Ireland,Employment,Persons,Calendar and seasonally adjusted,Male,From 55 to 64 years,Annual,2025,237.525,Normal value,False
Employed population by age groups,ISR,Israel,Employment,Persons,Calendar and seasonally adjusted,Male,From 55 to 64 years,Annual,2016,283.5333,Normal value,False
Employed population by age groups,ISR,Israel,Employment,Persons,Calendar and seasonally adjusted,Male,From 55 to 64 years,Annual,2017,290.1333,Normal value,False
Employed population by age groups,ISR,Israel,Employment,Persons,Calendar and seasonally adjusted,Male,From 55 to 64 years,Annual,2018,287.375,Normal value,False
Employed population by age groups,ISR,Israel,Employment,Persons,Calendar and seasonally adjusted,Male,From 55 to 64 years,Annual,2019,300.3917,Normal value,False
Employed population by age groups,ISR,Israel,Employment,Persons,Calendar and seasonally adjusted,Male,From 55 to 64 years,Annual,2020,299.5833,Normal value,False
Employed population by age groups,ISR,Israel,Employment,Persons,Calendar and seasonally adjusted,Male,From 55 to 64 years,Annual,2021,297.0583,Normal value,False
Employed population by age groups,ISR,Israel,Employment,Persons,Calendar and seasonally adjusted,Male,From 55 to 64 years,Annual,2022,313.1,Normal value,False
Employed population by age groups,ISR,Israel,Employment,Persons,Calendar and seasonally adjusted,Male,From 55 to 64 years,Annual,2023,327.4167,Normal value,False
Employed population by age groups,ISR,Israel,Employment,Persons,Calendar and seasonally adjusted,Male,From 55 to 64 years,Annual,2025,313.675,Normal value,False
Employed population by age groups,ITA,Italy,Employment,Persons,Calendar and seasonally adjusted,Male,From 55 to 64 years,Annual,2016,2269.5,Normal value,False
Employed population by age groups,ITA,Italy,Employment,Persons,Calendar and seasonally adjusted,Male,From 55 to 64 years,Annual,2017,2361.5,Normal value,False
Employed population by age groups,ITA,Italy,Employment,Persons,Calendar and seasonally adjusted,Male,From 55 to 64 years,Annual,2018,2484.75,Normal value,False
Employed population by age groups,ITA,Italy,Employment,Persons,Calendar and seasonally adjusted,Male,From 55 to 64 years,Annual,2019,2560.75,Normal value,False
Employed population by age groups,ITA,Italy,Employment,Persons,Calendar and seasonally adjusted,Male,From 55 to 64 years,Annual,2020,2593.75,Normal value,False
Employed population by age groups,ITA,Italy,Employment,Persons,Calendar and seasonally adjusted,Male,From 55 to 64 years,Annual,2021,2642.8,Normal value,False
Employed population by age groups,ITA,Italy,Employment,Persons,Calendar and seasonally adjusted,Male,From 55 to 64 years,Annual,2022,2779.1,Normal value,False
Employed population by age groups,ITA,Italy,Employment,Persons,Calendar and seasonally adjusted,Male,From 55 to 64 years,Annual,2023,2956.2,Normal value,False
Employed population by age groups,ITA,Italy,Employment,Persons,Calendar and seasonally adjusted,Male,From 55 to 64 years,Annual,2024,3084.975,Normal value,False
Employed population by age groups,ITA,Italy,Employment,Persons,Calendar and seasonally adjusted,Male,From 55 to 64 years,Annual,2025,3212.75,Normal value,False
Employed population by age groups,KOR,Korea,Employment,Persons,Calendar and seasonally adjusted,Male,From 55 to 64 years,Annual,2016,2766.208,Normal value,False
Employed population by age groups,KOR,Korea,Employment,Persons,Calendar and seasonally adjusted,Male,From 55 to 64 years,Annual,2017,2938.017,Normal value,False
Employed population by age groups,KOR,Korea,Employment,Persons,Calendar and seasonally adjusted,Male,From 55 to 64 years,Annual,2018,3025.308,Normal value,False
Employed population by age groups,KOR,Korea,Employment,Persons,Calendar and seasonally adjusted,Male,From 55 to 64 years,Annual,2019,3057.575,Normal value,False
Employed population by age groups,KOR,Korea,Employment,Persons,Calendar and seasonally adjusted,Male,From 55 to 64 years,Annual,2020,3100.292,Normal value,False
Employed population by age groups,KOR,Korea,Employment,Persons,Calendar and seasonally adjusted,Male,From 55 to 64 years,Annual,2021,3137.425,Normal value,False
Employed population by age groups,KOR,Korea,Employment,Persons,Calendar and seasonally adjusted,Male,From 55 to 64 years,Annual,2022,3247.375,Normal value,False
Employed population by age groups,KOR,Korea,Employment,Persons,Calendar and seasonally adjusted,Male,From 55 to 64 years,Annual,2023,3291.125,Normal value,False
Employed population by age groups,KOR,Korea,Employment,Persons,Calendar and seasonally adjusted,Male,From 55 to 64 years,Annual,2024,3319.767,Normal value,False
Employed population by age groups,KOR,Korea,Employment,Persons,Calendar and seasonally adjusted,Male,From 55 to 64 years,Annual,2025,3318.142,Normal value,False
Employed population by age groups,LVA,Latvia,Employment,Persons,Calendar and seasonally adjusted,Male,From 55 to 64 years,Annual,2016,71.0,Normal value,False
Employed population by age groups,LVA,Latvia,Employment,Persons,Calendar and seasonally adjusted,Male,From 55 to 64 years,Annual,2017,72.75,Normal value,False
Employed population by age groups,LVA,Latvia,Employment,Persons,Calendar and seasonally adjusted,Male,From 55 to 64 years,Annual,2018,78.5,Normal value,False
Employed population by age groups,LVA,Latvia,Employment,Persons,Calendar and seasonally adjusted,Male,From 55 to 64 years,Annual,2019,80.25,Normal value,False
Employed population by age groups,LVA,Latvia,Employment,Persons,Calendar and seasonally adjusted,Male,From 55 to 64 years,Annual,2020,82.0,Normal value,False
Employed population by age groups,LVA,Latvia,Employment,Persons,Calendar and seasonally adjusted,Male,From 55 to 64 years,Annual,2021,80.45,Normal value,False
Employed population by age groups,LVA,Latvia,Employment,Persons,Calendar and seasonally adjusted,Male,From 55 to 64 years,Annual,2022,79.625,Normal value,False
Employed population by age groups,LVA,Latvia,Employment,Persons,Calendar and seasonally adjusted,Male,From 55 to 64 years,Annual,2023,80.45,Normal value,False
Employed population by age groups,LVA,Latvia,Employment,Persons,Calendar and seasonally adjusted,Male,From 55 to 64 years,Annual,2024,80.7,Normal value,False
Employed population by age groups,LVA,Latvia,Employment,Persons,Calendar and seasonally adjusted,Male,From 55 to 64 years,Annual,2025,82.0,Normal value,False
Employed population by age groups,LTU,Lithuania,Employment,Persons,Calendar and seasonally adjusted,Male,From 55 to 64 years,Annual,2016,115.75,Normal value,False
Employed population by age groups,LTU,Lithuania,Employment,Persons,Calendar and seasonally adjusted,Male,From 55 to 64 years,Annual,2017,118.75,Normal value,False
Employed population by age groups,LTU,Lithuania,Employment,Persons,Calendar and seasonally adjusted,Male,From 55 to 64 years,Annual,2018,127.5,Normal value,False
Employed population by age groups,LTU,Lithuania,Employment,Persons,Calendar and seasonally adjusted,Male,From 55 to 64 years,Annual,2019,128.0,Normal value,False
Employed population by age groups,LTU,Lithuania,Employment,Persons,Calendar and seasonally adjusted,Male,From 55 to 64 years,Annual,2020,127.75,Normal value,False
Employed population by age groups,LTU,Lithuania,Employment,Persons,Calendar and seasonally adjusted,Male,From 55 to 64 years,Annual,2021,126.75,Normal value,False
Employed population by age groups,LTU,Lithuania,Employment,Persons,Calendar and seasonally adjusted,Male,From 55 to 64 years,Annual,2022,135.325,Normal value,False
Employed population by age groups,LTU,Lithuania,Employment,Persons,Calendar and seasonally adjusted,Male,From 55 to 64 years,Annual,2023,133.125,Normal value,False
Employed population by age groups,LTU,Lithuania,Employment,Persons,Calendar and seasonally adjusted,Male,From 55 to 64 years,Annual,2024,131.9,Normal value,False
Employed population by age groups,LTU,Lithuania,Employment,Persons,Calendar and seasonally adjusted,Male,From 55 to 64 years,Annual,2025,126.025,Normal value,False
Employed population by age groups,LUX,Luxembourg,Employment,Persons,Calendar and seasonally adjusted,Male,From 55 to 64 years,Annual,2016,15.675,Normal value,False
Employed population by age groups,LUX,Luxembourg,Employment,Persons,Calendar and seasonally adjusted,Male,From 55 to 64 years,Annual,2017,16.025,Normal value,False
Employed population by age groups,LUX,Luxembourg,Employment,Persons,Calendar and seasonally adjusted,Male,From 55 to 64 years,Annual,2018,16.6,Normal value,False
Employed population by age groups,LUX,Luxembourg,Employment,Persons,Calendar and seasonally adjusted,Male,From 55 to 64 years,Annual,2019,18.525,Normal value,False
Employed population by age groups,LUX,Luxembourg,Employment,Persons,Calendar and seasonally adjusted,Male,From 55 to 64 years,Annual,2021,20.8,Normal value,False
Employed population by age groups,LUX,Luxembourg,Employment,Persons,Calendar and seasonally adjusted,Male,From 55 to 64 years,Annual,2022,21.825,Normal value,False
Employed population by age groups,LUX,Luxembourg,Employment,Persons,Calendar and seasonally adjusted,Male,From 55 to 64 years,Annual,2023,21.15,Normal value,False
Employed population by age groups,LUX,Luxembourg,Employment,Persons,Calendar and seasonally adjusted,Male,From 55 to 64 years,Annual,2024,22.75,Normal value,False
Employed population by age groups,LUX,Luxembourg,Employment,Persons,Calendar and seasonally adjusted,Male,From 55 to 64 years,Annual,2025,24.55,Normal value,False
Employed population by age groups,MEX,Mexico,Employment,Persons,Calendar and seasonally adjusted,Male,From 55 to 64 years,Annual,2016,3458.345,Normal value,False
Employed population by age groups,MEX,Mexico,Employment,Persons,Calendar and seasonally adjusted,Male,From 55 to 64 years,Annual,2017,3555.244,Normal value,False
Employed population by age groups,MEX,Mexico,Employment,Persons,Calendar and seasonally adjusted,Male,From 55 to 64 years,Annual,2018,3738.45,Normal value,False
Employed population by age groups,MEX,Mexico,Employment,Persons,Calendar and seasonally adjusted,Male,From 55 to 64 years,Annual,2019,3863.382,Normal value,False
Employed population by age groups,MEX,Mexico,Employment,Persons,Calendar and seasonally adjusted,Male,From 55 to 64 years,Annual,2021,4128.691,Normal value,False
Employed population by age groups,MEX,Mexico,Employment,Persons,Calendar and seasonally adjusted,Male,From 55 to 64 years,Annual,2022,4237.205,Normal value,False
Employed population by age groups,MEX,Mexico,Employment,Persons,Calendar and seasonally adjusted,Male,From 55 to 64 years,Annual,2023,4416.24,Normal value,False
Employed population by age groups,MEX,Mexico,Employment,Persons,Calendar and seasonally adjusted,Male,From 55 to 64 years,Annual,2024,4563.216,Normal value,False
Employed population by age groups,MEX,Mexico,Employment,Persons,Calendar and seasonally adjusted,Male,From 55 to 64 years,Annual,2025,4659.225,Normal value,False
Employed population by age groups,NLD,Netherlands,Employment,Persons,Calendar and seasonally adjusted,Male,From 55 to 64 years,Annual,2016,809.25,Normal value,False
Employed population by age groups,NLD,Netherlands,Employment,Persons,Calendar and seasonally adjusted,Male,From 55 to 64 years,Annual,2017,842.25,Normal value,False
Employed population by age groups,NLD,Netherlands,Employment,Persons,Calendar and seasonally adjusted,Male,From 55 to 64 years,Annual,2018,874.25,Normal value,False
Employed population by age groups,NLD,Netherlands,Employment,Persons,Calendar and seasonally adjusted,Male,From 55 to 64 years,Annual,2019,910.0,Normal value,False
Employed population by age groups,NLD,Netherlands,Employment,Persons,Calendar and seasonally adjusted,Male,From 55 to 64 years,Annual,2020,938.75,Normal value,False
Employed population by age groups,NLD,Netherlands,Employment,Persons,Calendar and seasonally adjusted,Male,From 55 to 64 years,Annual,2021,946.825,Normal value,False
Employed population by age groups,NLD,Netherlands,Employment,Persons,Calendar and seasonally adjusted,Male,From 55 to 64 years,Annual,2022,964.25,Normal value,False
Employed population by age groups,NLD,Netherlands,Employment,Persons,Calendar and seasonally adjusted,Male,From 55 to 64 years,Annual,2023,992.675,Normal value,False
Employed population by age groups,NLD,Netherlands,Employment,Persons,Calendar and seasonally adjusted,Male,From 55 to 64 years,Annual,2024,998.925,Normal value,False
Employed population by age groups,NLD,Netherlands,Employment,Persons,Calendar and seasonally adjusted,Male,From 55 to 64 years,Annual,2025,1008.375,Normal value,False
Employed population by age groups,NZL,New Zealand,Employment,Persons,Calendar and seasonally adjusted,Male,From 55 to 64 years,Annual,2016,218.425,Normal value,False
Employed population by age groups,NZL,New Zealand,Employment,Persons,Calendar and seasonally adjusted,Male,From 55 to 64 years,Annual,2017,232.425,Normal value,False
Employed population by age groups,NZL,New Zealand,Employment,Persons,Calendar and seasonally adjusted,Male,From 55 to 64 years,Annual,2018,238.225,Normal value,False
Employed population by age groups,NZL,New Zealand,Employment,Persons,Calendar and seasonally adjusted,Male,From 55 to 64 years,Annual,2019,236.375,Normal value,False
Employed population by age groups,NZL,New Zealand,Employment,Persons,Calendar and seasonally adjusted,Male,From 55 to 64 years,Annual,2020,243.85,Normal value,False
Employed population by age groups,NZL,New Zealand,Employment,Persons,Calendar and seasonally adjusted,Male,From 55 to 64 years,Annual,2021,247.875,Normal value,False
Employed population by age groups,NZL,New Zealand,Employment,Persons,Calendar and seasonally adjusted,Male,From 55 to 64 years,Annual,2022,250.1,Normal value,False
Employed population by age groups,NZL,New Zealand,Employment,Persons,Calendar and seasonally adjusted,Male,From 55 to 64 years,Annual,2023,251.65,Normal value,False
Employed population by age groups,NZL,New Zealand,Employment,Persons,Calendar and seasonally adjusted,Male,From 55 to 64 years,Annual,2024,248.125,Normal value,False
Employed population by age groups,NOR,Norway,Employment,Persons,Calendar and seasonally adjusted,Male,From 55 to 64 years,Annual,2016,236.5,Normal value,False
Employed population by age groups,NOR,Norway,Employment,Persons,Calendar and seasonally adjusted,Male,From 55 to 64 years,Annual,2017,239.5,Normal value,False
Employed population by age groups,NOR,Norway,Employment,Persons,Calendar and seasonally adjusted,Male,From 55 to 64 years,Annual,2018,241.0,Normal value,False
Employed population by age groups,NOR,Norway,Employment,Persons,Calendar and seasonally adjusted,Male,From 55 to 64 years,Annual,2019,246.75,Normal value,False
Employed population by age groups,NOR,Norway,Employment,Persons,Calendar and seasonally adjusted,Male,From 55 to 64 years,Annual,2020,250.0,Normal value,False
Employed population by age groups,NOR,Norway,Employment,Persons,Calendar and seasonally adjusted,Male,From 55 to 64 years,Annual,2021,260.25,Normal value,False
Employed population by age groups,NOR,Norway,Employment,Persons,Calendar and seasonally adjusted,Male,From 55 to 64 years,Annual,2022,267.6,Normal value,False
Employed population by age groups,NOR,Norway,Employment,Persons,Calendar and seasonally adjusted,Male,From 55 to 64 years,Annual,2023,265.35,Normal value,False
Employed population by age groups,NOR,Norway,Employment,Persons,Calendar and seasonally adjusted,Male,From 55 to 64 years,Annual,2024,271.375,Normal value,False
Employed population by age groups,NOR,Norway,Employment,Persons,Calendar and seasonally adjusted,Male,From 55 to 64 years,Annual,2025,272.1,Normal value,False
Employed population by age groups,POL,Poland,Employment,Persons,Calendar and seasonally adjusted,Male,From 55 to 64 years,Annual,2016,1353.0,Normal value,False
Employed population by age groups,POL,Poland,Employment,Persons,Calendar and seasonally adjusted,Male,From 55 to 64 years,Annual,2017,1404.0,Normal value,False
Employed population by age groups,POL,Poland,Employment,Persons,Calendar and seasonally adjusted,Male,From 55 to 64 years,Annual,2018,1408.25,Normal value,False
Employed population by age groups,POL,Poland,Employment,Persons,Calendar and seasonally adjusted,Male,From 55 to 64 years,Annual,2019,1398.25,Normal value,False
Employed population by age groups,POL,Poland,Employment,Persons,Calendar and seasonally adjusted,Male,From 55 to 64 years,Annual,2020,1442.25,Normal value,False
Employed population by age groups,POL,Poland,Employment,Persons,Calendar and seasonally adjusted,Male,From 55 to 64 years,Annual,2021,1518.15,Normal value,False
Employed population by age groups,POL,Poland,Employment,Persons,Calendar and seasonally adjusted,Male,From 55 to 64 years,Annual,2022,1514.825,Normal value,False
Employed population by age groups,POL,Poland,Employment,Persons,Calendar and seasonally adjusted,Male,From 55 to 64 years,Annual,2023,1486.35,Normal value,False
Employed population by age groups,POL,Poland,Employment,Persons,Calendar and seasonally adjusted,Male,From 55 to 64 years,Annual,2024,1459.525,Normal value,False
Employed population by age groups,POL,Poland,Employment,Persons,Calendar and seasonally adjusted,Male,From 55 to 64 years,Annual,2025,1450.85,Normal value,False
Employed population by age groups,PRT,Portugal,Employment,Persons,Calendar and seasonally adjusted,Male,From 55 to 64 years,Annual,2016,348.25,Normal value,False
Employed population by age groups,PRT,Portugal,Employment,Persons,Calendar and seasonally adjusted,Male,From 55 to 64 years,Annual,2017,386.75,Normal value,False
Employed population by age groups,PRT,Portugal,Employment,Persons,Calendar and seasonally adjusted,Male,From 55 to 64 years,Annual,2018,405.75,Normal value,False
Employed population by age groups,PRT,Portugal,Employment,Persons,Calendar and seasonally adjusted,Male,From 55 to 64 years,Annual,2019,424.25,Normal value,False
Employed population by age groups,PRT,Portugal,Employment,Persons,Calendar and seasonally adjusted,Male,From 55 to 64 years,Annual,2020,422.75,Normal value,False
Employed population by age groups,PRT,Portugal,Employment,Persons,Calendar and seasonally adjusted,Male,From 55 to 64 years,Annual,2021,461.325,Normal value,False
Employed population by age groups,PRT,Portugal,Employment,Persons,Calendar and seasonally adjusted,Male,From 55 to 64 years,Annual,2022,483.9,Normal value,False
Employed population by age groups,PRT,Portugal,Employment,Persons,Calendar and seasonally adjusted,Male,From 55 to 64 years,Annual,2023,489.275,Normal value,False
Employed population by age groups,PRT,Portugal,Employment,Persons,Calendar and seasonally adjusted,Male,From 55 to 64 years,Annual,2024,502.775,Normal value,False
Employed population by age groups,PRT,Portugal,Employment,Persons,Calendar and seasonally adjusted,Male,From 55 to 64 years,Annual,2025,520.825,Normal value,False
Employed population by age groups,SVK,Slovak Republic,Employment,Persons,Calendar and seasonally adjusted,Male,From 55 to 64 years,Annual,2016,192.5,Normal value,False
Employed population by age groups,SVK,Slovak Republic,Employment,Persons,Calendar and seasonally adjusted,Male,From 55 to 64 years,Annual,2017,197.0,Normal value,False
Employed population by age groups,SVK,Slovak Republic,Employment,Persons,Calendar and seasonally adjusted,Male,From 55 to 64 years,Annual,2018,202.0,Normal value,False
Employed population by age groups,SVK,Slovak Republic,Employment,Persons,Calendar and seasonally adjusted,Male,From 55 to 64 years,Annual,2019,207.75,Normal value,False
Employed population by age groups,SVK,Slovak Republic,Employment,Persons,Calendar and seasonally adjusted,Male,From 55 to 64 years,Annual,2020,211.5,Normal value,False
Employed population by age groups,SVK,Slovak Republic,Employment,Persons,Calendar and seasonally adjusted,Male,From 55 to 64 years,Annual,2021,217.15,Normal value,False
Employed population by age groups,SVK,Slovak Republic,Employment,Persons,Calendar and seasonally adjusted,Male,From 55 to 64 years,Annual,2022,223.25,Normal value,False
Employed population by age groups,SVK,Slovak Republic,Employment,Persons,Calendar and seasonally adjusted,Male,From 55 to 64 years,Annual,2023,231.075,Normal value,False
Employed population by age groups,SVK,Slovak Republic,Employment,Persons,Calendar and seasonally adjusted,Male,From 55 to 64 years,Annual,2024,226.675,Normal value,False
Employed population by age groups,SVK,Slovak Republic,Employment,Persons,Calendar and seasonally adjusted,Male,From 55 to 64 years,Annual,2025,232.15,Normal value,False
Employed population by age groups,SVN,Slovenia,Employment,Persons,Calendar and seasonally adjusted,Male,From 55 to 64 years,Annual,2016,64.0,Normal value,False
Employed population by age groups,SVN,Slovenia,Employment,Persons,Calendar and seasonally adjusted,Male,From 55 to 64 years,Annual,2017,70.0,Normal value,False
Employed population by age groups,SVN,Slovenia,Employment,Persons,Calendar and seasonally adjusted,Male,From 55 to 64 years,Annual,2018,76.0,Normal value,False
Employed population by age groups,SVN,Slovenia,Employment,Persons,Calendar and seasonally adjusted,Male,From 55 to 64 years,Annual,2019,78.25,Normal value,False
Employed population by age groups,SVN,Slovenia,Employment,Persons,Calendar and seasonally adjusted,Male,From 55 to 64 years,Annual,2020,82.25,Normal value,False
Employed population by age groups,SVN,Slovenia,Employment,Persons,Calendar and seasonally adjusted,Male,From 55 to 64 years,Annual,2021,83.85,Normal value,False
Employed population by age groups,SVN,Slovenia,Employment,Persons,Calendar and seasonally adjusted,Male,From 55 to 64 years,Annual,2022,87.3,Normal value,False
Employed population by age groups,SVN,Slovenia,Employment,Persons,Calendar and seasonally adjusted,Male,From 55 to 64 years,Annual,2023,89.1,Normal value,False
Employed population by age groups,SVN,Slovenia,Employment,Persons,Calendar and seasonally adjusted,Male,From 55 to 64 years,Annual,2024,95.95,Normal value,False
Employed population by age groups,SVN,Slovenia,Employment,Persons,Calendar and seasonally adjusted,Male,From 55 to 64 years,Annual,2025,94.0,Normal value,False
Employed population by age groups,ESP,Spain,Employment,Persons,Calendar and seasonally adjusted,Male,From 55 to 64 years,Annual,2016,1548.75,Normal value,False
Employed population by age groups,ESP,Spain,Employment,Persons,Calendar and seasonally adjusted,Male,From 55 to 64 years,Annual,2017,1644.75,Normal value,False
Employed population by age groups,ESP,Spain,Employment,Persons,Calendar and seasonally adjusted,Male,From 55 to 64 years,Annual,2018,1742.75,Normal value,False
Employed population by age groups,ESP,Spain,Employment,Persons,Calendar and seasonally adjusted,Male,From 55 to 64 years,Annual,2019,1837.75,Normal value,False
Employed population by age groups,ESP,Spain,Employment,Persons,Calendar and seasonally adjusted,Male,From 55 to 64 years,Annual,2020,1908.0,Normal value,False
Employed population by age groups,ESP,Spain,Employment,Persons,Calendar and seasonally adjusted,Male,From 55 to 64 years,Annual,2021,1982.725,Normal value,False
Employed population by age groups,ESP,Spain,Employment,Persons,Calendar and seasonally adjusted,Male,From 55 to 64 years,Annual,2022,2094.975,Normal value,False
Employed population by age groups,ESP,Spain,Employment,Persons,Calendar and seasonally adjusted,Male,From 55 to 64 years,Annual,2023,2193.475,Normal value,False
Employed population by age groups,ESP,Spain,Employment,Persons,Calendar and seasonally adjusted,Male,From 55 to 64 years,Annual,2024,2293.2,Normal value,False
Employed population by age groups,ESP,Spain,Employment,Persons,Calendar and seasonally adjusted,Male,From 55 to 64 years,Annual,2025,2358.9,Normal value,False
Employed population by age groups,SWE,Sweden,Employment,Persons,Calendar and seasonally adjusted,Male,From 55 to 64 years,Annual,2016,437.0,Normal value,False
Employed population by age groups,SWE,Sweden,Employment,Persons,Calendar and seasonally adjusted,Male,From 55 to 64 years,Annual,2017,446.25,Normal value,False
Employed population by age groups,SWE,Sweden,Employment,Persons,Calendar and seasonally adjusted,Male,From 55 to 64 years,Annual,2018,461.75,Normal value,False
Employed population by age groups,SWE,Sweden,Employment,Persons,Calendar and seasonally adjusted,Male,From 55 to 64 years,Annual,2019,466.5,Normal value,False
Employed population by age groups,SWE,Sweden,Employment,Persons,Calendar and seasonally adjusted,Male,From 55 to 64 years,Annual,2020,475.5,Normal value,False
Employed population by age groups,SWE,Sweden,Employment,Persons,Calendar and seasonally adjusted,Male,From 55 to 64 years,Annual,2021,478.1,Normal value,False
Employed population by age groups,SWE,Sweden,Employment,Persons,Calendar and seasonally adjusted,Male,From 55 to 64 years,Annual,2022,496.175,Normal value,False
Employed population by age groups,SWE,Sweden,Employment,Persons,Calendar and seasonally adjusted,Male,From 55 to 64 years,Annual,2023,512.75,Normal value,False
Employed population by age groups,SWE,Sweden,Employment,Persons,Calendar and seasonally adjusted,Male,From 55 to 64 years,Annual,2024,512.6,Normal value,False
Employed population by age groups,SWE,Sweden,Employment,Persons,Calendar and seasonally adjusted,Male,From 55 to 64 years,Annual,2025,514.8,Normal value,False
Employed population by age groups,CHE,Switzerland,Employment,Persons,Calendar and seasonally adjusted,Male,From 55 to 64 years,Annual,2016,399.75,Normal value,False
Employed population by age groups,CHE,Switzerland,Employment,Persons,Calendar and seasonally adjusted,Male,From 55 to 64 years,Annual,2017,418.5,Normal value,False
Employed population by age groups,CHE,Switzerland,Employment,Persons,Calendar and seasonally adjusted,Male,From 55 to 64 years,Annual,2018,432.0,Normal value,False
Employed population by age groups,CHE,Switzerland,Employment,Persons,Calendar and seasonally adjusted,Male,From 55 to 64 years,Annual,2019,447.0,Normal value,False
Employed population by age groups,CHE,Switzerland,Employment,Persons,Calendar and seasonally adjusted,Male,From 55 to 64 years,Annual,2020,458.75,Normal value,False
Employed population by age groups,CHE,Switzerland,Employment,Persons,Calendar and seasonally adjusted,Male,From 55 to 64 years,Annual,2021,460.975,Normal value,False
Employed population by age groups,CHE,Switzerland,Employment,Persons,Calendar and seasonally adjusted,Male,From 55 to 64 years,Annual,2022,476.5,Normal value,False
Employed population by age groups,CHE,Switzerland,Employment,Persons,Calendar and seasonally adjusted,Male,From 55 to 64 years,Annual,2023,494.775,Normal value,False
Employed population by age groups,CHE,Switzerland,Employment,Persons,Calendar and seasonally adjusted,Male,From 55 to 64 years,Annual,2024,499.85,Normal value,False
Employed population by age groups,CHE,Switzerland,Employment,Persons,Calendar and seasonally adjusted,Male,From 55 to 64 years,Annual,2025,502.125,Normal value,False
Employed population by age groups,TUR,Türkiye,Employment,Persons,Calendar and seasonally adjusted,Male,From 55 to 64 years,Annual,2016,1672.15,Normal value,False
Employed population by age groups,TUR,Türkiye,Employment,Persons,Calendar and seasonally adjusted,Male,From 55 to 64 years,Annual,2017,1793.825,Normal value,False
Employed population by age groups,TUR,Türkiye,Employment,Persons,Calendar and seasonally adjusted,Male,From 55 to 64 years,Annual,2018,1886.925,Normal value,False
Employed population by age groups,TUR,Türkiye,Employment,Persons,Calendar and seasonally adjusted,Male,From 55 to 64 years,Annual,2019,1865.5,Normal value,False
Employed population by age groups,TUR,Türkiye,Employment,Persons,Calendar and seasonally adjusted,Male,From 55 to 64 years,Annual,2021,2006.25,Normal value,False
Employed population by age groups,TUR,Türkiye,Employment,Persons,Calendar and seasonally adjusted,Male,From 55 to 64 years,Annual,2022,2102.0,Normal value,False
Employed population by age groups,TUR,Türkiye,Employment,Persons,Calendar and seasonally adjusted,Male,From 55 to 64 years,Annual,2023,2232.75,Normal value,False
Employed population by age groups,TUR,Türkiye,Employment,Persons,Calendar and seasonally adjusted,Male,From 55 to 64 years,Annual,2024,2385.5,Normal value,False
Employed population by age groups,TUR,Türkiye,Employment,Persons,Calendar and seasonally adjusted,Male,From 55 to 64 years,Annual,2025,2406.75,Normal value,False
Employed population by age groups,GBR,United Kingdom,Employment,Persons,Calendar and seasonally adjusted,Male,From 55 to 64 years,Annual,2016,2581.75,Normal value,False
Employed population by age groups,GBR,United Kingdom,Employment,Persons,Calendar and seasonally adjusted,Male,From 55 to 64 years,Annual,2017,2629.75,Normal value,False
Employed population by age groups,GBR,United Kingdom,Employment,Persons,Calendar and seasonally adjusted,Male,From 55 to 64 years,Annual,2018,2730.25,Normal value,False
Employed population by age groups,GBR,United Kingdom,Employment,Persons,Calendar and seasonally adjusted,Male,From 55 to 64 years,Annual,2019,2823.5,Normal value,False
Employed population by age groups,GBR,United Kingdom,Employment,Persons,Calendar and seasonally adjusted,Male,From 55 to 64 years,Annual,2020,2849.75,Normal value,False
Employed population by age groups,GBR,United Kingdom,Employment,Persons,Calendar and seasonally adjusted,Male,From 55 to 64 years,Annual,2021,2849.5,Normal value,False
Employed population by age groups,GBR,United Kingdom,Employment,Persons,Calendar and seasonally adjusted,Male,From 55 to 64 years,Annual,2022,2917.0,Normal value,False
Employed population by age groups,GBR,United Kingdom,Employment,Persons,Calendar and seasonally adjusted,Male,From 55 to 64 years,Annual,2023,2962.25,Normal value,False
Employed population by age groups,GBR,United Kingdom,Employment,Persons,Calendar and seasonally adjusted,Male,From 55 to 64 years,Annual,2024,3030.0,Normal value,False
Employed population by age groups,GBR,United Kingdom,Employment,Persons,Calendar and seasonally adjusted,Male,From 55 to 64 years,Annual,2025,3055.0,Normal value,False
Employed population by age groups,AUS,Australia,Employment,Persons,Calendar and seasonally adjusted,Total,From 55 to 64 years,Annual,2016,1737.418,Normal value,False
Employed population by age groups,AUS,Australia,Employment,Persons,Calendar and seasonally adjusted,Total,From 55 to 64 years,Annual,2017,1805.759,Normal value,False
Employed population by age groups,AUS,Australia,Employment,Persons,Calendar and seasonally adjusted,Total,From 55 to 64 years,Annual,2018,1847.614,Normal value,False
Employed population by age groups,AUS,Australia,Employment,Persons,Calendar and seasonally adjusted,Total,From 55 to 64 years,Annual,2019,1907.036,Normal value,False
Employed population by age groups,AUS,Australia,Employment,Persons,Calendar and seasonally adjusted,Total,From 55 to 64 years,Annual,2020,1907.865,Normal value,False
Employed population by age groups,AUS,Australia,Employment,Persons,Calendar and seasonally adjusted,Total,From 55 to 64 years,Annual,2021,1965.806,Normal value,False
Employed population by age groups,AUS,Australia,Employment,Persons,Calendar and seasonally adjusted,Total,From 55 to 64 years,Annual,2022,2025.187,Normal value,False
Employed population by age groups,AUS,Australia,Employment,Persons,Calendar and seasonally adjusted,Total,From 55 to 64 years,Annual,2023,2036.041,Normal value,False
Employed population by age groups,AUS,Australia,Employment,Persons,Calendar and seasonally adjusted,Total,From 55 to 64 years,Annual,2024,2065.372,Normal value,False
Employed population by age groups,AUS,Australia,Employment,Persons,Calendar and seasonally adjusted,Total,From 55 to 64 years,Annual,2025,2066.663,Normal value,False
Employed population by age groups,AUT,Austria,Employment,Persons,Calendar and seasonally adjusted,Total,From 55 to 64 years,Annual,2016,538.0,Normal value,False
Employed population by age groups,AUT,Austria,Employment,Persons,Calendar and seasonally adjusted,Total,From 55 to 64 years,Annual,2017,582.0,Normal value,False
Employed population by age groups,AUT,Austria,Employment,Persons,Calendar and seasonally adjusted,Total,From 55 to 64 years,Annual,2018,634.5,Normal value,False
Employed population by age groups,AUT,Austria,Employment,Persons,Calendar and seasonally adjusted,Total,From 55 to 64 years,Annual,2019,663.0,Normal value,False
Employed population by age groups,AUT,Austria,Employment,Persons,Calendar and seasonally adjusted,Total,From 55 to 64 years,Annual,2020,681.5,Normal value,False
Employed population by age groups,AUT,Austria,Employment,Persons,Calendar and seasonally adjusted,Total,From 55 to 64 years,Annual,2021,713.15,Normal value,False
Employed population by age groups,AUT,Austria,Employment,Persons,Calendar and seasonally adjusted,Total,From 55 to 64 years,Annual,2022,741.375,Normal value,False
Employed population by age groups,AUT,Austria,Employment,Persons,Calendar and seasonally adjusted,Total,From 55 to 64 years,Annual,2023,769.5,Normal value,False
Employed population by age groups,AUT,Austria,Employment,Persons,Calendar and seasonally adjusted,Total,From 55 to 64 years,Annual,2024,801.375,Normal value,False
Employed population by age groups,AUT,Austria,Employment,Persons,Calendar and seasonally adjusted,Total,From 55 to 64 years,Annual,2025,834.75,Normal value,False
Employed population by age groups,BEL,Belgium,Employment,Persons,Calendar and seasonally adjusted,Total,From 55 to 64 years,Annual,2017,704.0,Normal value,False
Employed population by age groups,BEL,Belgium,Employment,Persons,Calendar and seasonally adjusted,Total,From 55 to 64 years,Annual,2018,744.75,Normal value,False
Employed population by age groups,BEL,Belgium,Employment,Persons,Calendar and seasonally adjusted,Total,From 55 to 64 years,Annual,2019,783.25,Normal value,False
Employed population by age groups,BEL,Belgium,Employment,Persons,Calendar and seasonally adjusted,Total,From 55 to 64 years,Annual,2020,808.75,Normal value,False
Employed population by age groups,BEL,Belgium,Employment,Persons,Calendar and seasonally adjusted,Total,From 55 to 64 years,Annual,2021,836.525,Normal value,False
Employed population by age groups,BEL,Belgium,Employment,Persons,Calendar and seasonally adjusted,Total,From 55 to 64 years,Annual,2022,875.475,Normal value,False
Employed population by age groups,BEL,Belgium,Employment,Persons,Calendar and seasonally adjusted,Total,From 55 to 64 years,Annual,2023,895.7,Normal value,False
Employed population by age groups,BEL,Belgium,Employment,Persons,Calendar and seasonally adjusted,Total,From 55 to 64 years,Annual,2024,919.1,Normal value,False
Employed population by age groups,BEL,Belgium,Employment,Persons,Calendar and seasonally adjusted,Total,From 55 to 64 years,Annual,2025,949.475,Normal value,False
Employed population by age groups,CAN,Canada,Employment,Persons,Calendar and seasonally adjusted,Total,From 55 to 64 years,Annual,2016,2979.2,Normal value,False
Employed population by age groups,CAN,Canada,Employment,Persons,Calendar and seasonally adjusted,Total,From 55 to 64 years,Annual,2017,3075.25,Normal value,False
Employed population by age groups,CAN,Canada,Employment,Persons,Calendar and seasonally adjusted,Total,From 55 to 64 years,Annual,2018,3186.317,Normal value,False
Employed population by age groups,CAN,Canada,Employment,Persons,Calendar and seasonally adjusted,Total,From 55 to 64 years,Annual,2019,3257.975,Normal value,False
Employed population by age groups,CAN,Canada,Employment,Persons,Calendar and seasonally adjusted,Total,From 55 to 64 years,Annual,2020,3146.825,Normal value,False
Employed population by age groups,CAN,Canada,Employment,Persons,Calendar and seasonally adjusted,Total,From 55 to 64 years,Annual,2021,3268.117,Normal value,False
Employed population by age groups,CAN,Canada,Employment,Persons,Calendar and seasonally adjusted,Total,From 55 to 64 years,Annual,2022,3267.858,Normal value,False
Employed population by age groups,CAN,Canada,Employment,Persons,Calendar and seasonally adjusted,Total,From 55 to 64 years,Annual,2023,3315.642,Normal value,False
Employed population by age groups,CAN,Canada,Employment,Persons,Calendar and seasonally adjusted,Total,From 55 to 64 years,Annual,2024,3277.692,Normal value,False
Employed population by age groups,CAN,Canada,Employment,Persons,Calendar and seasonally adjusted,Total,From 55 to 64 years,Annual,2025,3218.475,Normal value,False
Employed population by age groups,CHL,Chile,Employment,Persons,Calendar and seasonally adjusted,Total,From 55 to 64 years,Annual,2016,1224.118,Normal value,False
Employed population by age groups,CHL,Chile,Employment,Persons,Calendar and seasonally adjusted,Total,From 55 to 64 years,Annual,2017,1292.656,Normal value,False
Employed population by age groups,CHL,Chile,Employment,Persons,Calendar and seasonally adjusted,Total,From 55 to 64 years,Annual,2018,1336.926,Normal value,False
Employed population by age groups,CHL,Chile,Employment,Persons,Calendar and seasonally adjusted,Total,From 55 to 64 years,Annual,2019,1381.95,Normal value,False
Employed population by age groups,CHL,Chile,Employment,Persons,Calendar and seasonally adjusted,Total,From 55 to 64 years,Annual,2020,1198.947,Normal value,False
Employed population by age groups,CHL,Chile,Employment,Persons,Calendar and seasonally adjusted,Total,From 55 to 64 years,Annual,2021,1250.635,Normal value,False
Employed population by age groups,CHL,Chile,Employment,Persons,Calendar and seasonally adjusted,Total,From 55 to 64 years,Annual,2022,1328.522,Normal value,False
Employed population by age groups,CHL,Chile,Employment,Persons,Calendar and seasonally adjusted,Total,From 55 to 64 years,Annual,2023,1380.703,Normal value,False
Employed population by age groups,CHL,Chile,Employment,Persons,Calendar and seasonally adjusted,Total,From 55 to 64 years,Annual,2024,1447.191,Normal value,False
Employed population by age groups,CHL,Chile,Employment,Persons,Calendar and seasonally adjusted,Total,From 55 to 64 years,Annual,2025,1475.007,Normal value,False
Employed population by age groups,COL,Colombia,Employment,Persons,Calendar and seasonally adjusted,Total,From 55 to 64 years,Annual,2016,2438.091,Normal value,False
Employed population by age groups,COL,Colombia,Employment,Persons,Calendar and seasonally adjusted,Total,From 55 to 64 years,Annual,2017,2557.361,Normal value,False
Employed population by age groups,COL,Colombia,Employment,Persons,Calendar and seasonally adjusted,Total,From 55 to 64 years,Annual,2018,2687.792,Normal value,False
Employed population by age groups,COL,Colombia,Employment,Persons,Calendar and seasonally adjusted,Total,From 55 to 64 years,Annual,2019,2692.147,Normal value,False
Employed population by age groups,COL,Colombia,Employment,Persons,Calendar and seasonally adjusted,Total,From 55 to 64 years,Annual,2020,2484.157,Normal value,False
Employed population by age groups,COL,Colombia,Employment,Persons,Calendar and seasonally adjusted,Total,From 55 to 64 years,Annual,2021,2454.639,Normal value,False
Employed population by age groups,COL,Colombia,Employment,Persons,Calendar and seasonally adjusted,Total,From 55 to 64 years,Annual,2022,2702.14,Normal value,False
Employed population by age groups,COL,Colombia,Employment,Persons,Calendar and seasonally adjusted,Total,From 55 to 64 years,Annual,2023,2861.813,Normal value,False
Employed population by age groups,COL,Colombia,Employment,Persons,Calendar and seasonally adjusted,Total,From 55 to 64 years,Annual,2024,2886.97,Normal value,False
Employed population by age groups,COL,Colombia,Employment,Persons,Calendar and seasonally adjusted,Total,From 55 to 64 years,Annual,2025,2986.627,Normal value,False
Employed population by age groups,CRI,Costa Rica,Employment,Persons,Calendar and seasonally adjusted,Total,From 55 to 64 years,Annual,2016,236.6098,Normal value,False
Employed population by age groups,CRI,Costa Rica,Employment,Persons,Calendar and seasonally adjusted,Total,From 55 to 64 years,Annual,2017,261.2762,Normal value,False
Employed population by age groups,CRI,Costa Rica,Employment,Persons,Calendar and seasonally adjusted,Total,From 55 to 64 years,Annual,2018,293.0537,Normal value,False
Employed population by age groups,CRI,Costa Rica,Employment,Persons,Calendar and seasonally adjusted,Total,From 55 to 64 years,Annual,2019,328.1215,Normal value,False
Employed population by age groups,CRI,Costa Rica,Employment,Persons,Calendar and seasonally adjusted,Total,From 55 to 64 years,Annual,2020,295.7112,Normal value,False
Employed population by age groups,CRI,Costa Rica,Employment,Persons,Calendar and seasonally adjusted,Total,From 55 to 64 years,Annual,2021,297.2517,Normal value,False
Employed population by age groups,CRI,Costa Rica,Employment,Persons,Calendar and seasonally adjusted,Total,From 55 to 64 years,Annual,2022,321.1345,Normal value,False
Employed population by age groups,CRI,Costa Rica,Employment,Persons,Calendar and seasonally adjusted,Total,From 55 to 64 years,Annual,2023,312.9727,Normal value,False
Employed population by age groups,CRI,Costa Rica,Employment,Persons,Calendar and seasonally adjusted,Total,From 55 to 64 years,Annual,2024,332.3993,Normal value,False
Employed population by age groups,CRI,Costa Rica,Employment,Persons,Calendar and seasonally adjusted,Total,From 55 to 64 years,Annual,2025,318.5405,Normal value,False
Employed population by age groups,CZE,Czechia,Employment,Persons,Calendar and seasonally adjusted,Total,From 55 to 64 years,Annual,2016,795.325,Normal value,False
Employed population by age groups,CZE,Czechia,Employment,Persons,Calendar and seasonally adjusted,Total,From 55 to 64 years,Annual,2017,826.025,Normal value,False
Employed population by age groups,CZE,Czechia,Employment,Persons,Calendar and seasonally adjusted,Total,From 55 to 64 years,Annual,2018,854.4,Normal value,False
Employed population by age groups,CZE,Czechia,Employment,Persons,Calendar and seasonally adjusted,Total,From 55 to 64 years,Annual,2019,871.25,Normal value,False
Employed population by age groups,CZE,Czechia,Employment,Persons,Calendar and seasonally adjusted,Total,From 55 to 64 years,Annual,2020,887.825,Normal value,False
Employed population by age groups,CZE,Czechia,Employment,Persons,Calendar and seasonally adjusted,Total,From 55 to 64 years,Annual,2022,926.65,Normal value,False
Employed population by age groups,CZE,Czechia,Employment,Persons,Calendar and seasonally adjusted,Total,From 55 to 64 years,Annual,2023,905.35,Normal value,False
Employed population by age groups,CZE,Czechia,Employment,Persons,Calendar and seasonally adjusted,Total,From 55 to 64 years,Annual,2024,949.775,Normal value,False
Employed population by age groups,CZE,Czechia,Employment,Persons,Calendar and seasonally adjusted,Total,From 55 to 64 years,Annual,2025,998.8,Normal value,False
Employed population by age groups,DNK,Denmark,Employment,Persons,Calendar and seasonally adjusted,Total,From 55 to 64 years,Annual,2017,481.25,Normal value,False
Employed population by age groups,DNK,Denmark,Employment,Persons,Calendar and seasonally adjusted,Total,From 55 to 64 years,Annual,2018,492.7,Normal value,False
Employed population by age groups,DNK,Denmark,Employment,Persons,Calendar and seasonally adjusted,Total,From 55 to 64 years,Annual,2019,518.35,Normal value,False
Employed population by age groups,DNK,Denmark,Employment,Persons,Calendar and seasonally adjusted,Total,From 55 to 64 years,Annual,2020,529.375,Normal value,False
Employed population by age groups,DNK,Denmark,Employment,Persons,Calendar and seasonally adjusted,Total,From 55 to 64 years,Annual,2021,544.8,Normal value,False
Employed population by age groups,DNK,Denmark,Employment,Persons,Calendar and seasonally adjusted,Total,From 55 to 64 years,Annual,2022,561.775,Normal value,False
Employed population by age groups,DNK,Denmark,Employment,Persons,Calendar and seasonally adjusted,Total,From 55 to 64 years,Annual,2023,579.4,Normal value,False
Employed population by age groups,DNK,Denmark,Employment,Persons,Calendar and seasonally adjusted,Total,From 55 to 64 years,Annual,2024,589.8,Normal value,False
Employed population by age groups,DNK,Denmark,Employment,Persons,Calendar and seasonally adjusted,Total,From 55 to 64 years,Annual,2025,589.525,Normal value,False
Employed population by age groups,EST,Estonia,Employment,Persons,Calendar and seasonally adjusted,Total,From 55 to 64 years,Annual,2016,111.0,Normal value,False
Employed population by age groups,EST,Estonia,Employment,Persons,Calendar and seasonally adjusted,Total,From 55 to 64 years,Annual,2017,116.5,Normal value,False
Employed population by age groups,EST,Estonia,Employment,Persons,Calendar and seasonally adjusted,Total,From 55 to 64 years,Annual,2018,117.5,Normal value,False
Employed population by age groups,EST,Estonia,Employment,Persons,Calendar and seasonally adjusted,Total,From 55 to 64 years,Annual,2019,124.0,Normal value,False
Employed population by age groups,EST,Estonia,Employment,Persons,Calendar and seasonally adjusted,Total,From 55 to 64 years,Annual,2020,122.5,Normal value,False
Employed population by age groups,EST,Estonia,Employment,Persons,Calendar and seasonally adjusted,Total,From 55 to 64 years,Annual,2021,121.725,Normal value,False
Employed population by age groups,EST,Estonia,Employment,Persons,Calendar and seasonally adjusted,Total,From 55 to 64 years,Annual,2022,124.45,Normal value,False
Employed population by age groups,EST,Estonia,Employment,Persons,Calendar and seasonally adjusted,Total,From 55 to 64 years,Annual,2023,128.65,Normal value,False
Employed population by age groups,EST,Estonia,Employment,Persons,Calendar and seasonally adjusted,Total,From 55 to 64 years,Annual,2024,128.275,Normal value,False
Employed population by age groups,EST,Estonia,Employment,Persons,Calendar and seasonally adjusted,Total,From 55 to 64 years,Annual,2025,129.675,Normal value,False
Employed population by age groups,FIN,Finland,Employment,Persons,Calendar and seasonally adjusted,Total,From 55 to 64 years,Annual,2016,447.75,Normal value,False
Employed population by age groups,FIN,Finland,Employment,Persons,Calendar and seasonally adjusted,Total,From 55 to 64 years,Annual,2017,453.75,Normal value,False
Employed population by age groups,FIN,Finland,Employment,Persons,Calendar and seasonally adjusted,Total,From 55 to 64 years,Annual,2018,472.75,Normal value,False
Employed population by age groups,FIN,Finland,Employment,Persons,Calendar and seasonally adjusted,Total,From 55 to 64 years,Annual,2019,480.75,Normal value,False
Employed population by age groups,FIN,Finland,Employment,Persons,Calendar and seasonally adjusted,Total,From 55 to 64 years,Annual,2020,484.5,Normal value,False
Employed population by age groups,FIN,Finland,Employment,Persons,Calendar and seasonally adjusted,Total,From 55 to 64 years,Annual,2021,494.35,Normal value,False
Employed population by age groups,FIN,Finland,Employment,Persons,Calendar and seasonally adjusted,Total,From 55 to 64 years,Annual,2022,512.925,Normal value,False
Employed population by age groups,FIN,Finland,Employment,Persons,Calendar and seasonally adjusted,Total,From 55 to 64 years,Annual,2023,515.95,Normal value,False
Employed population by age groups,FIN,Finland,Employment,Persons,Calendar and seasonally adjusted,Total,From 55 to 64 years,Annual,2024,513.8,Normal value,False
Employed population by age groups,FIN,Finland,Employment,Persons,Calendar and seasonally adjusted,Total,From 55 to 64 years,Annual,2025,512.225,Normal value,False
Employed population by age groups,FRA,France,Employment,Persons,Calendar and seasonally adjusted,Total,From 55 to 64 years,Annual,2016,4205.0,Normal value,False
Employed population by age groups,FRA,France,Employment,Persons,Calendar and seasonally adjusted,Total,From 55 to 64 years,Annual,2017,4336.5,Normal value,False
Employed population by age groups,FRA,France,Employment,Persons,Calendar and seasonally adjusted,Total,From 55 to 64 years,Annual,2018,4438.75,Normal value,False
Employed population by age groups,FRA,France,Employment,Persons,Calendar and seasonally adjusted,Total,From 55 to 64 years,Annual,2019,4543.5,Normal value,False
Employed population by age groups,FRA,France,Employment,Persons,Calendar and seasonally adjusted,Total,From 55 to 64 years,Annual,2020,4631.0,Normal value,False
Employed population by age groups,FRA,France,Employment,Persons,Calendar and seasonally adjusted,Total,From 55 to 64 years,Annual,2021,4721.95,Normal value,False
Employed population by age groups,FRA,France,Employment,Persons,Calendar and seasonally adjusted,Total,From 55 to 64 years,Annual,2022,4836.25,Normal value,False
Employed population by age groups,FRA,France,Employment,Persons,Calendar and seasonally adjusted,Total,From 55 to 64 years,Annual,2023,4993.95,Normal value,False
Employed population by age groups,FRA,France,Employment,Persons,Calendar and seasonally adjusted,Total,From 55 to 64 years,Annual,2024,5190.925,Normal value,False
Employed population by age groups,FRA,France,Employment,Persons,Calendar and seasonally adjusted,Total,From 55 to 64 years,Annual,2025,5323.55,Normal value,False
Employed population by age groups,DEU,Germany,Employment,Persons,Calendar and seasonally adjusted,Total,From 55 to 64 years,Annual,2016,7645.25,Normal value,False
Employed population by age groups,DEU,Germany,Employment,Persons,Calendar and seasonally adjusted,Total,From 55 to 64 years,Annual,2017,7962.75,Normal value,False
Employed population by age groups,DEU,Germany,Employment,Persons,Calendar and seasonally adjusted,Total,From 55 to 64 years,Annual,2018,8363.0,Normal value,False
Employed population by age groups,DEU,Germany,Employment,Persons,Calendar and seasonally adjusted,Total,From 55 to 64 years,Annual,2021,9119.4,Normal value,False
Employed population by age groups,DEU,Germany,Employment,Persons,Calendar and seasonally adjusted,Total,From 55 to 64 years,Annual,2022,9470.775,Normal value,False
Employed population by age groups,DEU,Germany,Employment,Persons,Calendar and seasonally adjusted,Total,From 55 to 64 years,Annual,2023,9721.725,Normal value,False
Employed population by age groups,DEU,Germany,Employment,Persons,Calendar and seasonally adjusted,Total,From 55 to 64 years,Annual,2024,9825.475,Normal value,False
Employed population by age groups,DEU,Germany,Employment,Persons,Calendar and seasonally adjusted,Total,From 55 to 64 years,Annual,2025,9797.3,Normal value,False
Employed population by age groups,GRC,Greece,Employment,Persons,Calendar and seasonally adjusted,Total,From 55 to 64 years,Annual,2016,489.75,Normal value,False
Employed population by age groups,GRC,Greece,Employment,Persons,Calendar and seasonally adjusted,Total,From 55 to 64 years,Annual,2017,521.0,Normal value,False
Employed population by age groups,GRC,Greece,Employment,Persons,Calendar and seasonally adjusted,Total,From 55 to 64 years,Annual,2018,563.25,Normal value,False
Employed population by age groups,GRC,Greece,Employment,Persons,Calendar and seasonally adjusted,Total,From 55 to 64 years,Annual,2019,596.5,Normal value,False
Employed population by age groups,GRC,Greece,Employment,Persons,Calendar and seasonally adjusted,Total,From 55 to 64 years,Annual,2020,595.75,Normal value,False
Employed population by age groups,GRC,Greece,Employment,Persons,Calendar and seasonally adjusted,Total,From 55 to 64 years,Annual,2021,680.55,Normal value,False
Employed population by age groups,GRC,Greece,Employment,Persons,Calendar and seasonally adjusted,Total,From 55 to 64 years,Annual,2022,741.3,Normal value,False
Employed population by age groups,GRC,Greece,Employment,Persons,Calendar and seasonally adjusted,Total,From 55 to 64 years,Annual,2023,782.7,Normal value,False
Employed population by age groups,GRC,Greece,Employment,Persons,Calendar and seasonally adjusted,Total,From 55 to 64 years,Annual,2024,833.625,Normal value,False
Employed population by age groups,GRC,Greece,Employment,Persons,Calendar and seasonally adjusted,Total,From 55 to 64 years,Annual,2025,872.3,Normal value,False
Employed population by age groups,HUN,Hungary,Employment,Persons,Calendar and seasonally adjusted,Total,From 55 to 64 years,Annual,2016,672.6,Normal value,False
Employed population by age groups,HUN,Hungary,Employment,Persons,Calendar and seasonally adjusted,Total,From 55 to 64 years,Annual,2018,697.75,Normal value,False
Employed population by age groups,HUN,Hungary,Employment,Persons,Calendar and seasonally adjusted,Total,From 55 to 64 years,Annual,2019,700.825,Normal value,False
Employed population by age groups,HUN,Hungary,Employment,Persons,Calendar and seasonally adjusted,Total,From 55 to 64 years,Annual,2021,721.35,Normal value,False
Employed population by age groups,HUN,Hungary,Employment,Persons,Calendar and seasonally adjusted,Total,From 55 to 64 years,Annual,2022,742.4,Normal value,False
Employed population by age groups,HUN,Hungary,Employment,Persons,Calendar and seasonally adjusted,Total,From 55 to 64 years,Annual,2023,788.7,Normal value,False
Employed population by age groups,HUN,Hungary,Employment,Persons,Calendar and seasonally adjusted,Total,From 55 to 64 years,Annual,2024,812.05,Normal value,False
Employed population by age groups,HUN,Hungary,Employment,Persons,Calendar and seasonally adjusted,Total,From 55 to 64 years,Annual,2025,844.45,Normal value,False
Employed population by age groups,ISL,Iceland,Employment,Persons,Calendar and seasonally adjusted,Total,From 55 to 64 years,Annual,2016,32.75,Normal value,False
Employed population by age groups,ISL,Iceland,Employment,Persons,Calendar and seasonally adjusted,Total,From 55 to 64 years,Annual,2017,33.0,Normal value,False
Employed population by age groups,ISL,Iceland,Employment,Persons,Calendar and seasonally adjusted,Total,From 55 to 64 years,Annual,2018,33.0,Normal value,False
Employed population by age groups,ISL,Iceland,Employment,Persons,Calendar and seasonally adjusted,Total,From 55 to 64 years,Annual,2019,33.75,Normal value,False
Employed population by age groups,ISL,Iceland,Employment,Persons,Calendar and seasonally adjusted,Total,From 55 to 64 years,Annual,2021,34.075,Normal value,False
Employed population by age groups,ISL,Iceland,Employment,Persons,Calendar and seasonally adjusted,Total,From 55 to 64 years,Annual,2022,35.525,Normal value,False
Employed population by age groups,ISL,Iceland,Employment,Persons,Calendar and seasonally adjusted,Total,From 55 to 64 years,Annual,2023,35.425,Normal value,False
Employed population by age groups,ISL,Iceland,Employment,Persons,Calendar and seasonally adjusted,Total,From 55 to 64 years,Annual,2024,35.375,Normal value,False
Employed population by age groups,IRL,Ireland,Employment,Persons,Calendar and seasonally adjusted,Total,From 55 to 64 years,Annual,2016,287.0,Normal value,False
Employed population by age groups,IRL,Ireland,Employment,Persons,Calendar and seasonally adjusted,Total,From 55 to 64 years,Annual,2017,301.5,Normal value,False
Employed population by age groups,IRL,Ireland,Employment,Persons,Calendar and seasonally adjusted,Total,From 55 to 64 years,Annual,2018,318.0,Normal value,False
Employed population by age groups,IRL,Ireland,Employment,Persons,Calendar and seasonally adjusted,Total,From 55 to 64 years,Annual,2019,334.0,Normal value,False
Employed population by age groups,IRL,Ireland,Employment,Persons,Calendar and seasonally adjusted,Total,From 55 to 64 years,Annual,2020,336.25,Normal value,False
Employed population by age groups,IRL,Ireland,Employment,Persons,Calendar and seasonally adjusted,Total,From 55 to 64 years,Annual,2021,359.475,Normal value,False
Employed population by age groups,IRL,Ireland,Employment,Persons,Calendar and seasonally adjusted,Total,From 55 to 64 years,Annual,2022,393.375,Normal value,False
Employed population by age groups,IRL,Ireland,Employment,Persons,Calendar and seasonally adjusted,Total,From 55 to 64 years,Annual,2023,408.575,Normal value,False
Employed population by age groups,IRL,Ireland,Employment,Persons,Calendar and seasonally adjusted,Total,From 55 to 64 years,Annual,2024,420.875,Normal value,False
Employed population by age groups,IRL,Ireland,Employment,Persons,Calendar and seasonally adjusted,Total,From 55 to 64 years,Annual,2025,438.375,Normal value,False
Employed population by age groups,ISR,Israel,Employment,Persons,Calendar and seasonally adjusted,Total,From 55 to 64 years,Annual,2016,524.25,Normal value,False
Employed population by age groups,ISR,Israel,Employment,Persons,Calendar and seasonally adjusted,Total,From 55 to 64 years,Annual,2017,536.05,Normal value,False
Employed population by age groups,ISR,Israel,Employment,Persons,Calendar and seasonally adjusted,Total,From 55 to 64 years,Annual,2018,540.1667,Normal value,False
Employed population by age groups,ISR,Israel,Employment,Persons,Calendar and seasonally adjusted,Total,From 55 to 64 years,Annual,2019,556.15,Normal value,False
Employed population by age groups,ISR,Israel,Employment,Persons,Calendar and seasonally adjusted,Total,From 55 to 64 years,Annual,2020,563.8333,Normal value,False
Employed population by age groups,ISR,Israel,Employment,Persons,Calendar and seasonally adjusted,Total,From 55 to 64 years,Annual,2021,563.1334,Normal value,False
Employed population by age groups,ISR,Israel,Employment,Persons,Calendar and seasonally adjusted,Total,From 55 to 64 years,Annual,2022,598.375,Normal value,False
Employed population by age groups,ISR,Israel,Employment,Persons,Calendar and seasonally adjusted,Total,From 55 to 64 years,Annual,2023,618.5917,Normal value,False
Employed population by age groups,ISR,Israel,Employment,Persons,Calendar and seasonally adjusted,Total,From 55 to 64 years,Annual,2025,600.9333,Normal value,False
Employed population by age groups,ITA,Italy,Employment,Persons,Calendar and seasonally adjusted,Total,From 55 to 64 years,Annual,2016,3842.25,Normal value,False
Employed population by age groups,ITA,Italy,Employment,Persons,Calendar and seasonally adjusted,Total,From 55 to 64 years,Annual,2017,4069.5,Normal value,False
Employed population by age groups,ITA,Italy,Employment,Persons,Calendar and seasonally adjusted,Total,From 55 to 64 years,Annual,2018,4297.5,Normal value,False
Employed population by age groups,ITA,Italy,Employment,Persons,Calendar and seasonally adjusted,Total,From 55 to 64 years,Annual,2019,4447.25,Normal value,False
Employed population by age groups,ITA,Italy,Employment,Persons,Calendar and seasonally adjusted,Total,From 55 to 64 years,Annual,2020,4495.0,Normal value,False
Employed population by age groups,ITA,Italy,Employment,Persons,Calendar and seasonally adjusted,Total,From 55 to 64 years,Annual,2021,4588.1,Normal value,False
Employed population by age groups,ITA,Italy,Employment,Persons,Calendar and seasonally adjusted,Total,From 55 to 64 years,Annual,2022,4811.2,Normal value,False
Employed population by age groups,ITA,Italy,Employment,Persons,Calendar and seasonally adjusted,Total,From 55 to 64 years,Annual,2023,5115.35,Normal value,False
Employed population by age groups,ITA,Italy,Employment,Persons,Calendar and seasonally adjusted,Total,From 55 to 64 years,Annual,2024,5327.775,Normal value,False
Employed population by age groups,ITA,Italy,Employment,Persons,Calendar and seasonally adjusted,Total,From 55 to 64 years,Annual,2025,5607.35,Normal value,False
Employed population by age groups,KOR,Korea,Employment,Persons,Calendar and seasonally adjusted,Total,From 55 to 64 years,Annual,2016,4691.825,Normal value,False
Employed population by age groups,KOR,Korea,Employment,Persons,Calendar and seasonally adjusted,Total,From 55 to 64 years,Annual,2017,4988.775,Normal value,False
Employed population by age groups,KOR,Korea,Employment,Persons,Calendar and seasonally adjusted,Total,From 55 to 64 years,Annual,2018,5145.258,Normal value,False
Employed population by age groups,KOR,Korea,Employment,Persons,Calendar and seasonally adjusted,Total,From 55 to 64 years,Annual,2019,5281.242,Normal value,False
Employed population by age groups,KOR,Korea,Employment,Persons,Calendar and seasonally adjusted,Total,From 55 to 64 years,Annual,2020,5350.492,Normal value,False
Employed population by age groups,KOR,Korea,Employment,Persons,Calendar and seasonally adjusted,Total,From 55 to 64 years,Annual,2021,5415.158,Normal value,False
Employed population by age groups,KOR,Korea,Employment,Persons,Calendar and seasonally adjusted,Total,From 55 to 64 years,Annual,2022,5673.725,Normal value,False
Employed population by age groups,KOR,Korea,Employment,Persons,Calendar and seasonally adjusted,Total,From 55 to 64 years,Annual,2023,5812.225,Normal value,False
Employed population by age groups,KOR,Korea,Employment,Persons,Calendar and seasonally adjusted,Total,From 55 to 64 years,Annual,2024,5878.85,Normal value,False
Employed population by age groups,KOR,Korea,Employment,Persons,Calendar and seasonally adjusted,Total,From 55 to 64 years,Annual,2025,5929.792,Normal value,False
Employed population by age groups,LVA,Latvia,Employment,Persons,Calendar and seasonally adjusted,Total,From 55 to 64 years,Annual,2016,161.75,Normal value,False
Employed population by age groups,LVA,Latvia,Employment,Persons,Calendar and seasonally adjusted,Total,From 55 to 64 years,Annual,2017,165.25,Normal value,False
Employed population by age groups,LVA,Latvia,Employment,Persons,Calendar and seasonally adjusted,Total,From 55 to 64 years,Annual,2018,175.75,Normal value,False
Employed population by age groups,LVA,Latvia,Employment,Persons,Calendar and seasonally adjusted,Total,From 55 to 64 years,Annual,2019,180.5,Normal value,False
Employed population by age groups,LVA,Latvia,Employment,Persons,Calendar and seasonally adjusted,Total,From 55 to 64 years,Annual,2020,182.0,Normal value,False
Employed population by age groups,LVA,Latvia,Employment,Persons,Calendar and seasonally adjusted,Total,From 55 to 64 years,Annual,2021,178.05,Normal value,False
Employed population by age groups,LVA,Latvia,Employment,Persons,Calendar and seasonally adjusted,Total,From 55 to 64 years,Annual,2022,181.475,Normal value,False
Employed population by age groups,LVA,Latvia,Employment,Persons,Calendar and seasonally adjusted,Total,From 55 to 64 years,Annual,2023,182.15,Normal value,False
Employed population by age groups,LVA,Latvia,Employment,Persons,Calendar and seasonally adjusted,Total,From 55 to 64 years,Annual,2024,182.75,Normal value,False
Employed population by age groups,LVA,Latvia,Employment,Persons,Calendar and seasonally adjusted,Total,From 55 to 64 years,Annual,2025,184.95,Normal value,False
Employed population by age groups,LTU,Lithuania,Employment,Persons,Calendar and seasonally adjusted,Total,From 55 to 64 years,Annual,2016,252.5,Normal value,False
Employed population by age groups,LTU,Lithuania,Employment,Persons,Calendar and seasonally adjusted,Total,From 55 to 64 years,Annual,2017,263.5,Normal value,False
Employed population by age groups,LTU,Lithuania,Employment,Persons,Calendar and seasonally adjusted,Total,From 55 to 64 years,Annual,2018,277.5,Normal value,False
Employed population by age groups,LTU,Lithuania,Employment,Persons,Calendar and seasonally adjusted,Total,From 55 to 64 years,Annual,2019,282.0,Normal value,False
Employed population by age groups,LTU,Lithuania,Employment,Persons,Calendar and seasonally adjusted,Total,From 55 to 64 years,Annual,2020,280.25,Normal value,False
Employed population by age groups,LTU,Lithuania,Employment,Persons,Calendar and seasonally adjusted,Total,From 55 to 64 years,Annual,2021,282.5,Normal value,False
Employed population by age groups,LTU,Lithuania,Employment,Persons,Calendar and seasonally adjusted,Total,From 55 to 64 years,Annual,2022,300.125,Normal value,False
Employed population by age groups,LTU,Lithuania,Employment,Persons,Calendar and seasonally adjusted,Total,From 55 to 64 years,Annual,2023,296.075,Normal value,False
Employed population by age groups,LTU,Lithuania,Employment,Persons,Calendar and seasonally adjusted,Total,From 55 to 64 years,Annual,2024,292.325,Normal value,False
Employed population by age groups,LTU,Lithuania,Employment,Persons,Calendar and seasonally adjusted,Total,From 55 to 64 years,Annual,2025,292.675,Normal value,False
Employed population by age groups,LUX,Luxembourg,Employment,Persons,Calendar and seasonally adjusted,Total,From 55 to 64 years,Annual,2016,26.2,Normal value,False
Employed population by age groups,LUX,Luxembourg,Employment,Persons,Calendar and seasonally adjusted,Total,From 55 to 64 years,Annual,2017,27.5,Normal value,False
Employed population by age groups,LUX,Luxembourg,Employment,Persons,Calendar and seasonally adjusted,Total,From 55 to 64 years,Annual,2018,28.95,Normal value,False
Employed population by age groups,LUX,Luxembourg,Employment,Persons,Calendar and seasonally adjusted,Total,From 55 to 64 years,Annual,2019,31.875,Normal value,False
Employed population by age groups,LUX,Luxembourg,Employment,Persons,Calendar and seasonally adjusted,Total,From 55 to 64 years,Annual,2021,36.65,Normal value,False
Employed population by age groups,LUX,Luxembourg,Employment,Persons,Calendar and seasonally adjusted,Total,From 55 to 64 years,Annual,2022,36.375,Normal value,False
Employed population by age groups,LUX,Luxembourg,Employment,Persons,Calendar and seasonally adjusted,Total,From 55 to 64 years,Annual,2023,37.8,Normal value,False
Employed population by age groups,LUX,Luxembourg,Employment,Persons,Calendar and seasonally adjusted,Total,From 55 to 64 years,Annual,2024,41.125,Normal value,False
Employed population by age groups,LUX,Luxembourg,Employment,Persons,Calendar and seasonally adjusted,Total,From 55 to 64 years,Annual,2025,41.95,Normal value,False
Employed population by age groups,MEX,Mexico,Employment,Persons,Calendar and seasonally adjusted,Total,From 55 to 64 years,Annual,2016,5429.81,Normal value,False
Employed population by age groups,MEX,Mexico,Employment,Persons,Calendar and seasonally adjusted,Total,From 55 to 64 years,Annual,2017,5521.138,Normal value,False
Employed population by age groups,MEX,Mexico,Employment,Persons,Calendar and seasonally adjusted,Total,From 55 to 64 years,Annual,2018,5827.647,Normal value,False
Employed population by age groups,MEX,Mexico,Employment,Persons,Calendar and seasonally adjusted,Total,From 55 to 64 years,Annual,2019,6214.506,Normal value,False
Employed population by age groups,MEX,Mexico,Employment,Persons,Calendar and seasonally adjusted,Total,From 55 to 64 years,Annual,2021,6482.999,Normal value,False
Employed population by age groups,MEX,Mexico,Employment,Persons,Calendar and seasonally adjusted,Total,From 55 to 64 years,Annual,2022,6853.462,Normal value,False
Employed population by age groups,MEX,Mexico,Employment,Persons,Calendar and seasonally adjusted,Total,From 55 to 64 years,Annual,2023,7275.739,Normal value,False
Employed population by age groups,MEX,Mexico,Employment,Persons,Calendar and seasonally adjusted,Total,From 55 to 64 years,Annual,2024,7480.01,Normal value,False
Employed population by age groups,MEX,Mexico,Employment,Persons,Calendar and seasonally adjusted,Total,From 55 to 64 years,Annual,2025,7665.749,Normal value,False
Employed population by age groups,NLD,Netherlands,Employment,Persons,Calendar and seasonally adjusted,Total,From 55 to 64 years,Annual,2016,1403.75,Normal value,False
Employed population by age groups,NLD,Netherlands,Employment,Persons,Calendar and seasonally adjusted,Total,From 55 to 64 years,Annual,2017,1473.25,Normal value,False
Employed population by age groups,NLD,Netherlands,Employment,Persons,Calendar and seasonally adjusted,Total,From 55 to 64 years,Annual,2018,1540.25,Normal value,False
Employed population by age groups,NLD,Netherlands,Employment,Persons,Calendar and seasonally adjusted,Total,From 55 to 64 years,Annual,2019,1614.25,Normal value,False
Employed population by age groups,NLD,Netherlands,Employment,Persons,Calendar and seasonally adjusted,Total,From 55 to 64 years,Annual,2020,1670.5,Normal value,False
Employed population by age groups,NLD,Netherlands,Employment,Persons,Calendar and seasonally adjusted,Total,From 55 to 64 years,Annual,2021,1707.125,Normal value,False
Employed population by age groups,NLD,Netherlands,Employment,Persons,Calendar and seasonally adjusted,Total,From 55 to 64 years,Annual,2022,1765.85,Normal value,False
Employed population by age groups,NLD,Netherlands,Employment,Persons,Calendar and seasonally adjusted,Total,From 55 to 64 years,Annual,2023,1825.325,Normal value,False
Employed population by age groups,NLD,Netherlands,Employment,Persons,Calendar and seasonally adjusted,Total,From 55 to 64 years,Annual,2024,1847.425,Normal value,False
Employed population by age groups,NLD,Netherlands,Employment,Persons,Calendar and seasonally adjusted,Total,From 55 to 64 years,Annual,2025,1874.775,Normal value,False
Employed population by age groups,NZL,New Zealand,Employment,Persons,Calendar and seasonally adjusted,Total,From 55 to 64 years,Annual,2016,419.4,Normal value,False
Employed population by age groups,NZL,New Zealand,Employment,Persons,Calendar and seasonally adjusted,Total,From 55 to 64 years,Annual,2017,444.25,Normal value,False
Employed population by age groups,NZL,New Zealand,Employment,Persons,Calendar and seasonally adjusted,Total,From 55 to 64 years,Annual,2018,455.1,Normal value,False
Employed population by age groups,NZL,New Zealand,Employment,Persons,Calendar and seasonally adjusted,Total,From 55 to 64 years,Annual,2019,454.625,Normal value,False
Employed population by age groups,NZL,New Zealand,Employment,Persons,Calendar and seasonally adjusted,Total,From 55 to 64 years,Annual,2020,467.425,Normal value,False
Employed population by age groups,NZL,New Zealand,Employment,Persons,Calendar and seasonally adjusted,Total,From 55 to 64 years,Annual,2021,476.55,Normal value,False
Employed population by age groups,NZL,New Zealand,Employment,Persons,Calendar and seasonally adjusted,Total,From 55 to 64 years,Annual,2022,479.975,Normal value,False
Employed population by age groups,NZL,New Zealand,Employment,Persons,Calendar and seasonally adjusted,Total,From 55 to 64 years,Annual,2023,482.25,Normal value,False
Employed population by age groups,NZL,New Zealand,Employment,Persons,Calendar and seasonally adjusted,Total,From 55 to 64 years,Annual,2024,480.65,Normal value,False
Employed population by age groups,NOR,Norway,Employment,Persons,Calendar and seasonally adjusted,Total,From 55 to 64 years,Annual,2016,449.5,Normal value,False
Employed population by age groups,NOR,Norway,Employment,Persons,Calendar and seasonally adjusted,Total,From 55 to 64 years,Annual,2017,450.75,Normal value,False
Employed population by age groups,NOR,Norway,Employment,Persons,Calendar and seasonally adjusted,Total,From 55 to 64 years,Annual,2018,453.5,Normal value,False
Employed population by age groups,NOR,Norway,Employment,Persons,Calendar and seasonally adjusted,Total,From 55 to 64 years,Annual,2019,464.5,Normal value,False
Employed population by age groups,NOR,Norway,Employment,Persons,Calendar and seasonally adjusted,Total,From 55 to 64 years,Annual,2020,472.0,Normal value,False
Employed population by age groups,NOR,Norway,Employment,Persons,Calendar and seasonally adjusted,Total,From 55 to 64 years,Annual,2021,484.925,Normal value,False
Employed population by age groups,NOR,Norway,Employment,Persons,Calendar and seasonally adjusted,Total,From 55 to 64 years,Annual,2022,492.7,Normal value,False
Employed population by age groups,NOR,Norway,Employment,Persons,Calendar and seasonally adjusted,Total,From 55 to 64 years,Annual,2023,498.0,Normal value,False
Employed population by age groups,NOR,Norway,Employment,Persons,Calendar and seasonally adjusted,Total,From 55 to 64 years,Annual,2024,507.1,Normal value,False
Employed population by age groups,NOR,Norway,Employment,Persons,Calendar and seasonally adjusted,Total,From 55 to 64 years,Annual,2025,508.55,Normal value,False
Employed population by age groups,POL,Poland,Employment,Persons,Calendar and seasonally adjusted,Total,From 55 to 64 years,Annual,2016,2374.5,Normal value,False
Employed population by age groups,POL,Poland,Employment,Persons,Calendar and seasonally adjusted,Total,From 55 to 64 years,Annual,2017,2450.0,Normal value,False
Employed population by age groups,POL,Poland,Employment,Persons,Calendar and seasonally adjusted,Total,From 55 to 64 years,Annual,2018,2427.75,Normal value,False
Employed population by age groups,POL,Poland,Employment,Persons,Calendar and seasonally adjusted,Total,From 55 to 64 years,Annual,2019,2389.0,Normal value,False
Employed population by age groups,POL,Poland,Employment,Persons,Calendar and seasonally adjusted,Total,From 55 to 64 years,Annual,2020,2472.25,Normal value,False
Employed population by age groups,POL,Poland,Employment,Persons,Calendar and seasonally adjusted,Total,From 55 to 64 years,Annual,2021,2590.3,Normal value,False
Employed population by age groups,POL,Poland,Employment,Persons,Calendar and seasonally adjusted,Total,From 55 to 64 years,Annual,2022,2585.275,Normal value,False
Employed population by age groups,POL,Poland,Employment,Persons,Calendar and seasonally adjusted,Total,From 55 to 64 years,Annual,2023,2574.3,Normal value,False
Employed population by age groups,POL,Poland,Employment,Persons,Calendar and seasonally adjusted,Total,From 55 to 64 years,Annual,2024,2545.2,Normal value,False
Employed population by age groups,POL,Poland,Employment,Persons,Calendar and seasonally adjusted,Total,From 55 to 64 years,Annual,2025,2552.575,Normal value,False
Employed population by age groups,PRT,Portugal,Employment,Persons,Calendar and seasonally adjusted,Total,From 55 to 64 years,Annual,2016,667.0,Normal value,False
Employed population by age groups,PRT,Portugal,Employment,Persons,Calendar and seasonally adjusted,Total,From 55 to 64 years,Annual,2017,738.25,Normal value,False
Employed population by age groups,PRT,Portugal,Employment,Persons,Calendar and seasonally adjusted,Total,From 55 to 64 years,Annual,2018,799.0,Normal value,False
Employed population by age groups,PRT,Portugal,Employment,Persons,Calendar and seasonally adjusted,Total,From 55 to 64 years,Annual,2019,827.25,Normal value,False
Employed population by age groups,PRT,Portugal,Employment,Persons,Calendar and seasonally adjusted,Total,From 55 to 64 years,Annual,2020,841.0,Normal value,False
Employed population by age groups,PRT,Portugal,Employment,Persons,Calendar and seasonally adjusted,Total,From 55 to 64 years,Annual,2021,903.175,Normal value,False
Employed population by age groups,PRT,Portugal,Employment,Persons,Calendar and seasonally adjusted,Total,From 55 to 64 years,Annual,2022,956.05,Normal value,False
Employed population by age groups,PRT,Portugal,Employment,Persons,Calendar and seasonally adjusted,Total,From 55 to 64 years,Annual,2023,986.375,Normal value,False
Employed population by age groups,PRT,Portugal,Employment,Persons,Calendar and seasonally adjusted,Total,From 55 to 64 years,Annual,2024,1012.95,Normal value,False
Employed population by age groups,PRT,Portugal,Employment,Persons,Calendar and seasonally adjusted,Total,From 55 to 64 years,Annual,2025,1050.375,Normal value,False
Employed population by age groups,SVK,Slovak Republic,Employment,Persons,Calendar and seasonally adjusted,Total,From 55 to 64 years,Annual,2016,372.0,Normal value,False
Employed population by age groups,SVK,Slovak Republic,Employment,Persons,Calendar and seasonally adjusted,Total,From 55 to 64 years,Annual,2017,400.5,Normal value,False
Employed population by age groups,SVK,Slovak Republic,Employment,Persons,Calendar and seasonally adjusted,Total,From 55 to 64 years,Annual,2018,405.75,Normal value,False
Employed population by age groups,SVK,Slovak Republic,Employment,Persons,Calendar and seasonally adjusted,Total,From 55 to 64 years,Annual,2019,424.5,Normal value,False
Employed population by age groups,SVK,Slovak Republic,Employment,Persons,Calendar and seasonally adjusted,Total,From 55 to 64 years,Annual,2020,432.0,Normal value,False
Employed population by age groups,SVK,Slovak Republic,Employment,Persons,Calendar and seasonally adjusted,Total,From 55 to 64 years,Annual,2021,426.6,Normal value,False
Employed population by age groups,SVK,Slovak Republic,Employment,Persons,Calendar and seasonally adjusted,Total,From 55 to 64 years,Annual,2022,445.425,Normal value,False
Employed population by age groups,SVK,Slovak Republic,Employment,Persons,Calendar and seasonally adjusted,Total,From 55 to 64 years,Annual,2023,455.575,Normal value,False
Employed population by age groups,SVK,Slovak Republic,Employment,Persons,Calendar and seasonally adjusted,Total,From 55 to 64 years,Annual,2024,446.1,Normal value,False
Employed population by age groups,SVK,Slovak Republic,Employment,Persons,Calendar and seasonally adjusted,Total,From 55 to 64 years,Annual,2025,448.075,Normal value,False
Employed population by age groups,SVN,Slovenia,Employment,Persons,Calendar and seasonally adjusted,Total,From 55 to 64 years,Annual,2016,111.75,Normal value,False
Employed population by age groups,SVN,Slovenia,Employment,Persons,Calendar and seasonally adjusted,Total,From 55 to 64 years,Annual,2017,124.5,Normal value,False
Employed population by age groups,SVN,Slovenia,Employment,Persons,Calendar and seasonally adjusted,Total,From 55 to 64 years,Annual,2018,137.75,Normal value,False
Employed population by age groups,SVN,Slovenia,Employment,Persons,Calendar and seasonally adjusted,Total,From 55 to 64 years,Annual,2019,142.0,Normal value,False
Employed population by age groups,SVN,Slovenia,Employment,Persons,Calendar and seasonally adjusted,Total,From 55 to 64 years,Annual,2020,151.5,Normal value,False
Employed population by age groups,SVN,Slovenia,Employment,Persons,Calendar and seasonally adjusted,Total,From 55 to 64 years,Annual,2021,156.275,Normal value,False
Employed population by age groups,SVN,Slovenia,Employment,Persons,Calendar and seasonally adjusted,Total,From 55 to 64 years,Annual,2022,163.225,Normal value,False
Employed population by age groups,SVN,Slovenia,Employment,Persons,Calendar and seasonally adjusted,Total,From 55 to 64 years,Annual,2023,167.85,Normal value,False
Employed population by age groups,SVN,Slovenia,Employment,Persons,Calendar and seasonally adjusted,Total,From 55 to 64 years,Annual,2024,176.675,Normal value,False
Employed population by age groups,SVN,Slovenia,Employment,Persons,Calendar and seasonally adjusted,Total,From 55 to 64 years,Annual,2025,178.35,Normal value,False
Employed population by age groups,ESP,Spain,Employment,Persons,Calendar and seasonally adjusted,Total,From 55 to 64 years,Annual,2016,2791.25,Normal value,False
Employed population by age groups,ESP,Spain,Employment,Persons,Calendar and seasonally adjusted,Total,From 55 to 64 years,Annual,2017,2941.75,Normal value,False
Employed population by age groups,ESP,Spain,Employment,Persons,Calendar and seasonally adjusted,Total,From 55 to 64 years,Annual,2018,3115.0,Normal value,False
Employed population by age groups,ESP,Spain,Employment,Persons,Calendar and seasonally adjusted,Total,From 55 to 64 years,Annual,2019,3315.0,Normal value,False
Employed population by age groups,ESP,Spain,Employment,Persons,Calendar and seasonally adjusted,Total,From 55 to 64 years,Annual,2020,3465.0,Normal value,False
Employed population by age groups,ESP,Spain,Employment,Persons,Calendar and seasonally adjusted,Total,From 55 to 64 years,Annual,2021,3611.55,Normal value,False
Employed population by age groups,ESP,Spain,Employment,Persons,Calendar and seasonally adjusted,Total,From 55 to 64 years,Annual,2022,3822.85,Normal value,False
Employed population by age groups,ESP,Spain,Employment,Persons,Calendar and seasonally adjusted,Total,From 55 to 64 years,Annual,2023,4031.05,Normal value,False
Employed population by age groups,ESP,Spain,Employment,Persons,Calendar and seasonally adjusted,Total,From 55 to 64 years,Annual,2024,4217.675,Normal value,False
Employed population by age groups,ESP,Spain,Employment,Persons,Calendar and seasonally adjusted,Total,From 55 to 64 years,Annual,2025,4384.725,Normal value,False
Employed population by age groups,SWE,Sweden,Employment,Persons,Calendar and seasonally adjusted,Total,From 55 to 64 years,Annual,2016,848.0,Normal value,False
Employed population by age groups,SWE,Sweden,Employment,Persons,Calendar and seasonally adjusted,Total,From 55 to 64 years,Annual,2017,865.75,Normal value,False
Employed population by age groups,SWE,Sweden,Employment,Persons,Calendar and seasonally adjusted,Total,From 55 to 64 years,Annual,2018,892.0,Normal value,False
Employed population by age groups,SWE,Sweden,Employment,Persons,Calendar and seasonally adjusted,Total,From 55 to 64 years,Annual,2019,903.0,Normal value,False
Employed population by age groups,SWE,Sweden,Employment,Persons,Calendar and seasonally adjusted,Total,From 55 to 64 years,Annual,2020,918.75,Normal value,False
Employed population by age groups,SWE,Sweden,Employment,Persons,Calendar and seasonally adjusted,Total,From 55 to 64 years,Annual,2021,928.575,Normal value,False
Employed population by age groups,SWE,Sweden,Employment,Persons,Calendar and seasonally adjusted,Total,From 55 to 64 years,Annual,2022,955.825,Normal value,False
Employed population by age groups,SWE,Sweden,Employment,Persons,Calendar and seasonally adjusted,Total,From 55 to 64 years,Annual,2023,982.3,Normal value,False
Employed population by age groups,SWE,Sweden,Employment,Persons,Calendar and seasonally adjusted,Total,From 55 to 64 years,Annual,2024,993.525,Normal value,False
Employed population by age groups,SWE,Sweden,Employment,Persons,Calendar and seasonally adjusted,Total,From 55 to 64 years,Annual,2025,1005.15,Normal value,False
Employed population by age groups,CHE,Switzerland,Employment,Persons,Calendar and seasonally adjusted,Total,From 55 to 64 years,Annual,2016,740.5,Normal value,False
Employed population by age groups,CHE,Switzerland,Employment,Persons,Calendar and seasonally adjusted,Total,From 55 to 64 years,Annual,2017,767.5,Normal value,False
Employed population by age groups,CHE,Switzerland,Employment,Persons,Calendar and seasonally adjusted,Total,From 55 to 64 years,Annual,2018,791.75,Normal value,False
Employed population by age groups,CHE,Switzerland,Employment,Persons,Calendar and seasonally adjusted,Total,From 55 to 64 years,Annual,2019,819.5,Normal value,False
Employed population by age groups,CHE,Switzerland,Employment,Persons,Calendar and seasonally adjusted,Total,From 55 to 64 years,Annual,2020,848.5,Normal value,False
Employed population by age groups,CHE,Switzerland,Employment,Persons,Calendar and seasonally adjusted,Total,From 55 to 64 years,Annual,2021,857.75,Normal value,False
Employed population by age groups,CHE,Switzerland,Employment,Persons,Calendar and seasonally adjusted,Total,From 55 to 64 years,Annual,2022,884.7,Normal value,False
Employed population by age groups,CHE,Switzerland,Employment,Persons,Calendar and seasonally adjusted,Total,From 55 to 64 years,Annual,2023,917.0,Normal value,False
Employed population by age groups,CHE,Switzerland,Employment,Persons,Calendar and seasonally adjusted,Total,From 55 to 64 years,Annual,2024,931.425,Normal value,False
Employed population by age groups,CHE,Switzerland,Employment,Persons,Calendar and seasonally adjusted,Total,From 55 to 64 years,Annual,2025,941.45,Normal value,False
Employed population by age groups,TUR,Türkiye,Employment,Persons,Calendar and seasonally adjusted,Total,From 55 to 64 years,Annual,2016,2302.175,Normal value,False
Employed population by age groups,TUR,Türkiye,Employment,Persons,Calendar and seasonally adjusted,Total,From 55 to 64 years,Annual,2017,2472.575,Normal value,False
Employed population by age groups,TUR,Türkiye,Employment,Persons,Calendar and seasonally adjusted,Total,From 55 to 64 years,Annual,2018,2628.675,Normal value,False
Employed population by age groups,TUR,Türkiye,Employment,Persons,Calendar and seasonally adjusted,Total,From 55 to 64 years,Annual,2019,2602.225,Normal value,False
Employed population by age groups,TUR,Türkiye,Employment,Persons,Calendar and seasonally adjusted,Total,From 55 to 64 years,Annual,2021,2760.75,Normal value,False
Employed population by age groups,TUR,Türkiye,Employment,Persons,Calendar and seasonally adjusted,Total,From 55 to 64 years,Annual,2022,2917.25,Normal value,False
Employed population by age groups,TUR,Türkiye,Employment,Persons,Calendar and seasonally adjusted,Total,From 55 to 64 years,Annual,2023,3112.5,Normal value,False
Employed population by age groups,TUR,Türkiye,Employment,Persons,Calendar and seasonally adjusted,Total,From 55 to 64 years,Annual,2024,3362.5,Normal value,False
Employed population by age groups,TUR,Türkiye,Employment,Persons,Calendar and seasonally adjusted,Total,From 55 to 64 years,Annual,2025,3367.25,Normal value,False
Employed population by age groups,GBR,United Kingdom,Employment,Persons,Calendar and seasonally adjusted,Total,From 55 to 64 years,Annual,2016,4790.25,Normal value,False
Employed population by age groups,GBR,United Kingdom,Employment,Persons,Calendar and seasonally adjusted,Total,From 55 to 64 years,Annual,2017,4956.75,Normal value,False
Employed population by age groups,GBR,United Kingdom,Employment,Persons,Calendar and seasonally adjusted,Total,From 55 to 64 years,Annual,2018,5174.5,Normal value,False
Employed population by age groups,GBR,United Kingdom,Employment,Persons,Calendar and seasonally adjusted,Total,From 55 to 64 years,Annual,2019,5379.0,Normal value,False
Employed population by age groups,GBR,United Kingdom,Employment,Persons,Calendar and seasonally adjusted,Total,From 55 to 64 years,Annual,2020,5444.25,Normal value,False
Employed population by age groups,GBR,United Kingdom,Employment,Persons,Calendar and seasonally adjusted,Total,From 55 to 64 years,Annual,2021,5495.75,Normal value,False
Employed population by age groups,GBR,United Kingdom,Employment,Persons,Calendar and seasonally adjusted,Total,From 55 to 64 years,Annual,2022,5575.5,Normal value,False
Employed population by age groups,GBR,United Kingdom,Employment,Persons,Calendar and seasonally adjusted,Total,From 55 to 64 years,Annual,2023,5687.75,Normal value,False
Employed population by age groups,GBR,United Kingdom,Employment,Persons,Calendar and seasonally adjusted,Total,From 55 to 64 years,Annual,2024,5856.5,Normal value,False
Employed population by age groups,GBR,United Kingdom,Employment,Persons,Calendar and seasonally adjusted,Total,From 55 to 64 years,Annual,2025,5938.0,Normal value,False
Employed population by age groups,USA,United States,Employment,Persons,Calendar and seasonally adjusted,Total,From 55 to 64 years,Annual,2016,25524.0,Normal value,False
Employed population by age groups,USA,United States,Employment,Persons,Calendar and seasonally adjusted,Total,From 55 to 64 years,Annual,2017,26064.33,Normal value,False
Employed population by age groups,USA,United States,Employment,Persons,Calendar and seasonally adjusted,Total,From 55 to 64 years,Annual,2018,26565.0,Normal value,False
Employed population by age groups,USA,United States,Employment,Persons,Calendar and seasonally adjusted,Total,From 55 to 64 years,Annual,2019,26892.83,Normal value,False
Employed population by age groups,USA,United States,Employment,Persons,Calendar and seasonally adjusted,Total,From 55 to 64 years,Annual,2020,25453.42,Normal value,False
Employed population by age groups,USA,United States,Employment,Persons,Calendar and seasonally adjusted,Total,From 55 to 64 years,Annual,2021,25911.92,Normal value,False
Employed population by age groups,USA,United States,Employment,Persons,Calendar and seasonally adjusted,Total,From 55 to 64 years,Annual,2022,26761.17,Normal value,False
Employed population by age groups,USA,United States,Employment,Persons,Calendar and seasonally adjusted,Total,From 55 to 64 years,Annual,2023,26562.25,Normal value,False
Employed population by age groups,USA,United States,Employment,Persons,Calendar and seasonally adjusted,Total,From 55 to 64 years,Annual,2024,26405.42,Normal value,False
Employed population by age groups,USA,United States,Employment,Persons,Calendar and seasonally adjusted,Female,From 55 to 64 years,Annual,2016,12114.08,Normal value,False
Employed population by age groups,USA,United States,Employment,Persons,Calendar and seasonally adjusted,Female,From 55 to 64 years,Annual,2017,12354.0,Normal value,False
Employed population by age groups,USA,United States,Employment,Persons,Calendar and seasonally adjusted,Female,From 55 to 64 years,Annual,2018,12563.92,Normal value,False
Employed population by age groups,USA,United States,Employment,Persons,Calendar and seasonally adjusted,Female,From 55 to 64 years,Annual,2019,12706.33,Normal value,False
Employed population by age groups,USA,United States,Employment,Persons,Calendar and seasonally adjusted,Female,From 55 to 64 years,Annual,2020,11987.0,Normal value,False
Employed population by age groups,USA,United States,Employment,Persons,Calendar and seasonally adjusted,Female,From 55 to 64 years,Annual,2021,12298.08,Normal value,False
Employed population by age groups,USA,United States,Employment,Persons,Calendar and seasonally adjusted,Female,From 55 to 64 years,Annual,2022,12513.67,Normal value,False
Employed population by age groups,USA,United States,Employment,Persons,Calendar and seasonally adjusted,Female,From 55 to 64 years,Annual,2023,12410.17,Normal value,False
Employed population by age groups,USA,United States,Employment,Persons,Calendar and seasonally adjusted,Female,From 55 to 64 years,Annual,2024,12394.0,Normal value,False
Employed population by age groups,USA,United States,Employment,Persons,Calendar and seasonally adjusted,Male,From 55 to 64 years,Annual,2016,13409.92,Normal value,False
Employed population by age groups,USA,United States,Employment,Persons,Calendar and seasonally adjusted,Male,From 55 to 64 years,Annual,2017,13710.42,Normal value,False
Employed population by age groups,USA,United States,Employment,Persons,Calendar and seasonally adjusted,Male,From 55 to 64 years,Annual,2018,14000.92,Normal value,False
Employed population by age groups,USA,United States,Employment,Persons,Calendar and seasonally adjusted,Male,From 55 to 64 years,Annual,2019,14186.42,Normal value,False
Employed population by age groups,USA,United States,Employment,Persons,Calendar and seasonally adjusted,Male,From 55 to 64 years,Annual,2020,13466.42,Normal value,False
Employed population by age groups,USA,United States,Employment,Persons,Calendar and seasonally adjusted,Male,From 55 to 64 years,Annual,2021,13614.0,Normal value,False
Employed population by age groups,USA,United States,Employment,Persons,Calendar and seasonally adjusted,Male,From 55 to 64 years,Annual,2022,14247.67,Normal value,False
Employed population by age groups,USA,United States,Employment,Persons,Calendar and seasonally adjusted,Male,From 55 to 64 years,Annual,2023,14151.92,Normal value,False
Employed population by age groups,USA,United States,Employment,Persons,Calendar and seasonally adjusted,Male,From 55 to 64 years,Annual,2024,14011.5,Normal value,False
Employed population by age groups,JPN,Japan,Employment,Persons,Calendar and seasonally adjusted,Male,From 55 to 64 years,Annual,2016,6515.833,Normal value,False
Employed population by age groups,JPN,Japan,Employment,Persons,Calendar and seasonally adjusted,Female,From 55 to 64 years,Annual,2016,4745.0,Normal value,False
Employed population by age groups,JPN,Japan,Employment,Persons,Calendar and seasonally adjusted,Total,From 55 to 64 years,Annual,2016,11267.5,Normal value,False
Employed population by age groups,JPN,Japan,Employment,Persons,Calendar and seasonally adjusted,Male,From 55 to 64 years,Annual,2017,6518.333,Normal value,False
Employed population by age groups,JPN,Japan,Employment,Persons,Calendar and seasonally adjusted,Female,From 55 to 64 years,Annual,2017,4835.833,Normal value,False
Employed population by age groups,JPN,Japan,Employment,Persons,Calendar and seasonally adjusted,Total,From 55 to 64 years,Annual,2017,11352.5,Normal value,False
Employed population by age groups,JPN,Japan,Employment,Persons,Calendar and seasonally adjusted,Male,From 55 to 64 years,Annual,2018,6545.833,Normal value,False
Employed population by age groups,JPN,Japan,Employment,Persons,Calendar and seasonally adjusted,Female,From 55 to 64 years,Annual,2018,4954.167,Normal value,False
Employed population by age groups,JPN,Japan,Employment,Persons,Calendar and seasonally adjusted,Total,From 55 to 64 years,Annual,2018,11509.17,Normal value,False
Employed population by age groups,JPN,Japan,Employment,Persons,Calendar and seasonally adjusted,Male,From 55 to 64 years,Annual,2019,6576.667,Normal value,False
Employed population by age groups,JPN,Japan,Employment,Persons,Calendar and seasonally adjusted,Female,From 55 to 64 years,Annual,2019,5075.0,Normal value,False
Employed population by age groups,JPN,Japan,Employment,Persons,Calendar and seasonally adjusted,Total,From 55 to 64 years,Annual,2019,11657.5,Normal value,False
Employed population by age groups,JPN,Japan,Employment,Persons,Calendar and seasonally adjusted,Male,From 55 to 64 years,Annual,2020,6632.5,Normal value,False
Employed population by age groups,JPN,Japan,Employment,Persons,Calendar and seasonally adjusted,Female,From 55 to 64 years,Annual,2020,5132.5,Normal value,False
Employed population by age groups,JPN,Japan,Employment,Persons,Calendar and seasonally adjusted,Total,From 55 to 64 years,Annual,2020,11769.17,Normal value,False
Employed population by age groups,JPN,Japan,Employment,Persons,Calendar and seasonally adjusted,Male,From 55 to 64 years,Annual,2021,6602.5,Normal value,False
Employed population by age groups,JPN,Japan,Employment,Persons,Calendar and seasonally adjusted,Female,From 55 to 64 years,Annual,2021,5145.0,Normal value,False
Employed population by age groups,JPN,Japan,Employment,Persons,Calendar and seasonally adjusted,Total,From 55 to 64 years,Annual,2021,11747.5,Normal value,False
Employed population by age groups,JPN,Japan,Employment,Persons,Calendar and seasonally adjusted,Male,From 55 to 64 years,Annual,2022,6728.333,Normal value,False
Employed population by age groups,JPN,Japan,Employment,Persons,Calendar and seasonally adjusted,Female,From 55 to 64 years,Annual,2022,5310.0,Normal value,False
Employed population by age groups,JPN,Japan,Employment,Persons,Calendar and seasonally adjusted,Total,From 55 to 64 years,Annual,2022,12037.5,Normal value,False
Employed population by age groups,JPN,Japan,Employment,Persons,Calendar and seasonally adjusted,Male,From 55 to 64 years,Annual,2023,6886.667,Normal value,False
Employed population by age groups,JPN,Japan,Employment,Persons,Calendar and seasonally adjusted,Female,From 55 to 64 years,Annual,2023,5485.0,Normal value,False
Employed population by age groups,JPN,Japan,Employment,Persons,Calendar and seasonally adjusted,Total,From 55 to 64 years,Annual,2023,12371.67,Normal value,False
Employed population by age groups,JPN,Japan,Employment,Persons,Calendar and seasonally adjusted,Male,From 55 to 64 years,Annual,2024,6997.5,Normal value,False
Employed population by age groups,JPN,Japan,Employment,Persons,Calendar and seasonally adjusted,Female,From 55 to 64 years,Annual,2024,5652.5,Normal value,False
Employed population by age groups,JPN,Japan,Employment,Persons,Calendar and seasonally adjusted,Total,From 55 to 64 years,Annual,2024,12649.17,Normal value,False
Employed population by age groups,JPN,Japan,Employment,Persons,Calendar and seasonally adjusted,Male,From 55 to 64 years,Annual,2025,7141.667,Normal value,False
Employed population by age groups,JPN,Japan,Employment,Persons,Calendar and seasonally adjusted,Female,From 55 to 64 years,Annual,2025,5850.0,Normal value,False
Employed population by age groups,JPN,Japan,Employment,Persons,Calendar and seasonally adjusted,Total,From 55 to 64 years,Annual,2025,12991.67,Normal value,False
Employed population by age groups,BEL,Belgium,Employment,Persons,Calendar and seasonally adjusted,Female,From 15 to 64 years,Annual,2016,2107.5,Time series break,False
Employed population by age groups,CZE,Czechia,Employment,Persons,Calendar and seasonally adjusted,Female,From 15 to 64 years,Annual,2021,2236.525,Time series break,False
Employed population by age groups,DNK,Denmark,Employment,Persons,Calendar and seasonally adjusted,Female,From 15 to 64 years,Annual,2016,1267.825,Time series break,False
Employed population by age groups,HUN,Hungary,Employment,Persons,Calendar and seasonally adjusted,Female,From 15 to 64 years,Annual,2017,1983.675,Time series break,False
Employed population by age groups,HUN,Hungary,Employment,Persons,Calendar and seasonally adjusted,Female,From 15 to 64 years,Annual,2020,1938.175,Time series break,False
Employed population by age groups,ISL,Iceland,Employment,Persons,Calendar and seasonally adjusted,Female,From 15 to 64 years,Annual,2020,86.25,Time series break,False
Employed population by age groups,ISR,Israel,Employment,Persons,Calendar and seasonally adjusted,Female,From 15 to 64 years,Annual,2024,2018.017,Time series break,False
Employed population by age groups,LUX,Luxembourg,Employment,Persons,Calendar and seasonally adjusted,Female,From 15 to 64 years,Annual,2020,135.35,Time series break,False
Employed population by age groups,TUR,Türkiye,Employment,Persons,Calendar and seasonally adjusted,Female,From 15 to 64 years,Annual,2020,8108.275,Time series break,False
Employed population by age groups,BEL,Belgium,Employment,Persons,Calendar and seasonally adjusted,Male,From 15 to 64 years,Annual,2016,2433.25,Time series break,False
Employed population by age groups,CZE,Czechia,Employment,Persons,Calendar and seasonally adjusted,Male,From 15 to 64 years,Annual,2021,2829.65,Time series break,False
Employed population by age groups,DNK,Denmark,Employment,Persons,Calendar and seasonally adjusted,Male,From 15 to 64 years,Annual,2016,1399.7,Time series break,False
Employed population by age groups,HUN,Hungary,Employment,Persons,Calendar and seasonally adjusted,Male,From 15 to 64 years,Annual,2017,2389.725,Time series break,False
Employed population by age groups,HUN,Hungary,Employment,Persons,Calendar and seasonally adjusted,Male,From 15 to 64 years,Annual,2020,2408.45,Time series break,False
Employed population by age groups,ISL,Iceland,Employment,Persons,Calendar and seasonally adjusted,Male,From 15 to 64 years,Annual,2020,98.5,Time series break,False
Employed population by age groups,ISR,Israel,Employment,Persons,Calendar and seasonally adjusted,Male,From 15 to 64 years,Annual,2024,2092.3,Time series break,False
Employed population by age groups,LUX,Luxembourg,Employment,Persons,Calendar and seasonally adjusted,Male,From 15 to 64 years,Annual,2020,154.725,Time series break,False
Employed population by age groups,TUR,Türkiye,Employment,Persons,Calendar and seasonally adjusted,Male,From 15 to 64 years,Annual,2020,17944.6,Time series break,False
Employed population by age groups,BEL,Belgium,Employment,Persons,Calendar and seasonally adjusted,Total,From 15 to 64 years,Annual,2016,4540.75,Time series break,False
Employed population by age groups,CZE,Czechia,Employment,Persons,Calendar and seasonally adjusted,Total,From 15 to 64 years,Annual,2021,5066.15,Time series break,False
Employed population by age groups,DNK,Denmark,Employment,Persons,Calendar and seasonally adjusted,Total,From 15 to 64 years,Annual,2016,2667.5,Time series break,False
Employed population by age groups,HUN,Hungary,Employment,Persons,Calendar and seasonally adjusted,Total,From 15 to 64 years,Annual,2017,4373.4,Time series break,False
Employed population by age groups,HUN,Hungary,Employment,Persons,Calendar and seasonally adjusted,Total,From 15 to 64 years,Annual,2020,4346.625,Time series break,False
Employed population by age groups,ISL,Iceland,Employment,Persons,Calendar and seasonally adjusted,Total,From 15 to 64 years,Annual,2020,184.75,Time series break,False
Employed population by age groups,ISR,Israel,Employment,Persons,Calendar and seasonally adjusted,Total,From 15 to 64 years,Annual,2024,4110.333,Time series break,False
Employed population by age groups,LUX,Luxembourg,Employment,Persons,Calendar and seasonally adjusted,Total,From 15 to 64 years,Annual,2020,290.025,Time series break,False
Employed population by age groups,TUR,Türkiye,Employment,Persons,Calendar and seasonally adjusted,Total,From 15 to 64 years,Annual,2020,26052.88,Time series break,False
Employed population by age groups,LUX,Luxembourg,Employment,Persons,Calendar and seasonally adjusted,Female,From 55 to 64 years,Annual,2020,15.15,Time series break,False
Employed population by age groups,TUR,Türkiye,Employment,Persons,Calendar and seasonally adjusted,Female,From 55 to 64 years,Annual,2020,678.025,Time series break,False
Employed population by age groups,BEL,Belgium,Employment,Persons,Calendar and seasonally adjusted,Total,From 55 to 64 years,Annual,2016,657.75,Time series break,False
Employed population by age groups,CZE,Czechia,Employment,Persons,Calendar and seasonally adjusted,Total,From 55 to 64 years,Annual,2021,900.25,Time series break,False
Employed population by age groups,DNK,Denmark,Employment,Persons,Calendar and seasonally adjusted,Total,From 55 to 64 years,Annual,2016,460.45,Time series break,False
Employed population by age groups,HUN,Hungary,Employment,Persons,Calendar and seasonally adjusted,Total,From 55 to 64 years,Annual,2017,681.25,Time series break,False
Employed population by age groups,HUN,Hungary,Employment,Persons,Calendar and seasonally adjusted,Total,From 55 to 64 years,Annual,2020,706.1,Time series break,False
Employed population by age groups,ISL,Iceland,Employment,Persons,Calendar and seasonally adjusted,Total,From 55 to 64 years,Annual,2020,33.0,Time series break,False
Employed population by age groups,ISR,Israel,Employment,Persons,Calendar and seasonally adjusted,Total,From 55 to 64 years,Annual,2024,626.3834,Time series break,False
Employed population by age groups,LUX,Luxembourg,Employment,Persons,Calendar and seasonally adjusted,Total,From 55 to 64 years,Annual,2020,33.65,Time series break,False
Employed population by age groups,TUR,Türkiye,Employment,Persons,Calendar and seasonally adjusted,Total,From 55 to 64 years,Annual,2020,2497.75,Time series break,False
Employed population by age groups,BEL,Belgium,Employment,Persons,Calendar and seasonally adjusted,Male,From 55 to 64 years,Annual,2016,364.0,Time series break,False
Employed population by age groups,CZE,Czechia,Employment,Persons,Calendar and seasonally adjusted,Male,From 55 to 64 years,Annual,2021,488.55,Time series break,False
Employed population by age groups,DNK,Denmark,Employment,Persons,Calendar and seasonally adjusted,Male,From 55 to 64 years,Annual,2016,244.15,Time series break,False
Employed population by age groups,HUN,Hungary,Employment,Persons,Calendar and seasonally adjusted,Male,From 55 to 64 years,Annual,2017,378.625,Time series break,False
Employed population by age groups,HUN,Hungary,Employment,Persons,Calendar and seasonally adjusted,Male,From 55 to 64 years,Annual,2020,397.8,Time series break,False
Employed population by age groups,ISL,Iceland,Employment,Persons,Calendar and seasonally adjusted,Male,From 55 to 64 years,Annual,2020,18.0,Time series break,False
Employed population by age groups,ISR,Israel,Employment,Persons,Calendar and seasonally adjusted,Male,From 55 to 64 years,Annual,2024,334.25,Time series break,False
Employed population by age groups,LUX,Luxembourg,Employment,Persons,Calendar and seasonally adjusted,Male,From 55 to 64 years,Annual,2020,18.525,Time series break,False
Employed population by age groups,TUR,Türkiye,Employment,Persons,Calendar and seasonally adjusted,Male,From 55 to 64 years,Annual,2020,1819.75,Time series break,False
Employed population by age groups,DEU,Germany,Employment,Persons,Calendar and seasonally adjusted,Female,From 15 to 64 years,Annual,2019,18824.25,Time series break,False
Employed population by age groups,DEU,Germany,Employment,Persons,Calendar and seasonally adjusted,Male,From 15 to 64 years,Annual,2019,21234.0,Time series break,False
Employed population by age groups,DEU,Germany,Employment,Persons,Calendar and seasonally adjusted,Total,From 55 to 64 years,Annual,2019,8730.25,Time series break,False
Employed population by age groups,DEU,Germany,Employment,Persons,Calendar and seasonally adjusted,Total,From 15 to 64 years,Annual,2019,40058.5,Time series break,False
Employed population by age groups,DEU,Germany,Employment,Persons,Calendar and seasonally adjusted,Male,From 55 to 64 years,Annual,2019,4580.75,Time series break,False
Employed population by age groups,DEU,Germany,Employment,Persons,Calendar and seasonally adjusted,Female,From 15 to 64 years,Annual,2020,18419.5,Low reliability,True
Employed population by age groups,DEU,Germany,Employment,Persons,Calendar and seasonally adjusted,Male,From 15 to 64 years,Annual,2020,20691.75,Low reliability,True
Employed population by age groups,DEU,Germany,Employment,Persons,Calendar and seasonally adjusted,Total,From 55 to 64 years,Annual,2020,8848.25,Low reliability,True
Employed population by age groups,DEU,Germany,Employment,Persons,Calendar and seasonally adjusted,Total,From 15 to 64 years,Annual,2020,39111.5,Low reliability,True
Employed population by age groups,DEU,Germany,Employment,Persons,Calendar and seasonally adjusted,Male,From 55 to 64 years,Annual,2020,4634.75,Low reliability,True
Employed population by age groups,DEU,Germany,Employment,Persons,Calendar and seasonally adjusted,Male,From 25 to 54 years,Annual,2019,14525.25,Time series break,False
Employed population by age groups,DEU,Germany,Employment,Persons,Calendar and seasonally adjusted,Total,From 25 to 54 years,Annual,2019,27398.25,Time series break,False
Employed population by age groups,DEU,Germany,Employment,Persons,Calendar and seasonally adjusted,Female,From 25 to 54 years,Annual,2019,12873.25,Time series break,False
Employed population by age groups,DEU,Germany,Employment,Persons,Calendar and seasonally adjusted,Male,From 25 to 54 years,Annual,2020,13981.5,Low reliability,True
Employed population by age groups,DEU,Germany,Employment,Persons,Calendar and seasonally adjusted,Total,From 25 to 54 years,Annual,2020,26387.25,Low reliability,True
Employed population by age groups,DEU,Germany,Employment,Persons,Calendar and seasonally adjusted,Female,From 25 to 54 years,Annual,2020,12405.75,Low reliability,True
Employed population by age groups,BEL,Belgium,Employment,Persons,Calendar and seasonally adjusted,Male,From 25 to 54 years,Annual,2016,1909.75,Time series break,False
Employed population by age groups,BEL,Belgium,Employment,Persons,Calendar and seasonally adjusted,Female,From 25 to 54 years,Annual,2016,1676.25,Time series break,False
Employed population by age groups,BEL,Belgium,Employment,Persons,Calendar and seasonally adjusted,Total,From 25 to 54 years,Annual,2016,3585.75,Time series break,False
Employed population by age groups,CZE,Czechia,Employment,Persons,Calendar and seasonally adjusted,Male,From 25 to 54 years,Annual,2021,2193.175,Time series break,False
Employed population by age groups,CZE,Czechia,Employment,Persons,Calendar and seasonally adjusted,Female,From 25 to 54 years,Annual,2021,1730.4,Time series break,False
Employed population by age groups,CZE,Czechia,Employment,Persons,Calendar and seasonally adjusted,Total,From 25 to 54 years,Annual,2021,3923.55,Time series break,False
Employed population by age groups,DNK,Denmark,Employment,Persons,Calendar and seasonally adjusted,Male,From 25 to 54 years,Annual,2016,969.075,Time series break,False
Employed population by age groups,DNK,Denmark,Employment,Persons,Calendar and seasonally adjusted,Female,From 25 to 54 years,Annual,2016,857.25,Time series break,False
Employed population by age groups,DNK,Denmark,Employment,Persons,Calendar and seasonally adjusted,Total,From 25 to 54 years,Annual,2016,1826.3,Time series break,False
Employed population by age groups,HUN,Hungary,Employment,Persons,Calendar and seasonally adjusted,Total,From 25 to 54 years,Annual,2017,3389.625,Time series break,False
Employed population by age groups,HUN,Hungary,Employment,Persons,Calendar and seasonally adjusted,Female,From 25 to 54 years,Annual,2017,1554.675,Time series break,False
Employed population by age groups,HUN,Hungary,Employment,Persons,Calendar and seasonally adjusted,Male,From 25 to 54 years,Annual,2017,1834.9,Time series break,False
Employed population by age groups,HUN,Hungary,Employment,Persons,Calendar and seasonally adjusted,Total,From 25 to 54 years,Annual,2020,3384.575,Time series break,False
Employed population by age groups,HUN,Hungary,Employment,Persons,Calendar and seasonally adjusted,Female,From 25 to 54 years,Annual,2020,1525.2,Time series break,False
Employed population by age groups,HUN,Hungary,Employment,Persons,Calendar and seasonally adjusted,Male,From 25 to 54 years,Annual,2020,1859.375,Time series break,False
Employed population by age groups,ISL,Iceland,Employment,Persons,Calendar and seasonally adjusted,Total,From 25 to 54 years,Annual,2020,125.0,Time series break,False
Employed population by age groups,ISL,Iceland,Employment,Persons,Calendar and seasonally adjusted,Male,From 25 to 54 years,Annual,2020,67.75,Time series break,False
Employed population by age groups,ISL,Iceland,Employment,Persons,Calendar and seasonally adjusted,Female,From 25 to 54 years,Annual,2020,57.25,Time series break,False
Employed population by age groups,ISR,Israel,Employment,Persons,Calendar and seasonally adjusted,Male,From 25 to 54 years,Annual,2024,1437.942,Time series break,False
Employed population by age groups,ISR,Israel,Employment,Persons,Calendar and seasonally adjusted,Female,From 25 to 54 years,Annual,2024,1405.583,Time series break,False
Employed population by age groups,ISR,Israel,Employment,Persons,Calendar and seasonally adjusted,Total,From 25 to 54 years,Annual,2024,2843.517,Time series break,False
Employed population by age groups,LUX,Luxembourg,Employment,Persons,Calendar and seasonally adjusted,Female,From 25 to 54 years,Annual,2020,111.75,Time series break,False
Employed population by age groups,LUX,Luxembourg,Employment,Persons,Calendar and seasonally adjusted,Male,From 25 to 54 years,Annual,2020,127.025,Time series break,False
Employed population by age groups,LUX,Luxembourg,Employment,Persons,Calendar and seasonally adjusted,Total,From 25 to 54 years,Annual,2020,238.825,Time series break,False
Employed population by age groups,TUR,Türkiye,Employment,Persons,Calendar and seasonally adjusted,Female,From 25 to 54 years,Annual,2020,6326.6,Time series break,False
Employed population by age groups,TUR,Türkiye,Employment,Persons,Calendar and seasonally adjusted,Total,From 25 to 54 years,Annual,2020,20135.78,Time series break,False
Employed population by age groups,TUR,Türkiye,Employment,Persons,Calendar and seasonally adjusted,Male,From 25 to 54 years,Annual,2020,13809.2,Time series break,False
Employed population by age groups,DEU,Germany,Employment,Persons,Calendar and seasonally adjusted,Female,From 55 to 64 years,Annual,2020,4213.25,Low reliability,True
Employed population by age groups,BEL,Belgium,Employment,Persons,Calendar and seasonally adjusted,Female,From 55 to 64 years,Annual,2016,293.5,Time series break,False
Employed population by age groups,CZE,Czechia,Employment,Persons,Calendar and seasonally adjusted,Female,From 55 to 64 years,Annual,2021,411.725,Time series break,False
Employed population by age groups,DNK,Denmark,Employment,Persons,Calendar and seasonally adjusted,Female,From 55 to 64 years,Annual,2016,216.3,Time series break,False
Employed population by age groups,DEU,Germany,Employment,Persons,Calendar and seasonally adjusted,Female,From 55 to 64 years,Annual,2019,4149.0,Time series break,False
Employed population by age groups,HUN,Hungary,Employment,Persons,Calendar and seasonally adjusted,Female,From 55 to 64 years,Annual,2017,302.625,Time series break,False
Employed population by age groups,HUN,Hungary,Employment,Persons,Calendar and seasonally adjusted,Female,From 55 to 64 years,Annual,2020,308.275,Time series break,False
Employed population by age groups,ISL,Iceland,Employment,Persons,Calendar and seasonally adjusted,Female,From 55 to 64 years,Annual,2020,15.25,Time series break,False
Employed population by age groups,ISR,Israel,Employment,Persons,Calendar and seasonally adjusted,Female,From 55 to 64 years,Annual,2024,292.1083,Time series break,False
Employed population by age groups,DEU,Germany,Employment,Persons,Calendar and seasonally adjusted,Male,From 15 to 24 years,Annual,2020,2075.75,Low reliability,True
Employed population by age groups,DEU,Germany,Employment,Persons,Calendar and seasonally adjusted,Female,From 15 to 24 years,Annual,2020,1800.0,Low reliability,True
Employed population by age groups,DEU,Germany,Employment,Persons,Calendar and seasonally adjusted,Total,From 15 to 24 years,Annual,2020,3876.0,Low reliability,True
Employed population by age groups,BEL,Belgium,Employment,Persons,Calendar and seasonally adjusted,Female,From 15 to 24 years,Annual,2016,137.5,Time series break,False
Employed population by age groups,CZE,Czechia,Employment,Persons,Calendar and seasonally adjusted,Female,From 15 to 24 years,Annual,2021,94.375,Time series break,False
Employed population by age groups,DNK,Denmark,Employment,Persons,Calendar and seasonally adjusted,Female,From 15 to 24 years,Annual,2016,194.3,Time series break,False
Employed population by age groups,DEU,Germany,Employment,Persons,Calendar and seasonally adjusted,Female,From 15 to 24 years,Annual,2019,1802.25,Time series break,False
Employed population by age groups,HUN,Hungary,Employment,Persons,Calendar and seasonally adjusted,Female,From 15 to 24 years,Annual,2017,126.4,Time series break,False
Employed population by age groups,HUN,Hungary,Employment,Persons,Calendar and seasonally adjusted,Female,From 15 to 24 years,Annual,2020,104.725,Time series break,False
Employed population by age groups,ISL,Iceland,Employment,Persons,Calendar and seasonally adjusted,Female,From 15 to 24 years,Annual,2020,13.75,Time series break,False
Employed population by age groups,ISR,Israel,Employment,Persons,Calendar and seasonally adjusted,Female,From 15 to 24 years,Annual,2024,320.3417,Time series break,False
Employed population by age groups,LUX,Luxembourg,Employment,Persons,Calendar and seasonally adjusted,Female,From 15 to 24 years,Annual,2020,8.425,Time series break,False
Employed population by age groups,TUR,Türkiye,Employment,Persons,Calendar and seasonally adjusted,Female,From 15 to 24 years,Annual,2020,1103.7,Time series break,False
Employed population by age groups,BEL,Belgium,Employment,Persons,Calendar and seasonally adjusted,Total,From 15 to 24 years,Annual,2016,297.25,Time series break,False
Employed population by age groups,CZE,Czechia,Employment,Persons,Calendar and seasonally adjusted,Total,From 15 to 24 years,Annual,2021,242.325,Time series break,False
Employed population by age groups,DNK,Denmark,Employment,Persons,Calendar and seasonally adjusted,Total,From 15 to 24 years,Annual,2016,380.75,Time series break,False
Employed population by age groups,DEU,Germany,Employment,Persons,Calendar and seasonally adjusted,Total,From 15 to 24 years,Annual,2019,3930.25,Time series break,False
Employed population by age groups,HUN,Hungary,Employment,Persons,Calendar and seasonally adjusted,Total,From 15 to 24 years,Annual,2017,302.6,Time series break,False
Employed population by age groups,HUN,Hungary,Employment,Persons,Calendar and seasonally adjusted,Total,From 15 to 24 years,Annual,2020,255.925,Time series break,False
Employed population by age groups,ISL,Iceland,Employment,Persons,Calendar and seasonally adjusted,Total,From 15 to 24 years,Annual,2020,26.25,Time series break,False
Employed population by age groups,ISR,Israel,Employment,Persons,Calendar and seasonally adjusted,Total,From 15 to 24 years,Annual,2024,640.45,Time series break,False
Employed population by age groups,LUX,Luxembourg,Employment,Persons,Calendar and seasonally adjusted,Total,From 15 to 24 years,Annual,2020,17.55,Time series break,False
Employed population by age groups,TUR,Türkiye,Employment,Persons,Calendar and seasonally adjusted,Total,From 15 to 24 years,Annual,2020,3419.375,Time series break,False
Employed population by age groups,BEL,Belgium,Employment,Persons,Calendar and seasonally adjusted,Male,From 15 to 24 years,Annual,2016,159.5,Time series break,False
Employed population by age groups,CZE,Czechia,Employment,Persons,Calendar and seasonally adjusted,Male,From 15 to 24 years,Annual,2021,147.925,Time series break,False
Employed population by age groups,DNK,Denmark,Employment,Persons,Calendar and seasonally adjusted,Male,From 15 to 24 years,Annual,2016,186.45,Time series break,False
Employed population by age groups,DEU,Germany,Employment,Persons,Calendar and seasonally adjusted,Male,From 15 to 24 years,Annual,2019,2127.75,Time series break,False
Employed population by age groups,HUN,Hungary,Employment,Persons,Calendar and seasonally adjusted,Male,From 15 to 24 years,Annual,2017,176.175,Time series break,False
Employed population by age groups,HUN,Hungary,Employment,Persons,Calendar and seasonally adjusted,Male,From 15 to 24 years,Annual,2020,151.225,Time series break,False
Employed population by age groups,ISL,Iceland,Employment,Persons,Calendar and seasonally adjusted,Male,From 15 to 24 years,Annual,2020,12.75,Time series break,False
Employed population by age groups,ISR,Israel,Employment,Persons,Calendar and seasonally adjusted,Male,From 15 to 24 years,Annual,2024,320.1,Time series break,False
Employed population by age groups,LUX,Luxembourg,Employment,Persons,Calendar and seasonally adjusted,Male,From 15 to 24 years,Annual,2020,9.125,Time series break,False
Employed population by age groups,TUR,Türkiye,Employment,Persons,Calendar and seasonally adjusted,Male,From 15 to 24 years,Annual,2020,2315.675,Time series break,False
Employed population by age groups,AUS,Australia,Employment,Persons,Calendar and seasonally adjusted,Female,From 55 to 64 years,Annual,2016,805.4281,Normal value,False
Employed population by age groups,AUS,Australia,Employment,Persons,Calendar and seasonally adjusted,Female,From 55 to 64 years,Annual,2017,839.5696,Normal value,False
Employed population by age groups,AUS,Australia,Employment,Persons,Calendar and seasonally adjusted,Female,From 55 to 64 years,Annual,2018,860.6525,Normal value,False
Employed population by age groups,AUS,Australia,Employment,Persons,Calendar and seasonally adjusted,Female,From 55 to 64 years,Annual,2019,890.6625,Normal value,False
Employed population by age groups,AUS,Australia,Employment,Persons,Calendar and seasonally adjusted,Female,From 55 to 64 years,Annual,2020,894.0942,Normal value,False
Employed population by age groups,AUS,Australia,Employment,Persons,Calendar and seasonally adjusted,Female,From 55 to 64 years,Annual,2021,926.0859,Normal value,False
Employed population by age groups,AUS,Australia,Employment,Persons,Calendar and seasonally adjusted,Female,From 55 to 64 years,Annual,2022,952.7315,Normal value,False
Employed population by age groups,AUS,Australia,Employment,Persons,Calendar and seasonally adjusted,Female,From 55 to 64 years,Annual,2023,961.4158,Normal value,False
Employed population by age groups,AUS,Australia,Employment,Persons,Calendar and seasonally adjusted,Female,From 55 to 64 years,Annual,2024,981.2565,Normal value,False
Employed population by age groups,AUS,Australia,Employment,Persons,Calendar and seasonally adjusted,Female,From 55 to 64 years,Annual,2025,984.1387,Normal value,False
Employed population by age groups,AUT,Austria,Employment,Persons,Calendar and seasonally adjusted,Female,From 55 to 64 years,Annual,2016,229.75,Normal value,False
Employed population by age groups,AUT,Austria,Employment,Persons,Calendar and seasonally adjusted,Female,From 55 to 64 years,Annual,2017,247.5,Normal value,False
Employed population by age groups,AUT,Austria,Employment,Persons,Calendar and seasonally adjusted,Female,From 55 to 64 years,Annual,2018,268.0,Normal value,False
Employed population by age groups,AUT,Austria,Employment,Persons,Calendar and seasonally adjusted,Female,From 55 to 64 years,Annual,2019,284.5,Normal value,False
Employed population by age groups,AUT,Austria,Employment,Persons,Calendar and seasonally adjusted,Female,From 55 to 64 years,Annual,2020,295.25,Normal value,False
Employed population by age groups,AUT,Austria,Employment,Persons,Calendar and seasonally adjusted,Female,From 55 to 64 years,Annual,2021,314.4,Normal value,False
Employed population by age groups,AUT,Austria,Employment,Persons,Calendar and seasonally adjusted,Female,From 55 to 64 years,Annual,2022,325.85,Normal value,False
Employed population by age groups,AUT,Austria,Employment,Persons,Calendar and seasonally adjusted,Female,From 55 to 64 years,Annual,2023,335.275,Normal value,False
Employed population by age groups,AUT,Austria,Employment,Persons,Calendar and seasonally adjusted,Female,From 55 to 64 years,Annual,2024,355.3,Normal value,False
Employed population by age groups,AUT,Austria,Employment,Persons,Calendar and seasonally adjusted,Female,From 55 to 64 years,Annual,2025,383.275,Normal value,False
Employed population by age groups,BEL,Belgium,Employment,Persons,Calendar and seasonally adjusted,Female,From 55 to 64 years,Annual,2017,315.25,Normal value,False
Employed population by age groups,BEL,Belgium,Employment,Persons,Calendar and seasonally adjusted,Female,From 55 to 64 years,Annual,2018,340.5,Normal value,False
Employed population by age groups,BEL,Belgium,Employment,Persons,Calendar and seasonally adjusted,Female,From 55 to 64 years,Annual,2019,355.75,Normal value,False
Employed population by age groups,BEL,Belgium,Employment,Persons,Calendar and seasonally adjusted,Female,From 55 to 64 years,Annual,2020,366.75,Normal value,False
Employed population by age groups,BEL,Belgium,Employment,Persons,Calendar and seasonally adjusted,Female,From 55 to 64 years,Annual,2021,382.625,Normal value,False
Employed population by age groups,BEL,Belgium,Employment,Persons,Calendar and seasonally adjusted,Female,From 55 to 64 years,Annual,2022,401.825,Normal value,False
Employed population by age groups,BEL,Belgium,Employment,Persons,Calendar and seasonally adjusted,Female,From 55 to 64 years,Annual,2023,414.875,Normal value,False
Employed population by age groups,BEL,Belgium,Employment,Persons,Calendar and seasonally adjusted,Female,From 55 to 64 years,Annual,2024,425.125,Normal value,False
Employed population by age groups,BEL,Belgium,Employment,Persons,Calendar and seasonally adjusted,Female,From 55 to 64 years,Annual,2025,440.675,Normal value,False
Employed population by age groups,CAN,Canada,Employment,Persons,Calendar and seasonally adjusted,Female,From 55 to 64 years,Annual,2016,1377.925,Normal value,False
Employed population by age groups,CAN,Canada,Employment,Persons,Calendar and seasonally adjusted,Female,From 55 to 64 years,Annual,2017,1429.558,Normal value,False
Employed population by age groups,CAN,Canada,Employment,Persons,Calendar and seasonally adjusted,Female,From 55 to 64 years,Annual,2018,1479.875,Normal value,False
Employed population by age groups,CAN,Canada,Employment,Persons,Calendar and seasonally adjusted,Female,From 55 to 64 years,Annual,2019,1503.5,Normal value,False
Employed population by age groups,CAN,Canada,Employment,Persons,Calendar and seasonally adjusted,Female,From 55 to 64 years,Annual,2020,1445.075,Normal value,False
Employed population by age groups,CAN,Canada,Employment,Persons,Calendar and seasonally adjusted,Female,From 55 to 64 years,Annual,2021,1508.767,Normal value,False
Employed population by age groups,CAN,Canada,Employment,Persons,Calendar and seasonally adjusted,Female,From 55 to 64 years,Annual,2022,1518.958,Normal value,False
Employed population by age groups,CAN,Canada,Employment,Persons,Calendar and seasonally adjusted,Female,From 55 to 64 years,Annual,2023,1551.058,Normal value,False
Employed population by age groups,CAN,Canada,Employment,Persons,Calendar and seasonally adjusted,Female,From 55 to 64 years,Annual,2024,1529.775,Normal value,False
Employed population by age groups,CAN,Canada,Employment,Persons,Calendar and seasonally adjusted,Female,From 55 to 64 years,Annual,2025,1509.45,Normal value,False
Employed population by age groups,COL,Colombia,Employment,Persons,Calendar and seasonally adjusted,Female,From 55 to 64 years,Annual,2016,993.5057,Normal value,False
Employed population by age groups,COL,Colombia,Employment,Persons,Calendar and seasonally adjusted,Female,From 55 to 64 years,Annual,2017,1034.782,Normal value,False
Employed population by age groups,COL,Colombia,Employment,Persons,Calendar and seasonally adjusted,Female,From 55 to 64 years,Annual,2018,1089.342,Normal value,False
Employed population by age groups,COL,Colombia,Employment,Persons,Calendar and seasonally adjusted,Female,From 55 to 64 years,Annual,2019,1078.358,Normal value,False
Employed population by age groups,COL,Colombia,Employment,Persons,Calendar and seasonally adjusted,Female,From 55 to 64 years,Annual,2020,950.9254,Normal value,False
Employed population by age groups,COL,Colombia,Employment,Persons,Calendar and seasonally adjusted,Female,From 55 to 64 years,Annual,2021,884.1095,Normal value,False
Employed population by age groups,COL,Colombia,Employment,Persons,Calendar and seasonally adjusted,Female,From 55 to 64 years,Annual,2022,1002.65,Normal value,False
Employed population by age groups,COL,Colombia,Employment,Persons,Calendar and seasonally adjusted,Female,From 55 to 64 years,Annual,2023,1115.333,Normal value,False
Employed population by age groups,COL,Colombia,Employment,Persons,Calendar and seasonally adjusted,Female,From 55 to 64 years,Annual,2024,1125.174,Normal value,False
Employed population by age groups,COL,Colombia,Employment,Persons,Calendar and seasonally adjusted,Female,From 55 to 64 years,Annual,2025,1174.568,Normal value,False
Employed population by age groups,CRI,Costa Rica,Employment,Persons,Calendar and seasonally adjusted,Female,From 55 to 64 years,Annual,2016,80.706,Normal value,False
Employed population by age groups,CRI,Costa Rica,Employment,Persons,Calendar and seasonally adjusted,Female,From 55 to 64 years,Annual,2017,96.53875,Normal value,False
Employed population by age groups,CRI,Costa Rica,Employment,Persons,Calendar and seasonally adjusted,Female,From 55 to 64 years,Annual,2018,106.124,Normal value,False
Employed population by age groups,CRI,Costa Rica,Employment,Persons,Calendar and seasonally adjusted,Female,From 55 to 64 years,Annual,2019,118.524,Normal value,False
Employed population by age groups,CRI,Costa Rica,Employment,Persons,Calendar and seasonally adjusted,Female,From 55 to 64 years,Annual,2020,101.1547,Normal value,False
Employed population by age groups,CRI,Costa Rica,Employment,Persons,Calendar and seasonally adjusted,Female,From 55 to 64 years,Annual,2021,94.65125,Normal value,False
Employed population by age groups,CRI,Costa Rica,Employment,Persons,Calendar and seasonally adjusted,Female,From 55 to 64 years,Annual,2022,109.5228,Normal value,False
Employed population by age groups,CRI,Costa Rica,Employment,Persons,Calendar and seasonally adjusted,Female,From 55 to 64 years,Annual,2023,104.909,Normal value,False
Employed population by age groups,CRI,Costa Rica,Employment,Persons,Calendar and seasonally adjusted,Female,From 55 to 64 years,Annual,2024,116.6168,Normal value,False
Employed population by age groups,CRI,Costa Rica,Employment,Persons,Calendar and seasonally adjusted,Female,From 55 to 64 years,Annual,2025,106.4652,Normal value,False
Employed population by age groups,CZE,Czechia,Employment,Persons,Calendar and seasonally adjusted,Female,From 55 to 64 years,Annual,2016,342.925,Normal value,False
Employed population by age groups,CZE,Czechia,Employment,Persons,Calendar and seasonally adjusted,Female,From 55 to 64 years,Annual,2017,359.6,Normal value,False
Employed population by age groups,CZE,Czechia,Employment,Persons,Calendar and seasonally adjusted,Female,From 55 to 64 years,Annual,2018,378.125,Normal value,False
Employed population by age groups,CZE,Czechia,Employment,Persons,Calendar and seasonally adjusted,Female,From 55 to 64 years,Annual,2019,390.55,Normal value,False
Employed population by age groups,CZE,Czechia,Employment,Persons,Calendar and seasonally adjusted,Female,From 55 to 64 years,Annual,2020,403.475,Normal value,False
Employed population by age groups,CZE,Czechia,Employment,Persons,Calendar and seasonally adjusted,Female,From 55 to 64 years,Annual,2022,427.05,Normal value,False
Employed population by age groups,CZE,Czechia,Employment,Persons,Calendar and seasonally adjusted,Female,From 55 to 64 years,Annual,2023,420.0,Normal value,False
Employed population by age groups,CZE,Czechia,Employment,Persons,Calendar and seasonally adjusted,Female,From 55 to 64 years,Annual,2024,451.0,Normal value,False
Employed population by age groups,CZE,Czechia,Employment,Persons,Calendar and seasonally adjusted,Female,From 55 to 64 years,Annual,2025,481.825,Normal value,False
Employed population by age groups,DNK,Denmark,Employment,Persons,Calendar and seasonally adjusted,Female,From 55 to 64 years,Annual,2017,228.35,Normal value,False
Employed population by age groups,DNK,Denmark,Employment,Persons,Calendar and seasonally adjusted,Female,From 55 to 64 years,Annual,2018,230.875,Normal value,False
Employed population by age groups,DNK,Denmark,Employment,Persons,Calendar and seasonally adjusted,Female,From 55 to 64 years,Annual,2019,244.475,Normal value,False
Employed population by age groups,DNK,Denmark,Employment,Persons,Calendar and seasonally adjusted,Female,From 55 to 64 years,Annual,2020,249.9,Normal value,False
Employed population by age groups,DNK,Denmark,Employment,Persons,Calendar and seasonally adjusted,Female,From 55 to 64 years,Annual,2021,257.975,Normal value,False
Employed population by age groups,DNK,Denmark,Employment,Persons,Calendar and seasonally adjusted,Female,From 55 to 64 years,Annual,2022,267.05,Normal value,False
Employed population by age groups,DNK,Denmark,Employment,Persons,Calendar and seasonally adjusted,Female,From 55 to 64 years,Annual,2023,274.225,Normal value,False
Employed population by age groups,DNK,Denmark,Employment,Persons,Calendar and seasonally adjusted,Female,From 55 to 64 years,Annual,2024,279.675,Normal value,False
Employed population by age groups,DNK,Denmark,Employment,Persons,Calendar and seasonally adjusted,Female,From 55 to 64 years,Annual,2025,279.275,Normal value,False
Employed population by age groups,EST,Estonia,Employment,Persons,Calendar and seasonally adjusted,Female,From 55 to 64 years,Annual,2016,62.5,Normal value,False
Employed population by age groups,EST,Estonia,Employment,Persons,Calendar and seasonally adjusted,Female,From 55 to 64 years,Annual,2017,65.25,Normal value,False
Employed population by age groups,EST,Estonia,Employment,Persons,Calendar and seasonally adjusted,Female,From 55 to 64 years,Annual,2018,66.5,Normal value,False
Employed population by age groups,EST,Estonia,Employment,Persons,Calendar and seasonally adjusted,Female,From 55 to 64 years,Annual,2019,69.75,Normal value,False
Employed population by age groups,EST,Estonia,Employment,Persons,Calendar and seasonally adjusted,Female,From 55 to 64 years,Annual,2020,68.75,Normal value,False
Employed population by age groups,EST,Estonia,Employment,Persons,Calendar and seasonally adjusted,Female,From 55 to 64 years,Annual,2021,66.75,Normal value,False
Employed population by age groups,EST,Estonia,Employment,Persons,Calendar and seasonally adjusted,Female,From 55 to 64 years,Annual,2022,68.325,Normal value,False
Employed population by age groups,EST,Estonia,Employment,Persons,Calendar and seasonally adjusted,Female,From 55 to 64 years,Annual,2023,70.525,Normal value,False
Employed population by age groups,EST,Estonia,Employment,Persons,Calendar and seasonally adjusted,Female,From 55 to 64 years,Annual,2024,70.9,Normal value,False
Employed population by age groups,EST,Estonia,Employment,Persons,Calendar and seasonally adjusted,Female,From 55 to 64 years,Annual,2025,71.75,Normal value,False
Employed population by age groups,FIN,Finland,Employment,Persons,Calendar and seasonally adjusted,Female,From 55 to 64 years,Annual,2016,233.5,Normal value,False
Employed population by age groups,FIN,Finland,Employment,Persons,Calendar and seasonally adjusted,Female,From 55 to 64 years,Annual,2017,233.25,Normal value,False
Employed population by age groups,FIN,Finland,Employment,Persons,Calendar and seasonally adjusted,Female,From 55 to 64 years,Annual,2018,243.0,Normal value,False
Employed population by age groups,FIN,Finland,Employment,Persons,Calendar and seasonally adjusted,Female,From 55 to 64 years,Annual,2019,249.25,Normal value,False
Employed population by age groups,FIN,Finland,Employment,Persons,Calendar and seasonally adjusted,Female,From 55 to 64 years,Annual,2020,247.75,Normal value,False
Employed population by age groups,FIN,Finland,Employment,Persons,Calendar and seasonally adjusted,Female,From 55 to 64 years,Annual,2021,248.95,Normal value,False
Employed population by age groups,FIN,Finland,Employment,Persons,Calendar and seasonally adjusted,Female,From 55 to 64 years,Annual,2022,262.65,Normal value,False
Employed population by age groups,FIN,Finland,Employment,Persons,Calendar and seasonally adjusted,Female,From 55 to 64 years,Annual,2023,264.65,Normal value,False
Employed population by age groups,FIN,Finland,Employment,Persons,Calendar and seasonally adjusted,Female,From 55 to 64 years,Annual,2024,263.05,Normal value,False
Employed population by age groups,FIN,Finland,Employment,Persons,Calendar and seasonally adjusted,Female,From 55 to 64 years,Annual,2025,264.175,Normal value,False
Employed population by age groups,FRA,France,Employment,Persons,Calendar and seasonally adjusted,Female,From 55 to 64 years,Annual,2016,2152.75,Normal value,False
Employed population by age groups,FRA,France,Employment,Persons,Calendar and seasonally adjusted,Female,From 55 to 64 years,Annual,2017,2232.0,Normal value,False
Employed population by age groups,FRA,France,Employment,Persons,Calendar and seasonally adjusted,Female,From 55 to 64 years,Annual,2018,2266.25,Normal value,False
Employed population by age groups,FRA,France,Employment,Persons,Calendar and seasonally adjusted,Female,From 55 to 64 years,Annual,2019,2301.5,Normal value,False
Employed population by age groups,FRA,France,Employment,Persons,Calendar and seasonally adjusted,Female,From 55 to 64 years,Annual,2020,2352.25,Normal value,False
Employed population by age groups,FRA,France,Employment,Persons,Calendar and seasonally adjusted,Female,From 55 to 64 years,Annual,2021,2382.95,Normal value,False
Employed population by age groups,FRA,France,Employment,Persons,Calendar and seasonally adjusted,Female,From 55 to 64 years,Annual,2022,2451.25,Normal value,False
Employed population by age groups,FRA,France,Employment,Persons,Calendar and seasonally adjusted,Female,From 55 to 64 years,Annual,2023,2538.975,Normal value,False
Employed population by age groups,FRA,France,Employment,Persons,Calendar and seasonally adjusted,Female,From 55 to 64 years,Annual,2024,2611.225,Normal value,False
Employed population by age groups,FRA,France,Employment,Persons,Calendar and seasonally adjusted,Female,From 55 to 64 years,Annual,2025,2663.3,Normal value,False
Employed population by age groups,DEU,Germany,Employment,Persons,Calendar and seasonally adjusted,Female,From 55 to 64 years,Annual,2016,3593.5,Normal value,False
Employed population by age groups,DEU,Germany,Employment,Persons,Calendar and seasonally adjusted,Female,From 55 to 64 years,Annual,2017,3753.5,Normal value,False
Employed population by age groups,DEU,Germany,Employment,Persons,Calendar and seasonally adjusted,Female,From 55 to 64 years,Annual,2018,3956.5,Normal value,False
Employed population by age groups,DEU,Germany,Employment,Persons,Calendar and seasonally adjusted,Female,From 55 to 64 years,Annual,2021,4328.175,Normal value,False
Employed population by age groups,DEU,Germany,Employment,Persons,Calendar and seasonally adjusted,Female,From 55 to 64 years,Annual,2022,4518.675,Normal value,False
Employed population by age groups,DEU,Germany,Employment,Persons,Calendar and seasonally adjusted,Female,From 55 to 64 years,Annual,2023,4665.575,Normal value,False
Employed population by age groups,DEU,Germany,Employment,Persons,Calendar and seasonally adjusted,Female,From 55 to 64 years,Annual,2024,4697.6,Normal value,False
Employed population by age groups,DEU,Germany,Employment,Persons,Calendar and seasonally adjusted,Female,From 55 to 64 years,Annual,2025,4691.975,Normal value,False
Employed population by age groups,GRC,Greece,Employment,Persons,Calendar and seasonally adjusted,Female,From 55 to 64 years,Annual,2016,191.0,Normal value,False
Employed population by age groups,GRC,Greece,Employment,Persons,Calendar and seasonally adjusted,Female,From 55 to 64 years,Annual,2017,198.75,Normal value,False
Employed population by age groups,GRC,Greece,Employment,Persons,Calendar and seasonally adjusted,Female,From 55 to 64 years,Annual,2018,214.5,Normal value,False
Employed population by age groups,GRC,Greece,Employment,Persons,Calendar and seasonally adjusted,Female,From 55 to 64 years,Annual,2019,228.25,Normal value,False
Employed population by age groups,GRC,Greece,Employment,Persons,Calendar and seasonally adjusted,Female,From 55 to 64 years,Annual,2020,233.25,Normal value,False
Employed population by age groups,GRC,Greece,Employment,Persons,Calendar and seasonally adjusted,Female,From 55 to 64 years,Annual,2021,277.725,Normal value,False
Employed population by age groups,GRC,Greece,Employment,Persons,Calendar and seasonally adjusted,Female,From 55 to 64 years,Annual,2022,302.5,Normal value,False
Employed population by age groups,GRC,Greece,Employment,Persons,Calendar and seasonally adjusted,Female,From 55 to 64 years,Annual,2023,328.8,Normal value,False
Employed population by age groups,GRC,Greece,Employment,Persons,Calendar and seasonally adjusted,Female,From 55 to 64 years,Annual,2024,359.125,Normal value,False
Employed population by age groups,GRC,Greece,Employment,Persons,Calendar and seasonally adjusted,Female,From 55 to 64 years,Annual,2025,382.7,Normal value,False
Employed population by age groups,HUN,Hungary,Employment,Persons,Calendar and seasonally adjusted,Female,From 55 to 64 years,Annual,2016,303.825,Normal value,False
Employed population by age groups,HUN,Hungary,Employment,Persons,Calendar and seasonally adjusted,Female,From 55 to 64 years,Annual,2018,307.975,Normal value,False
Employed population by age groups,HUN,Hungary,Employment,Persons,Calendar and seasonally adjusted,Female,From 55 to 64 years,Annual,2019,303.325,Normal value,False
Employed population by age groups,HUN,Hungary,Employment,Persons,Calendar and seasonally adjusted,Female,From 55 to 64 years,Annual,2021,320.425,Normal value,False
Employed population by age groups,HUN,Hungary,Employment,Persons,Calendar and seasonally adjusted,Female,From 55 to 64 years,Annual,2022,331.3,Normal value,False
Employed population by age groups,HUN,Hungary,Employment,Persons,Calendar and seasonally adjusted,Female,From 55 to 64 years,Annual,2023,359.525,Normal value,False
Employed population by age groups,HUN,Hungary,Employment,Persons,Calendar and seasonally adjusted,Female,From 55 to 64 years,Annual,2024,375.775,Normal value,False
Employed population by age groups,HUN,Hungary,Employment,Persons,Calendar and seasonally adjusted,Female,From 55 to 64 years,Annual,2025,389.6,Normal value,False
Employed population by age groups,ISL,Iceland,Employment,Persons,Calendar and seasonally adjusted,Female,From 55 to 64 years,Annual,2016,15.25,Normal value,False
Employed population by age groups,ISL,Iceland,Employment,Persons,Calendar and seasonally adjusted,Female,From 55 to 64 years,Annual,2017,15.5,Normal value,False
Employed population by age groups,ISL,Iceland,Employment,Persons,Calendar and seasonally adjusted,Female,From 55 to 64 years,Annual,2018,15.5,Normal value,False
Employed population by age groups,ISL,Iceland,Employment,Persons,Calendar and seasonally adjusted,Female,From 55 to 64 years,Annual,2019,15.5,Normal value,False
Employed population by age groups,ISL,Iceland,Employment,Persons,Calendar and seasonally adjusted,Female,From 55 to 64 years,Annual,2021,16.225,Normal value,False
Employed population by age groups,ISL,Iceland,Employment,Persons,Calendar and seasonally adjusted,Female,From 55 to 64 years,Annual,2022,16.975,Normal value,False
Employed population by age groups,ISL,Iceland,Employment,Persons,Calendar and seasonally adjusted,Female,From 55 to 64 years,Annual,2023,16.425,Normal value,False
Employed population by age groups,ISL,Iceland,Employment,Persons,Calendar and seasonally adjusted,Female,From 55 to 64 years,Annual,2024,15.9,Normal value,False
Employed population by age groups,IRL,Ireland,Employment,Persons,Calendar and seasonally adjusted,Female,From 55 to 64 years,Annual,2016,123.5,Normal value,False
Employed population by age groups,IRL,Ireland,Employment,Persons,Calendar and seasonally adjusted,Female,From 55 to 64 years,Annual,2017,131.0,Normal value,False
Employed population by age groups,IRL,Ireland,Employment,Persons,Calendar and seasonally adjusted,Female,From 55 to 64 years,Annual,2018,138.5,Normal value,False
Employed population by age groups,IRL,Ireland,Employment,Persons,Calendar and seasonally adjusted,Female,From 55 to 64 years,Annual,2019,147.0,Normal value,False
Employed population by age groups,IRL,Ireland,Employment,Persons,Calendar and seasonally adjusted,Female,From 55 to 64 years,Annual,2020,148.75,Normal value,False
Employed population by age groups,IRL,Ireland,Employment,Persons,Calendar and seasonally adjusted,Female,From 55 to 64 years,Annual,2021,162.8,Normal value,False
Employed population by age groups,IRL,Ireland,Employment,Persons,Calendar and seasonally adjusted,Female,From 55 to 64 years,Annual,2022,175.1,Normal value,False
Employed population by age groups,IRL,Ireland,Employment,Persons,Calendar and seasonally adjusted,Female,From 55 to 64 years,Annual,2023,183.9,Normal value,False
Employed population by age groups,IRL,Ireland,Employment,Persons,Calendar and seasonally adjusted,Female,From 55 to 64 years,Annual,2024,191.0,Normal value,False
Employed population by age groups,IRL,Ireland,Employment,Persons,Calendar and seasonally adjusted,Female,From 55 to 64 years,Annual,2025,200.85,Normal value,False
Employed population by age groups,ISR,Israel,Employment,Persons,Calendar and seasonally adjusted,Female,From 55 to 64 years,Annual,2016,240.7167,Normal value,False
Employed population by age groups,ISR,Israel,Employment,Persons,Calendar and seasonally adjusted,Female,From 55 to 64 years,Annual,2017,245.9083,Normal value,False
Employed population by age groups,ISR,Israel,Employment,Persons,Calendar and seasonally adjusted,Female,From 55 to 64 years,Annual,2018,252.7667,Normal value,False
Employed population by age groups,ISR,Israel,Employment,Persons,Calendar and seasonally adjusted,Female,From 55 to 64 years,Annual,2019,255.75,Normal value,False
Employed population by age groups,ISR,Israel,Employment,Persons,Calendar and seasonally adjusted,Female,From 55 to 64 years,Annual,2020,264.25,Normal value,False
Employed population by age groups,ISR,Israel,Employment,Persons,Calendar and seasonally adjusted,Female,From 55 to 64 years,Annual,2021,266.0667,Normal value,False
Employed population by age groups,ISR,Israel,Employment,Persons,Calendar and seasonally adjusted,Female,From 55 to 64 years,Annual,2022,285.2833,Normal value,False
Employed population by age groups,ISR,Israel,Employment,Persons,Calendar and seasonally adjusted,Female,From 55 to 64 years,Annual,2023,291.175,Normal value,False
Employed population by age groups,ISR,Israel,Employment,Persons,Calendar and seasonally adjusted,Female,From 55 to 64 years,Annual,2025,287.25,Normal value,False
Employed population by age groups,ITA,Italy,Employment,Persons,Calendar and seasonally adjusted,Female,From 55 to 64 years,Annual,2016,1572.0,Normal value,False
Employed population by age groups,ITA,Italy,Employment,Persons,Calendar and seasonally adjusted,Female,From 55 to 64 years,Annual,2017,1708.25,Normal value,False
Employed population by age groups,ITA,Italy,Employment,Persons,Calendar and seasonally adjusted,Female,From 55 to 64 years,Annual,2018,1813.25,Normal value,False
Employed population by age groups,ITA,Italy,Employment,Persons,Calendar and seasonally adjusted,Female,From 55 to 64 years,Annual,2019,1886.25,Normal value,False
Employed population by age groups,ITA,Italy,Employment,Persons,Calendar and seasonally adjusted,Female,From 55 to 64 years,Annual,2020,1901.25,Normal value,False
Employed population by age groups,ITA,Italy,Employment,Persons,Calendar and seasonally adjusted,Female,From 55 to 64 years,Annual,2021,1945.325,Normal value,False
Employed population by age groups,ITA,Italy,Employment,Persons,Calendar and seasonally adjusted,Female,From 55 to 64 years,Annual,2022,2032.125,Normal value,False
Employed population by age groups,ITA,Italy,Employment,Persons,Calendar and seasonally adjusted,Female,From 55 to 64 years,Annual,2023,2159.175,Normal value,False
Employed population by age groups,ITA,Italy,Employment,Persons,Calendar and seasonally adjusted,Female,From 55 to 64 years,Annual,2024,2242.8,Normal value,False
Employed population by age groups,ITA,Italy,Employment,Persons,Calendar and seasonally adjusted,Female,From 55 to 64 years,Annual,2025,2394.575,Normal value,False
Employed population by age groups,ESP,Spain,Employment,Persons,Calendar and seasonally adjusted,Female,From 55 to 64 years,Annual,2016,1242.5,Normal value,False
Employed population by age groups,ESP,Spain,Employment,Persons,Calendar and seasonally adjusted,Female,From 55 to 64 years,Annual,2017,1296.5,Normal value,False
Employed population by age groups,ESP,Spain,Employment,Persons,Calendar and seasonally adjusted,Female,From 55 to 64 years,Annual,2018,1371.75,Normal value,False
Employed population by age groups,ESP,Spain,Employment,Persons,Calendar and seasonally adjusted,Female,From 55 to 64 years,Annual,2019,1477.25,Normal value,False
Employed population by age groups,ESP,Spain,Employment,Persons,Calendar and seasonally adjusted,Female,From 55 to 64 years,Annual,2020,1557.0,Normal value,False
Employed population by age groups,ESP,Spain,Employment,Persons,Calendar and seasonally adjusted,Female,From 55 to 64 years,Annual,2021,1628.825,Normal value,False
Employed population by age groups,ESP,Spain,Employment,Persons,Calendar and seasonally adjusted,Female,From 55 to 64 years,Annual,2022,1727.875,Normal value,False
Employed population by age groups,ESP,Spain,Employment,Persons,Calendar and seasonally adjusted,Female,From 55 to 64 years,Annual,2023,1837.575,Normal value,False
Employed population by age groups,ESP,Spain,Employment,Persons,Calendar and seasonally adjusted,Female,From 55 to 64 years,Annual,2024,1924.475,Normal value,False
Employed population by age groups,ESP,Spain,Employment,Persons,Calendar and seasonally adjusted,Female,From 55 to 64 years,Annual,2025,2025.8,Normal value,False
Employed population by age groups,CHE,Switzerland,Employment,Persons,Calendar and seasonally adjusted,Female,From 55 to 64 years,Annual,2016,340.75,Normal value,False
Employed population by age groups,CHE,Switzerland,Employment,Persons,Calendar and seasonally adjusted,Female,From 55 to 64 years,Annual,2017,349.0,Normal value,False
Employed population by age groups,CHE,Switzerland,Employment,Persons,Calendar and seasonally adjusted,Female,From 55 to 64 years,Annual,2018,359.75,Normal value,False
Employed population by age groups,CHE,Switzerland,Employment,Persons,Calendar and seasonally adjusted,Female,From 55 to 64 years,Annual,2019,372.75,Normal value,False
Employed population by age groups,CHE,Switzerland,Employment,Persons,Calendar and seasonally adjusted,Female,From 55 to 64 years,Annual,2020,389.75,Normal value,False
Employed population by age groups,CHE,Switzerland,Employment,Persons,Calendar and seasonally adjusted,Female,From 55 to 64 years,Annual,2021,396.725,Normal value,False
Employed population by age groups,CHE,Switzerland,Employment,Persons,Calendar and seasonally adjusted,Female,From 55 to 64 years,Annual,2022,408.175,Normal value,False
Employed population by age groups,CHE,Switzerland,Employment,Persons,Calendar and seasonally adjusted,Female,From 55 to 64 years,Annual,2023,422.225,Normal value,False
Employed population by age groups,CHE,Switzerland,Employment,Persons,Calendar and seasonally adjusted,Female,From 55 to 64 years,Annual,2024,431.55,Normal value,False
Employed population by age groups,CHE,Switzerland,Employment,Persons,Calendar and seasonally adjusted,Female,From 55 to 64 years,Annual,2025,439.35,Normal value,False
Employed population by age groups,GBR,United Kingdom,Employment,Persons,Calendar and seasonally adjusted,Female,From 55 to 64 years,Annual,2016,2208.75,Normal value,False
Employed population by age groups,GBR,United Kingdom,Employment,Persons,Calendar and seasonally adjusted,Female,From 55 to 64 years,Annual,2017,2327.0,Normal value,False
Employed population by age groups,GBR,United Kingdom,Employment,Persons,Calendar and seasonally adjusted,Female,From 55 to 64 years,Annual,2018,2444.0,Normal value,False
Employed population by age groups,GBR,United Kingdom,Employment,Persons,Calendar and seasonally adjusted,Female,From 55 to 64 years,Annual,2019,2555.5,Normal value,False
Employed population by age groups,GBR,United Kingdom,Employment,Persons,Calendar and seasonally adjusted,Female,From 55 to 64 years,Annual,2020,2594.5,Normal value,False
Employed population by age groups,GBR,United Kingdom,Employment,Persons,Calendar and seasonally adjusted,Female,From 55 to 64 years,Annual,2021,2646.25,Normal value,False
Employed population by age groups,GBR,United Kingdom,Employment,Persons,Calendar and seasonally adjusted,Female,From 55 to 64 years,Annual,2022,2658.5,Normal value,False
Employed population by age groups,GBR,United Kingdom,Employment,Persons,Calendar and seasonally adjusted,Female,From 55 to 64 years,Annual,2023,2725.5,Normal value,False
Employed population by age groups,GBR,United Kingdom,Employment,Persons,Calendar and seasonally adjusted,Female,From 55 to 64 years,Annual,2024,2826.25,Normal value,False
Employed population by age groups,GBR,United Kingdom,Employment,Persons,Calendar and seasonally adjusted,Female,From 55 to 64 years,Annual,2025,2882.75,Normal value,False
Employed population by age groups,AUS,Australia,Employment,Persons,Calendar and seasonally adjusted,Total,From 25 to 54 years,Annual,2016,7930.42,Normal value,False
Employed population by age groups,AUS,Australia,Employment,Persons,Calendar and seasonally adjusted,Total,From 25 to 54 years,Annual,2017,8070.896,Normal value,False
Employed population by age groups,AUS,Australia,Employment,Persons,Calendar and seasonally adjusted,Total,From 25 to 54 years,Annual,2018,8237.501,Normal value,False
Employed population by age groups,AUS,Australia,Employment,Persons,Calendar and seasonally adjusted,Total,From 25 to 54 years,Annual,2019,8414.757,Normal value,False
Employed population by age groups,AUS,Australia,Employment,Persons,Calendar and seasonally adjusted,Total,From 25 to 54 years,Annual,2020,8332.968,Normal value,False
Employed population by age groups,AUS,Australia,Employment,Persons,Calendar and seasonally adjusted,Total,From 25 to 54 years,Annual,2021,8521.719,Normal value,False
Employed population by age groups,AUS,Australia,Employment,Persons,Calendar and seasonally adjusted,Total,From 25 to 54 years,Annual,2022,8815.704,Normal value,False
Employed population by age groups,AUS,Australia,Employment,Persons,Calendar and seasonally adjusted,Total,From 25 to 54 years,Annual,2023,9133.605,Normal value,False
Employed population by age groups,AUS,Australia,Employment,Persons,Calendar and seasonally adjusted,Total,From 25 to 54 years,Annual,2024,9341.364,Normal value,False
Employed population by age groups,AUS,Australia,Employment,Persons,Calendar and seasonally adjusted,Total,From 25 to 54 years,Annual,2025,9523.943,Normal value,False
Employed population by age groups,AUT,Austria,Employment,Persons,Calendar and seasonally adjusted,Total,From 25 to 54 years,Annual,2016,3103.25,Normal value,False
Employed population by age groups,AUT,Austria,Employment,Persons,Calendar and seasonally adjusted,Total,From 25 to 54 years,Annual,2017,3119.75,Normal value,False
Employed population by age groups,AUT,Austria,Employment,Persons,Calendar and seasonally adjusted,Total,From 25 to 54 years,Annual,2018,3125.5,Normal value,False
Employed population by age groups,AUT,Austria,Employment,Persons,Calendar and seasonally adjusted,Total,From 25 to 54 years,Annual,2019,3144.75,Normal value,False
Employed population by age groups,AUT,Austria,Employment,Persons,Calendar and seasonally adjusted,Total,From 25 to 54 years,Annual,2020,3053.25,Normal value,False
Employed population by age groups,AUT,Austria,Employment,Persons,Calendar and seasonally adjusted,Total,From 25 to 54 years,Annual,2021,3069.3,Normal value,False
Employed population by age groups,AUT,Austria,Employment,Persons,Calendar and seasonally adjusted,Total,From 25 to 54 years,Annual,2022,3148.275,Normal value,False
Employed population by age groups,AUT,Austria,Employment,Persons,Calendar and seasonally adjusted,Total,From 25 to 54 years,Annual,2023,3142.925,Normal value,False
Employed population by age groups,AUT,Austria,Employment,Persons,Calendar and seasonally adjusted,Total,From 25 to 54 years,Annual,2024,3128.225,Normal value,False
Employed population by age groups,AUT,Austria,Employment,Persons,Calendar and seasonally adjusted,Total,From 25 to 54 years,Annual,2025,3103.35,Normal value,False
Employed population by age groups,BEL,Belgium,Employment,Persons,Calendar and seasonally adjusted,Total,From 25 to 54 years,Annual,2017,3590.25,Normal value,False
Employed population by age groups,BEL,Belgium,Employment,Persons,Calendar and seasonally adjusted,Total,From 25 to 54 years,Annual,2018,3632.5,Normal value,False
Employed population by age groups,BEL,Belgium,Employment,Persons,Calendar and seasonally adjusted,Total,From 25 to 54 years,Annual,2019,3644.0,Normal value,False
Employed population by age groups,BEL,Belgium,Employment,Persons,Calendar and seasonally adjusted,Total,From 25 to 54 years,Annual,2020,3600.25,Normal value,False
Employed population by age groups,BEL,Belgium,Employment,Persons,Calendar and seasonally adjusted,Total,From 25 to 54 years,Annual,2021,3634.55,Normal value,False
Employed population by age groups,BEL,Belgium,Employment,Persons,Calendar and seasonally adjusted,Total,From 25 to 54 years,Annual,2022,3700.65,Normal value,False
Employed population by age groups,BEL,Belgium,Employment,Persons,Calendar and seasonally adjusted,Total,From 25 to 54 years,Annual,2023,3700.875,Normal value,False
Employed population by age groups,BEL,Belgium,Employment,Persons,Calendar and seasonally adjusted,Total,From 25 to 54 years,Annual,2024,3701.375,Normal value,False
Employed population by age groups,BEL,Belgium,Employment,Persons,Calendar and seasonally adjusted,Total,From 25 to 54 years,Annual,2025,3696.75,Normal value,False
Employed population by age groups,CAN,Canada,Employment,Persons,Calendar and seasonally adjusted,Total,From 25 to 54 years,Annual,2016,11794.09,Normal value,False
Employed population by age groups,CAN,Canada,Employment,Persons,Calendar and seasonally adjusted,Total,From 25 to 54 years,Annual,2017,11973.83,Normal value,False
Employed population by age groups,CAN,Canada,Employment,Persons,Calendar and seasonally adjusted,Total,From 25 to 54 years,Annual,2018,12139.68,Normal value,False
Employed population by age groups,CAN,Canada,Employment,Persons,Calendar and seasonally adjusted,Total,From 25 to 54 years,Annual,2019,12313.12,Normal value,False
Employed population by age groups,CAN,Canada,Employment,Persons,Calendar and seasonally adjusted,Total,From 25 to 54 years,Annual,2020,11874.76,Normal value,False
Employed population by age groups,CAN,Canada,Employment,Persons,Calendar and seasonally adjusted,Total,From 25 to 54 years,Annual,2021,12383.03,Normal value,False
Employed population by age groups,CAN,Canada,Employment,Persons,Calendar and seasonally adjusted,Total,From 25 to 54 years,Annual,2022,12905.95,Normal value,False
Employed population by age groups,CAN,Canada,Employment,Persons,Calendar and seasonally adjusted,Total,From 25 to 54 years,Annual,2023,13319.26,Normal value,False
Employed population by age groups,CAN,Canada,Employment,Persons,Calendar and seasonally adjusted,Total,From 25 to 54 years,Annual,2024,13694.16,Normal value,False
Employed population by age groups,CAN,Canada,Employment,Persons,Calendar and seasonally adjusted,Total,From 25 to 54 years,Annual,2025,13960.33,Normal value,False
Employed population by age groups,CHL,Chile,Employment,Persons,Calendar and seasonally adjusted,Total,From 25 to 54 years,Annual,2016,5870.263,Normal value,False
Employed population by age groups,CHL,Chile,Employment,Persons,Calendar and seasonally adjusted,Total,From 25 to 54 years,Annual,2017,6007.618,Normal value,False
Employed population by age groups,CHL,Chile,Employment,Persons,Calendar and seasonally adjusted,Total,From 25 to 54 years,Annual,2018,6154.748,Normal value,False
Employed population by age groups,CHL,Chile,Employment,Persons,Calendar and seasonally adjusted,Total,From 25 to 54 years,Annual,2019,6313.364,Normal value,False
Employed population by age groups,CHL,Chile,Employment,Persons,Calendar and seasonally adjusted,Total,From 25 to 54 years,Annual,2020,5714.108,Normal value,False
Employed population by age groups,CHL,Chile,Employment,Persons,Calendar and seasonally adjusted,Total,From 25 to 54 years,Annual,2021,6058.399,Normal value,False
Employed population by age groups,CHL,Chile,Employment,Persons,Calendar and seasonally adjusted,Total,From 25 to 54 years,Annual,2022,6418.048,Normal value,False
Employed population by age groups,CHL,Chile,Employment,Persons,Calendar and seasonally adjusted,Total,From 25 to 54 years,Annual,2023,6549.541,Normal value,False
Employed population by age groups,CHL,Chile,Employment,Persons,Calendar and seasonally adjusted,Total,From 25 to 54 years,Annual,2024,6680.341,Normal value,False
Employed population by age groups,CHL,Chile,Employment,Persons,Calendar and seasonally adjusted,Total,From 25 to 54 years,Annual,2025,6736.068,Normal value,False
Employed population by age groups,COL,Colombia,Employment,Persons,Calendar and seasonally adjusted,Total,From 25 to 54 years,Annual,2016,14406.7,Normal value,False
Employed population by age groups,COL,Colombia,Employment,Persons,Calendar and seasonally adjusted,Total,From 25 to 54 years,Annual,2017,14590.07,Normal value,False
Employed population by age groups,COL,Colombia,Employment,Persons,Calendar and seasonally adjusted,Total,From 25 to 54 years,Annual,2018,14778.09,Normal value,False
Employed population by age groups,COL,Colombia,Employment,Persons,Calendar and seasonally adjusted,Total,From 25 to 54 years,Annual,2019,14987.62,Normal value,False
Employed population by age groups,COL,Colombia,Employment,Persons,Calendar and seasonally adjusted,Total,From 25 to 54 years,Annual,2020,13672.94,Normal value,False
Employed population by age groups,COL,Colombia,Employment,Persons,Calendar and seasonally adjusted,Total,From 25 to 54 years,Annual,2021,14283.67,Normal value,False
Employed population by age groups,COL,Colombia,Employment,Persons,Calendar and seasonally adjusted,Total,From 25 to 54 years,Annual,2022,15334.04,Normal value,False
Employed population by age groups,COL,Colombia,Employment,Persons,Calendar and seasonally adjusted,Total,From 25 to 54 years,Annual,2023,15782.8,Normal value,False
Employed population by age groups,COL,Colombia,Employment,Persons,Calendar and seasonally adjusted,Total,From 25 to 54 years,Annual,2024,16010.98,Normal value,False
Employed population by age groups,COL,Colombia,Employment,Persons,Calendar and seasonally adjusted,Total,From 25 to 54 years,Annual,2025,16555.73,Normal value,False
Employed population by age groups,CRI,Costa Rica,Employment,Persons,Calendar and seasonally adjusted,Total,From 25 to 54 years,Annual,2016,1415.501,Normal value,False
Employed population by age groups,CRI,Costa Rica,Employment,Persons,Calendar and seasonally adjusted,Total,From 25 to 54 years,Annual,2017,1435.36,Normal value,False
Employed population by age groups,CRI,Costa Rica,Employment,Persons,Calendar and seasonally adjusted,Total,From 25 to 54 years,Annual,2018,1465.437,Normal value,False
Employed population by age groups,CRI,Costa Rica,Employment,Persons,Calendar and seasonally adjusted,Total,From 25 to 54 years,Annual,2019,1505.972,Normal value,False
Employed population by age groups,CRI,Costa Rica,Employment,Persons,Calendar and seasonally adjusted,Total,From 25 to 54 years,Annual,2020,1357.992,Normal value,False
Employed population by age groups,CRI,Costa Rica,Employment,Persons,Calendar and seasonally adjusted,Total,From 25 to 54 years,Annual,2021,1440.197,Normal value,False
Employed population by age groups,CRI,Costa Rica,Employment,Persons,Calendar and seasonally adjusted,Total,From 25 to 54 years,Annual,2022,1519.163,Normal value,False
Employed population by age groups,CRI,Costa Rica,Employment,Persons,Calendar and seasonally adjusted,Total,From 25 to 54 years,Annual,2023,1487.996,Normal value,False
Employed population by age groups,CRI,Costa Rica,Employment,Persons,Calendar and seasonally adjusted,Total,From 25 to 54 years,Annual,2024,1550.061,Normal value,False
Employed population by age groups,CRI,Costa Rica,Employment,Persons,Calendar and seasonally adjusted,Total,From 25 to 54 years,Annual,2025,1582.032,Normal value,False
Employed population by age groups,CZE,Czechia,Employment,Persons,Calendar and seasonally adjusted,Total,From 25 to 54 years,Annual,2016,3925.625,Normal value,False
Employed population by age groups,CZE,Czechia,Employment,Persons,Calendar and seasonally adjusted,Total,From 25 to 54 years,Annual,2017,3976.6,Normal value,False
Employed population by age groups,CZE,Czechia,Employment,Persons,Calendar and seasonally adjusted,Total,From 25 to 54 years,Annual,2018,4015.5,Normal value,False
Employed population by age groups,CZE,Czechia,Employment,Persons,Calendar and seasonally adjusted,Total,From 25 to 54 years,Annual,2019,4009.625,Normal value,False
Employed population by age groups,CZE,Czechia,Employment,Persons,Calendar and seasonally adjusted,Total,From 25 to 54 years,Annual,2020,3956.825,Normal value,False
Employed population by age groups,CZE,Czechia,Employment,Persons,Calendar and seasonally adjusted,Total,From 25 to 54 years,Annual,2022,3840.375,Normal value,False
Employed population by age groups,CZE,Czechia,Employment,Persons,Calendar and seasonally adjusted,Total,From 25 to 54 years,Annual,2023,3714.3,Normal value,False
Employed population by age groups,CZE,Czechia,Employment,Persons,Calendar and seasonally adjusted,Total,From 25 to 54 years,Annual,2024,3792.075,Normal value,False
Employed population by age groups,CZE,Czechia,Employment,Persons,Calendar and seasonally adjusted,Total,From 25 to 54 years,Annual,2025,3780.475,Normal value,False
Employed population by age groups,DNK,Denmark,Employment,Persons,Calendar and seasonally adjusted,Total,From 25 to 54 years,Annual,2017,1831.0,Normal value,False
Employed population by age groups,DNK,Denmark,Employment,Persons,Calendar and seasonally adjusted,Total,From 25 to 54 years,Annual,2018,1857.0,Normal value,False
Employed population by age groups,DNK,Denmark,Employment,Persons,Calendar and seasonally adjusted,Total,From 25 to 54 years,Annual,2019,1864.525,Normal value,False
Employed population by age groups,DNK,Denmark,Employment,Persons,Calendar and seasonally adjusted,Total,From 25 to 54 years,Annual,2020,1844.8,Normal value,False
Employed population by age groups,DNK,Denmark,Employment,Persons,Calendar and seasonally adjusted,Total,From 25 to 54 years,Annual,2021,1870.55,Normal value,False
Employed population by age groups,DNK,Denmark,Employment,Persons,Calendar and seasonally adjusted,Total,From 25 to 54 years,Annual,2022,1905.8,Normal value,False
Employed population by age groups,DNK,Denmark,Employment,Persons,Calendar and seasonally adjusted,Total,From 25 to 54 years,Annual,2023,1895.3,Normal value,False
Employed population by age groups,DNK,Denmark,Employment,Persons,Calendar and seasonally adjusted,Total,From 25 to 54 years,Annual,2024,1908.6,Normal value,False
Employed population by age groups,DNK,Denmark,Employment,Persons,Calendar and seasonally adjusted,Total,From 25 to 54 years,Annual,2025,1902.4,Normal value,False
Employed population by age groups,EST,Estonia,Employment,Persons,Calendar and seasonally adjusted,Total,From 25 to 54 years,Annual,2016,452.75,Normal value,False
Employed population by age groups,EST,Estonia,Employment,Persons,Calendar and seasonally adjusted,Total,From 25 to 54 years,Annual,2017,459.0,Normal value,False
Employed population by age groups,EST,Estonia,Employment,Persons,Calendar and seasonally adjusted,Total,From 25 to 54 years,Annual,2018,459.75,Normal value,False
Employed population by age groups,EST,Estonia,Employment,Persons,Calendar and seasonally adjusted,Total,From 25 to 54 years,Annual,2019,461.25,Normal value,False
Employed population by age groups,EST,Estonia,Employment,Persons,Calendar and seasonally adjusted,Total,From 25 to 54 years,Annual,2020,453.5,Normal value,False
Employed population by age groups,EST,Estonia,Employment,Persons,Calendar and seasonally adjusted,Total,From 25 to 54 years,Annual,2021,453.125,Normal value,False
Employed population by age groups,EST,Estonia,Employment,Persons,Calendar and seasonally adjusted,Total,From 25 to 54 years,Annual,2022,466.475,Normal value,False
Employed population by age groups,EST,Estonia,Employment,Persons,Calendar and seasonally adjusted,Total,From 25 to 54 years,Annual,2023,476.15,Normal value,False
Employed population by age groups,EST,Estonia,Employment,Persons,Calendar and seasonally adjusted,Total,From 25 to 54 years,Annual,2024,476.575,Normal value,False
Employed population by age groups,EST,Estonia,Employment,Persons,Calendar and seasonally adjusted,Total,From 25 to 54 years,Annual,2025,470.025,Normal value,False
Employed population by age groups,FIN,Finland,Employment,Persons,Calendar and seasonally adjusted,Total,From 25 to 54 years,Annual,2016,1647.5,Normal value,False
Employed population by age groups,FIN,Finland,Employment,Persons,Calendar and seasonally adjusted,Total,From 25 to 54 years,Annual,2017,1661.75,Normal value,False
Employed population by age groups,FIN,Finland,Employment,Persons,Calendar and seasonally adjusted,Total,From 25 to 54 years,Annual,2018,1698.75,Normal value,False
Employed population by age groups,FIN,Finland,Employment,Persons,Calendar and seasonally adjusted,Total,From 25 to 54 years,Annual,2019,1711.75,Normal value,False
Employed population by age groups,FIN,Finland,Employment,Persons,Calendar and seasonally adjusted,Total,From 25 to 54 years,Annual,2020,1696.75,Normal value,False
Employed population by age groups,FIN,Finland,Employment,Persons,Calendar and seasonally adjusted,Total,From 25 to 54 years,Annual,2021,1716.625,Normal value,False
Employed population by age groups,FIN,Finland,Employment,Persons,Calendar and seasonally adjusted,Total,From 25 to 54 years,Annual,2022,1740.425,Normal value,False
Employed population by age groups,FIN,Finland,Employment,Persons,Calendar and seasonally adjusted,Total,From 25 to 54 years,Annual,2023,1741.925,Normal value,False
Employed population by age groups,FIN,Finland,Employment,Persons,Calendar and seasonally adjusted,Total,From 25 to 54 years,Annual,2024,1728.275,Normal value,False
Employed population by age groups,FIN,Finland,Employment,Persons,Calendar and seasonally adjusted,Total,From 25 to 54 years,Annual,2025,1722.35,Normal value,False
Employed population by age groups,FRA,France,Employment,Persons,Calendar and seasonally adjusted,Total,From 25 to 54 years,Annual,2016,20137.25,Normal value,False
Employed population by age groups,FRA,France,Employment,Persons,Calendar and seasonally adjusted,Total,From 25 to 54 years,Annual,2017,20152.5,Normal value,False
Employed population by age groups,FRA,France,Employment,Persons,Calendar and seasonally adjusted,Total,From 25 to 54 years,Annual,2018,20188.75,Normal value,False
Employed population by age groups,FRA,France,Employment,Persons,Calendar and seasonally adjusted,Total,From 25 to 54 years,Annual,2019,20155.25,Normal value,False
Employed population by age groups,FRA,France,Employment,Persons,Calendar and seasonally adjusted,Total,From 25 to 54 years,Annual,2020,20008.75,Normal value,False
Employed population by age groups,FRA,France,Employment,Persons,Calendar and seasonally adjusted,Total,From 25 to 54 years,Annual,2021,20087.1,Normal value,False
Employed population by age groups,FRA,France,Employment,Persons,Calendar and seasonally adjusted,Total,From 25 to 54 years,Annual,2022,20239.47,Normal value,False
Employed population by age groups,FRA,France,Employment,Persons,Calendar and seasonally adjusted,Total,From 25 to 54 years,Annual,2023,20240.05,Normal value,False
Employed population by age groups,FRA,France,Employment,Persons,Calendar and seasonally adjusted,Total,From 25 to 54 years,Annual,2024,20437.6,Normal value,False
Employed population by age groups,FRA,France,Employment,Persons,Calendar and seasonally adjusted,Total,From 25 to 54 years,Annual,2025,20665.88,Normal value,False
Employed population by age groups,DEU,Germany,Employment,Persons,Calendar and seasonally adjusted,Total,From 25 to 54 years,Annual,2016,27954.25,Normal value,False
Employed population by age groups,DEU,Germany,Employment,Persons,Calendar and seasonally adjusted,Total,From 25 to 54 years,Annual,2017,27836.75,Normal value,False
Employed population by age groups,DEU,Germany,Employment,Persons,Calendar and seasonally adjusted,Total,From 25 to 54 years,Annual,2018,27498.25,Normal value,False
Employed population by age groups,DEU,Germany,Employment,Persons,Calendar and seasonally adjusted,Total,From 25 to 54 years,Annual,2021,26483.65,Normal value,False
Employed population by age groups,DEU,Germany,Employment,Persons,Calendar and seasonally adjusted,Total,From 25 to 54 years,Annual,2022,26842.38,Normal value,False
Employed population by age groups,DEU,Germany,Employment,Persons,Calendar and seasonally adjusted,Total,From 25 to 54 years,Annual,2023,26900.93,Normal value,False
Employed population by age groups,DEU,Germany,Employment,Persons,Calendar and seasonally adjusted,Total,From 25 to 54 years,Annual,2024,26864.82,Normal value,False
Employed population by age groups,DEU,Germany,Employment,Persons,Calendar and seasonally adjusted,Total,From 25 to 54 years,Annual,2025,26799.63,Normal value,False
Employed population by age groups,GRC,Greece,Employment,Persons,Calendar and seasonally adjusted,Total,From 25 to 54 years,Annual,2016,2964.75,Normal value,False
Employed population by age groups,GRC,Greece,Employment,Persons,Calendar and seasonally adjusted,Total,From 25 to 54 years,Annual,2017,2994.25,Normal value,False
Employed population by age groups,GRC,Greece,Employment,Persons,Calendar and seasonally adjusted,Total,From 25 to 54 years,Annual,2018,3016.5,Normal value,False
Employed population by age groups,GRC,Greece,Employment,Persons,Calendar and seasonally adjusted,Total,From 25 to 54 years,Annual,2019,3052.75,Normal value,False
Employed population by age groups,GRC,Greece,Employment,Persons,Calendar and seasonally adjusted,Total,From 25 to 54 years,Annual,2020,2873.75,Normal value,False
Employed population by age groups,GRC,Greece,Employment,Persons,Calendar and seasonally adjusted,Total,From 25 to 54 years,Annual,2021,3002.55,Normal value,False
Employed population by age groups,GRC,Greece,Employment,Persons,Calendar and seasonally adjusted,Total,From 25 to 54 years,Annual,2022,3120.25,Normal value,False
Employed population by age groups,GRC,Greece,Employment,Persons,Calendar and seasonally adjusted,Total,From 25 to 54 years,Annual,2023,3102.925,Normal value,False
Employed population by age groups,GRC,Greece,Employment,Persons,Calendar and seasonally adjusted,Total,From 25 to 54 years,Annual,2024,3115.375,Normal value,False
Employed population by age groups,GRC,Greece,Employment,Persons,Calendar and seasonally adjusted,Total,From 25 to 54 years,Annual,2025,3118.975,Normal value,False
Employed population by age groups,HUN,Hungary,Employment,Persons,Calendar and seasonally adjusted,Total,From 25 to 54 years,Annual,2016,3335.65,Normal value,False
Employed population by age groups,HUN,Hungary,Employment,Persons,Calendar and seasonally adjusted,Total,From 25 to 54 years,Annual,2018,3416.6,Normal value,False
Employed population by age groups,HUN,Hungary,Employment,Persons,Calendar and seasonally adjusted,Total,From 25 to 54 years,Annual,2019,3444.15,Normal value,False
Employed population by age groups,HUN,Hungary,Employment,Persons,Calendar and seasonally adjusted,Total,From 25 to 54 years,Annual,2021,3537.8,Normal value,False
Employed population by age groups,HUN,Hungary,Employment,Persons,Calendar and seasonally adjusted,Total,From 25 to 54 years,Annual,2022,3561.25,Normal value,False
Employed population by age groups,HUN,Hungary,Employment,Persons,Calendar and seasonally adjusted,Total,From 25 to 54 years,Annual,2023,3522.375,Normal value,False
Employed population by age groups,HUN,Hungary,Employment,Persons,Calendar and seasonally adjusted,Total,From 25 to 54 years,Annual,2024,3498.275,Normal value,False
Employed population by age groups,HUN,Hungary,Employment,Persons,Calendar and seasonally adjusted,Total,From 25 to 54 years,Annual,2025,3441.9,Normal value,False
Employed population by age groups,ISL,Iceland,Employment,Persons,Calendar and seasonally adjusted,Total,From 25 to 54 years,Annual,2016,116.5,Normal value,False
Employed population by age groups,ISL,Iceland,Employment,Persons,Calendar and seasonally adjusted,Total,From 25 to 54 years,Annual,2017,119.75,Normal value,False
Employed population by age groups,ISL,Iceland,Employment,Persons,Calendar and seasonally adjusted,Total,From 25 to 54 years,Annual,2018,124.5,Normal value,False
Employed population by age groups,ISL,Iceland,Employment,Persons,Calendar and seasonally adjusted,Total,From 25 to 54 years,Annual,2019,128.0,Normal value,False
Employed population by age groups,ISL,Iceland,Employment,Persons,Calendar and seasonally adjusted,Total,From 25 to 54 years,Annual,2021,124.95,Normal value,False
Employed population by age groups,ISL,Iceland,Employment,Persons,Calendar and seasonally adjusted,Total,From 25 to 54 years,Annual,2022,133.75,Normal value,False
Employed population by age groups,ISL,Iceland,Employment,Persons,Calendar and seasonally adjusted,Total,From 25 to 54 years,Annual,2023,141.375,Normal value,False
Employed population by age groups,ISL,Iceland,Employment,Persons,Calendar and seasonally adjusted,Total,From 25 to 54 years,Annual,2024,148.275,Normal value,False
Employed population by age groups,IRL,Ireland,Employment,Persons,Calendar and seasonally adjusted,Total,From 25 to 54 years,Annual,2016,1536.0,Normal value,False
Employed population by age groups,IRL,Ireland,Employment,Persons,Calendar and seasonally adjusted,Total,From 25 to 54 years,Annual,2017,1586.5,Normal value,False
Employed population by age groups,IRL,Ireland,Employment,Persons,Calendar and seasonally adjusted,Total,From 25 to 54 years,Annual,2018,1614.0,Normal value,False
Employed population by age groups,IRL,Ireland,Employment,Persons,Calendar and seasonally adjusted,Total,From 25 to 54 years,Annual,2019,1646.25,Normal value,False
Employed population by age groups,IRL,Ireland,Employment,Persons,Calendar and seasonally adjusted,Total,From 25 to 54 years,Annual,2020,1599.5,Normal value,False
Employed population by age groups,IRL,Ireland,Employment,Persons,Calendar and seasonally adjusted,Total,From 25 to 54 years,Annual,2021,1691.975,Normal value,False
Employed population by age groups,IRL,Ireland,Employment,Persons,Calendar and seasonally adjusted,Total,From 25 to 54 years,Annual,2022,1789.625,Normal value,False
Employed population by age groups,IRL,Ireland,Employment,Persons,Calendar and seasonally adjusted,Total,From 25 to 54 years,Annual,2023,1840.875,Normal value,False
Employed population by age groups,IRL,Ireland,Employment,Persons,Calendar and seasonally adjusted,Total,From 25 to 54 years,Annual,2024,1888.425,Normal value,False
Employed population by age groups,IRL,Ireland,Employment,Persons,Calendar and seasonally adjusted,Total,From 25 to 54 years,Annual,2025,1926.75,Normal value,False
Employed population by age groups,ISR,Israel,Employment,Persons,Calendar and seasonally adjusted,Total,From 25 to 54 years,Annual,2016,2450.075,Normal value,False
Employed population by age groups,ISR,Israel,Employment,Persons,Calendar and seasonally adjusted,Total,From 25 to 54 years,Annual,2017,2500.083,Normal value,False
Employed population by age groups,ISR,Israel,Employment,Persons,Calendar and seasonally adjusted,Total,From 25 to 54 years,Annual,2018,2555.35,Normal value,False
Employed population by age groups,ISR,Israel,Employment,Persons,Calendar and seasonally adjusted,Total,From 25 to 54 years,Annual,2019,2591.167,Normal value,False
Employed population by age groups,ISR,Israel,Employment,Persons,Calendar and seasonally adjusted,Total,From 25 to 54 years,Annual,2020,2575.658,Normal value,False
Employed population by age groups,ISR,Israel,Employment,Persons,Calendar and seasonally adjusted,Total,From 25 to 54 years,Annual,2021,2595.625,Normal value,False
Employed population by age groups,ISR,Israel,Employment,Persons,Calendar and seasonally adjusted,Total,From 25 to 54 years,Annual,2022,2738.55,Normal value,False
Employed population by age groups,ISR,Israel,Employment,Persons,Calendar and seasonally adjusted,Total,From 25 to 54 years,Annual,2023,2813.525,Normal value,False
Employed population by age groups,ISR,Israel,Employment,Persons,Calendar and seasonally adjusted,Total,From 25 to 54 years,Annual,2025,2809.567,Normal value,False
Employed population by age groups,ITA,Italy,Employment,Persons,Calendar and seasonally adjusted,Total,From 25 to 54 years,Annual,2016,17131.25,Normal value,False
Employed population by age groups,ITA,Italy,Employment,Persons,Calendar and seasonally adjusted,Total,From 25 to 54 years,Annual,2017,17100.5,Normal value,False
Employed population by age groups,ITA,Italy,Employment,Persons,Calendar and seasonally adjusted,Total,From 25 to 54 years,Annual,2018,17016.75,Normal value,False
Employed population by age groups,ITA,Italy,Employment,Persons,Calendar and seasonally adjusted,Total,From 25 to 54 years,Annual,2019,16934.75,Normal value,False
Employed population by age groups,ITA,Italy,Employment,Persons,Calendar and seasonally adjusted,Total,From 25 to 54 years,Annual,2020,16269.5,Normal value,False
Employed population by age groups,ITA,Italy,Employment,Persons,Calendar and seasonally adjusted,Total,From 25 to 54 years,Annual,2021,16249.35,Normal value,False
Employed population by age groups,ITA,Italy,Employment,Persons,Calendar and seasonally adjusted,Total,From 25 to 54 years,Annual,2022,16455.4,Normal value,False
Employed population by age groups,ITA,Italy,Employment,Persons,Calendar and seasonally adjusted,Total,From 25 to 54 years,Annual,2023,16538.88,Normal value,False
Employed population by age groups,ITA,Italy,Employment,Persons,Calendar and seasonally adjusted,Total,From 25 to 54 years,Annual,2024,16674.22,Normal value,False
Employed population by age groups,ITA,Italy,Employment,Persons,Calendar and seasonally adjusted,Total,From 25 to 54 years,Annual,2025,16594.4,Normal value,False
Employed population by age groups,JPN,Japan,Employment,Persons,Calendar and seasonally adjusted,Total,From 25 to 54 years,Annual,2016,40633.33,Normal value,False
Employed population by age groups,JPN,Japan,Employment,Persons,Calendar and seasonally adjusted,Total,From 25 to 54 years,Annual,2017,40840.83,Normal value,False
Employed population by age groups,JPN,Japan,Employment,Persons,Calendar and seasonally adjusted,Total,From 25 to 54 years,Annual,2018,41130.83,Normal value,False
Employed population by age groups,JPN,Japan,Employment,Persons,Calendar and seasonally adjusted,Total,From 25 to 54 years,Annual,2019,41195.83,Normal value,False
Employed population by age groups,JPN,Japan,Employment,Persons,Calendar and seasonally adjusted,Total,From 25 to 54 years,Annual,2020,40737.5,Normal value,False
Employed population by age groups,JPN,Japan,Employment,Persons,Calendar and seasonally adjusted,Total,From 25 to 54 years,Annual,2021,40753.33,Normal value,False
Employed population by age groups,JPN,Japan,Employment,Persons,Calendar and seasonally adjusted,Total,From 25 to 54 years,Annual,2022,40593.33,Normal value,False
Employed population by age groups,JPN,Japan,Employment,Persons,Calendar and seasonally adjusted,Total,From 25 to 54 years,Annual,2023,40336.67,Normal value,False
Employed population by age groups,JPN,Japan,Employment,Persons,Calendar and seasonally adjusted,Total,From 25 to 54 years,Annual,2024,40145.83,Normal value,False
Employed population by age groups,JPN,Japan,Employment,Persons,Calendar and seasonally adjusted,Total,From 25 to 54 years,Annual,2025,40065.83,Normal value,False
Employed population by age groups,KOR,Korea,Employment,Persons,Calendar and seasonally adjusted,Total,From 25 to 54 years,Annual,2016,18003.78,Normal value,False
Employed population by age groups,KOR,Korea,Employment,Persons,Calendar and seasonally adjusted,Total,From 25 to 54 years,Annual,2017,17955.47,Normal value,False
Employed population by age groups,KOR,Korea,Employment,Persons,Calendar and seasonally adjusted,Total,From 25 to 54 years,Annual,2018,17869.49,Normal value,False
Employed population by age groups,KOR,Korea,Employment,Persons,Calendar and seasonally adjusted,Total,From 25 to 54 years,Annual,2019,17833.81,Normal value,False
Employed population by age groups,KOR,Korea,Employment,Persons,Calendar and seasonally adjusted,Total,From 25 to 54 years,Annual,2020,17436.79,Normal value,False
Employed population by age groups,KOR,Korea,Employment,Persons,Calendar and seasonally adjusted,Total,From 25 to 54 years,Annual,2021,17475.68,Normal value,False
Employed population by age groups,KOR,Korea,Employment,Persons,Calendar and seasonally adjusted,Total,From 25 to 54 years,Annual,2022,17716.26,Normal value,False
Employed population by age groups,KOR,Korea,Employment,Persons,Calendar and seasonally adjusted,Total,From 25 to 54 years,Annual,2023,17714.43,Normal value,False
Employed population by age groups,KOR,Korea,Employment,Persons,Calendar and seasonally adjusted,Total,From 25 to 54 years,Annual,2024,17628.86,Normal value,False
Employed population by age groups,KOR,Korea,Employment,Persons,Calendar and seasonally adjusted,Total,From 25 to 54 years,Annual,2025,17534.62,Normal value,False
Employed population by age groups,LVA,Latvia,Employment,Persons,Calendar and seasonally adjusted,Total,From 25 to 54 years,Annual,2016,636.0,Normal value,False
Employed population by age groups,LVA,Latvia,Employment,Persons,Calendar and seasonally adjusted,Total,From 25 to 54 years,Annual,2017,636.0,Normal value,False
Employed population by age groups,LVA,Latvia,Employment,Persons,Calendar and seasonally adjusted,Total,From 25 to 54 years,Annual,2018,639.5,Normal value,False
Employed population by age groups,LVA,Latvia,Employment,Persons,Calendar and seasonally adjusted,Total,From 25 to 54 years,Annual,2019,634.75,Normal value,False
Employed population by age groups,LVA,Latvia,Employment,Persons,Calendar and seasonally adjusted,Total,From 25 to 54 years,Annual,2020,618.0,Normal value,False
Employed population by age groups,LVA,Latvia,Employment,Persons,Calendar and seasonally adjusted,Total,From 25 to 54 years,Annual,2021,596.0,Normal value,False
Employed population by age groups,LVA,Latvia,Employment,Persons,Calendar and seasonally adjusted,Total,From 25 to 54 years,Annual,2022,603.95,Normal value,False
Employed population by age groups,LVA,Latvia,Employment,Persons,Calendar and seasonally adjusted,Total,From 25 to 54 years,Annual,2023,594.875,Normal value,False
Employed population by age groups,LVA,Latvia,Employment,Persons,Calendar and seasonally adjusted,Total,From 25 to 54 years,Annual,2024,585.575,Normal value,False
Employed population by age groups,LVA,Latvia,Employment,Persons,Calendar and seasonally adjusted,Total,From 25 to 54 years,Annual,2025,584.925,Normal value,False
Employed population by age groups,LTU,Lithuania,Employment,Persons,Calendar and seasonally adjusted,Total,From 25 to 54 years,Annual,2016,960.0,Normal value,False
Employed population by age groups,LTU,Lithuania,Employment,Persons,Calendar and seasonally adjusted,Total,From 25 to 54 years,Annual,2017,943.75,Normal value,False
Employed population by age groups,LTU,Lithuania,Employment,Persons,Calendar and seasonally adjusted,Total,From 25 to 54 years,Annual,2018,947.5,Normal value,False
Employed population by age groups,LTU,Lithuania,Employment,Persons,Calendar and seasonally adjusted,Total,From 25 to 54 years,Annual,2019,947.25,Normal value,False
Employed population by age groups,LTU,Lithuania,Employment,Persons,Calendar and seasonally adjusted,Total,From 25 to 54 years,Annual,2020,934.5,Normal value,False
Employed population by age groups,LTU,Lithuania,Employment,Persons,Calendar and seasonally adjusted,Total,From 25 to 54 years,Annual,2021,941.475,Normal value,False
Employed population by age groups,LTU,Lithuania,Employment,Persons,Calendar and seasonally adjusted,Total,From 25 to 54 years,Annual,2022,967.825,Normal value,False
Employed population by age groups,LTU,Lithuania,Employment,Persons,Calendar and seasonally adjusted,Total,From 25 to 54 years,Annual,2023,987.675,Normal value,False
Employed population by age groups,LTU,Lithuania,Employment,Persons,Calendar and seasonally adjusted,Total,From 25 to 54 years,Annual,2024,1007.025,Normal value,False
Employed population by age groups,LTU,Lithuania,Employment,Persons,Calendar and seasonally adjusted,Total,From 25 to 54 years,Annual,2025,1010.425,Normal value,False
Employed population by age groups,LUX,Luxembourg,Employment,Persons,Calendar and seasonally adjusted,Total,From 25 to 54 years,Annual,2016,216.5,Normal value,False
Employed population by age groups,LUX,Luxembourg,Employment,Persons,Calendar and seasonally adjusted,Total,From 25 to 54 years,Annual,2017,224.425,Normal value,False
Employed population by age groups,LUX,Luxembourg,Employment,Persons,Calendar and seasonally adjusted,Total,From 25 to 54 years,Annual,2018,229.6,Normal value,False
Employed population by age groups,LUX,Luxembourg,Employment,Persons,Calendar and seasonally adjusted,Total,From 25 to 54 years,Annual,2019,235.225,Normal value,False
Employed population by age groups,LUX,Luxembourg,Employment,Persons,Calendar and seasonally adjusted,Total,From 25 to 54 years,Annual,2021,245.375,Normal value,False
Employed population by age groups,LUX,Luxembourg,Employment,Persons,Calendar and seasonally adjusted,Total,From 25 to 54 years,Annual,2022,252.825,Normal value,False
Employed population by age groups,LUX,Luxembourg,Employment,Persons,Calendar and seasonally adjusted,Total,From 25 to 54 years,Annual,2023,259.075,Normal value,False
Employed population by age groups,LUX,Luxembourg,Employment,Persons,Calendar and seasonally adjusted,Total,From 25 to 54 years,Annual,2024,257.675,Normal value,False
Employed population by age groups,LUX,Luxembourg,Employment,Persons,Calendar and seasonally adjusted,Total,From 25 to 54 years,Annual,2025,261.225,Normal value,False
Employed population by age groups,MEX,Mexico,Employment,Persons,Calendar and seasonally adjusted,Total,From 25 to 54 years,Annual,2016,34756.88,Normal value,False
Employed population by age groups,MEX,Mexico,Employment,Persons,Calendar and seasonally adjusted,Total,From 25 to 54 years,Annual,2017,34797.28,Normal value,False
Employed population by age groups,MEX,Mexico,Employment,Persons,Calendar and seasonally adjusted,Total,From 25 to 54 years,Annual,2018,35723.42,Normal value,False
Employed population by age groups,MEX,Mexico,Employment,Persons,Calendar and seasonally adjusted,Total,From 25 to 54 years,Annual,2019,36396.36,Normal value,False
Employed population by age groups,MEX,Mexico,Employment,Persons,Calendar and seasonally adjusted,Total,From 25 to 54 years,Annual,2021,37019.0,Normal value,False
Employed population by age groups,MEX,Mexico,Employment,Persons,Calendar and seasonally adjusted,Total,From 25 to 54 years,Annual,2022,38291.46,Normal value,False
Employed population by age groups,MEX,Mexico,Employment,Persons,Calendar and seasonally adjusted,Total,From 25 to 54 years,Annual,2023,39050.49,Normal value,False
Employed population by age groups,MEX,Mexico,Employment,Persons,Calendar and seasonally adjusted,Total,From 25 to 54 years,Annual,2024,39343.4,Normal value,False
Employed population by age groups,MEX,Mexico,Employment,Persons,Calendar and seasonally adjusted,Total,From 25 to 54 years,Annual,2025,39589.19,Normal value,False
Employed population by age groups,NLD,Netherlands,Employment,Persons,Calendar and seasonally adjusted,Total,From 25 to 54 years,Annual,2016,5571.75,Normal value,False
Employed population by age groups,NLD,Netherlands,Employment,Persons,Calendar and seasonally adjusted,Total,From 25 to 54 years,Annual,2017,5610.75,Normal value,False
Employed population by age groups,NLD,Netherlands,Employment,Persons,Calendar and seasonally adjusted,Total,From 25 to 54 years,Annual,2018,5668.0,Normal value,False
Employed population by age groups,NLD,Netherlands,Employment,Persons,Calendar and seasonally adjusted,Total,From 25 to 54 years,Annual,2019,5702.5,Normal value,False
Employed population by age groups,NLD,Netherlands,Employment,Persons,Calendar and seasonally adjusted,Total,From 25 to 54 years,Annual,2020,5691.0,Normal value,False
Employed population by age groups,NLD,Netherlands,Employment,Persons,Calendar and seasonally adjusted,Total,From 25 to 54 years,Annual,2021,5748.075,Normal value,False
Employed population by age groups,NLD,Netherlands,Employment,Persons,Calendar and seasonally adjusted,Total,From 25 to 54 years,Annual,2022,5846.725,Normal value,False
Employed population by age groups,NLD,Netherlands,Employment,Persons,Calendar and seasonally adjusted,Total,From 25 to 54 years,Annual,2023,5902.525,Normal value,False
Employed population by age groups,NLD,Netherlands,Employment,Persons,Calendar and seasonally adjusted,Total,From 25 to 54 years,Annual,2024,5912.325,Normal value,False
Employed population by age groups,NLD,Netherlands,Employment,Persons,Calendar and seasonally adjusted,Total,From 25 to 54 years,Annual,2025,5898.825,Normal value,False
Employed population by age groups,NZL,New Zealand,Employment,Persons,Calendar and seasonally adjusted,Total,From 25 to 54 years,Annual,2016,1556.175,Normal value,False
Employed population by age groups,NZL,New Zealand,Employment,Persons,Calendar and seasonally adjusted,Total,From 25 to 54 years,Annual,2017,1616.925,Normal value,False
Employed population by age groups,NZL,New Zealand,Employment,Persons,Calendar and seasonally adjusted,Total,From 25 to 54 years,Annual,2018,1661.05,Normal value,False
Employed population by age groups,NZL,New Zealand,Employment,Persons,Calendar and seasonally adjusted,Total,From 25 to 54 years,Annual,2019,1693.675,Normal value,False
Employed population by age groups,NZL,New Zealand,Employment,Persons,Calendar and seasonally adjusted,Total,From 25 to 54 years,Annual,2020,1707.725,Normal value,False
Employed population by age groups,NZL,New Zealand,Employment,Persons,Calendar and seasonally adjusted,Total,From 25 to 54 years,Annual,2021,1730.625,Normal value,False
Employed population by age groups,NZL,New Zealand,Employment,Persons,Calendar and seasonally adjusted,Total,From 25 to 54 years,Annual,2022,1745.15,Normal value,False
Employed population by age groups,NZL,New Zealand,Employment,Persons,Calendar and seasonally adjusted,Total,From 25 to 54 years,Annual,2023,1809.15,Normal value,False
Employed population by age groups,NOR,Norway,Employment,Persons,Calendar and seasonally adjusted,Total,From 25 to 54 years,Annual,2016,1789.5,Normal value,False
Employed population by age groups,NOR,Norway,Employment,Persons,Calendar and seasonally adjusted,Total,From 25 to 54 years,Annual,2017,1800.5,Normal value,False
Employed population by age groups,NOR,Norway,Employment,Persons,Calendar and seasonally adjusted,Total,From 25 to 54 years,Annual,2018,1828.0,Normal value,False
Employed population by age groups,NOR,Norway,Employment,Persons,Calendar and seasonally adjusted,Total,From 25 to 54 years,Annual,2019,1841.0,Normal value,False
Employed population by age groups,NOR,Norway,Employment,Persons,Calendar and seasonally adjusted,Total,From 25 to 54 years,Annual,2020,1829.0,Normal value,False
Employed population by age groups,NOR,Norway,Employment,Persons,Calendar and seasonally adjusted,Total,From 25 to 54 years,Annual,2021,1830.3,Normal value,False
Employed population by age groups,NOR,Norway,Employment,Persons,Calendar and seasonally adjusted,Total,From 25 to 54 years,Annual,2022,1864.325,Normal value,False
Employed population by age groups,NOR,Norway,Employment,Persons,Calendar and seasonally adjusted,Total,From 25 to 54 years,Annual,2023,1873.275,Normal value,False
Employed population by age groups,NOR,Norway,Employment,Persons,Calendar and seasonally adjusted,Total,From 25 to 54 years,Annual,2024,1878.275,Normal value,False
Employed population by age groups,NOR,Norway,Employment,Persons,Calendar and seasonally adjusted,Total,From 25 to 54 years,Annual,2025,1873.1,Normal value,False
Employed population by age groups,POL,Poland,Employment,Persons,Calendar and seasonally adjusted,Total,From 25 to 54 years,Annual,2016,12145.5,Normal value,False
Employed population by age groups,POL,Poland,Employment,Persons,Calendar and seasonally adjusted,Total,From 25 to 54 years,Annual,2017,12297.75,Normal value,False
Employed population by age groups,POL,Poland,Employment,Persons,Calendar and seasonally adjusted,Total,From 25 to 54 years,Annual,2018,12396.5,Normal value,False
Employed population by age groups,POL,Poland,Employment,Persons,Calendar and seasonally adjusted,Total,From 25 to 54 years,Annual,2019,12847.5,Normal value,False
Employed population by age groups,POL,Poland,Employment,Persons,Calendar and seasonally adjusted,Total,From 25 to 54 years,Annual,2020,12866.0,Normal value,False
Employed population by age groups,POL,Poland,Employment,Persons,Calendar and seasonally adjusted,Total,From 25 to 54 years,Annual,2021,13174.5,Normal value,False
Employed population by age groups,POL,Poland,Employment,Persons,Calendar and seasonally adjusted,Total,From 25 to 54 years,Annual,2022,13233.8,Normal value,False
Employed population by age groups,POL,Poland,Employment,Persons,Calendar and seasonally adjusted,Total,From 25 to 54 years,Annual,2023,13283.1,Normal value,False
Employed population by age groups,POL,Poland,Employment,Persons,Calendar and seasonally adjusted,Total,From 25 to 54 years,Annual,2024,13216.47,Normal value,False
Employed population by age groups,POL,Poland,Employment,Persons,Calendar and seasonally adjusted,Total,From 25 to 54 years,Annual,2025,13213.47,Normal value,False
Employed population by age groups,PRT,Portugal,Employment,Persons,Calendar and seasonally adjusted,Total,From 25 to 54 years,Annual,2016,3379.5,Normal value,False
Employed population by age groups,PRT,Portugal,Employment,Persons,Calendar and seasonally adjusted,Total,From 25 to 54 years,Annual,2017,3445.5,Normal value,False
Employed population by age groups,PRT,Portugal,Employment,Persons,Calendar and seasonally adjusted,Total,From 25 to 54 years,Annual,2018,3485.5,Normal value,False
Employed population by age groups,PRT,Portugal,Employment,Persons,Calendar and seasonally adjusted,Total,From 25 to 54 years,Annual,2019,3490.75,Normal value,False
Employed population by age groups,PRT,Portugal,Employment,Persons,Calendar and seasonally adjusted,Total,From 25 to 54 years,Annual,2020,3420.0,Normal value,False
Employed population by age groups,PRT,Portugal,Employment,Persons,Calendar and seasonally adjusted,Total,From 25 to 54 years,Annual,2021,3442.475,Normal value,False
Employed population by age groups,PRT,Portugal,Employment,Persons,Calendar and seasonally adjusted,Total,From 25 to 54 years,Annual,2022,3494.375,Normal value,False
Employed population by age groups,PRT,Portugal,Employment,Persons,Calendar and seasonally adjusted,Total,From 25 to 54 years,Annual,2023,3530.95,Normal value,False
Employed population by age groups,PRT,Portugal,Employment,Persons,Calendar and seasonally adjusted,Total,From 25 to 54 years,Annual,2024,3575.0,Normal value,False
Employed population by age groups,PRT,Portugal,Employment,Persons,Calendar and seasonally adjusted,Total,From 25 to 54 years,Annual,2025,3673.95,Normal value,False
Employed population by age groups,SVK,Slovak Republic,Employment,Persons,Calendar and seasonally adjusted,Total,From 25 to 54 years,Annual,2016,2006.75,Normal value,False
Employed population by age groups,SVK,Slovak Republic,Employment,Persons,Calendar and seasonally adjusted,Total,From 25 to 54 years,Annual,2017,2005.75,Normal value,False
Employed population by age groups,SVK,Slovak Republic,Employment,Persons,Calendar and seasonally adjusted,Total,From 25 to 54 years,Annual,2018,2035.25,Normal value,False
Employed population by age groups,SVK,Slovak Republic,Employment,Persons,Calendar and seasonally adjusted,Total,From 25 to 54 years,Annual,2019,2049.0,Normal value,False
Employed population by age groups,SVK,Slovak Republic,Employment,Persons,Calendar and seasonally adjusted,Total,From 25 to 54 years,Annual,2020,2003.0,Normal value,False
Employed population by age groups,SVK,Slovak Republic,Employment,Persons,Calendar and seasonally adjusted,Total,From 25 to 54 years,Annual,2021,1981.75,Normal value,False
Employed population by age groups,SVK,Slovak Republic,Employment,Persons,Calendar and seasonally adjusted,Total,From 25 to 54 years,Annual,2022,2000.9,Normal value,False
Employed population by age groups,SVK,Slovak Republic,Employment,Persons,Calendar and seasonally adjusted,Total,From 25 to 54 years,Annual,2023,1989.825,Normal value,False
Employed population by age groups,SVK,Slovak Republic,Employment,Persons,Calendar and seasonally adjusted,Total,From 25 to 54 years,Annual,2024,2001.425,Normal value,False
Employed population by age groups,SVK,Slovak Republic,Employment,Persons,Calendar and seasonally adjusted,Total,From 25 to 54 years,Annual,2025,1983.0,Normal value,False
Employed population by age groups,SVN,Slovenia,Employment,Persons,Calendar and seasonally adjusted,Total,From 25 to 54 years,Annual,2016,726.5,Normal value,False
Employed population by age groups,SVN,Slovenia,Employment,Persons,Calendar and seasonally adjusted,Total,From 25 to 54 years,Annual,2017,743.0,Normal value,False
Employed population by age groups,SVN,Slovenia,Employment,Persons,Calendar and seasonally adjusted,Total,From 25 to 54 years,Annual,2018,748.5,Normal value,False
Employed population by age groups,SVN,Slovenia,Employment,Persons,Calendar and seasonally adjusted,Total,From 25 to 54 years,Annual,2019,755.25,Normal value,False
Employed population by age groups,SVN,Slovenia,Employment,Persons,Calendar and seasonally adjusted,Total,From 25 to 54 years,Annual,2020,749.5,Normal value,False
Employed population by age groups,SVN,Slovenia,Employment,Persons,Calendar and seasonally adjusted,Total,From 25 to 54 years,Annual,2021,737.75,Normal value,False
Employed population by age groups,SVN,Slovenia,Employment,Persons,Calendar and seasonally adjusted,Total,From 25 to 54 years,Annual,2022,737.55,Normal value,False
Employed population by age groups,SVN,Slovenia,Employment,Persons,Calendar and seasonally adjusted,Total,From 25 to 54 years,Annual,2023,735.475,Normal value,False
Employed population by age groups,SVN,Slovenia,Employment,Persons,Calendar and seasonally adjusted,Total,From 25 to 54 years,Annual,2024,734.7,Normal value,False
Employed population by age groups,SVN,Slovenia,Employment,Persons,Calendar and seasonally adjusted,Total,From 25 to 54 years,Annual,2025,732.0,Normal value,False
Employed population by age groups,ESP,Spain,Employment,Persons,Calendar and seasonally adjusted,Total,From 25 to 54 years,Annual,2016,14571.0,Normal value,False
Employed population by age groups,ESP,Spain,Employment,Persons,Calendar and seasonally adjusted,Total,From 25 to 54 years,Annual,2017,14785.75,Normal value,False
Employed population by age groups,ESP,Spain,Employment,Persons,Calendar and seasonally adjusted,Total,From 25 to 54 years,Annual,2018,15032.5,Normal value,False
Employed population by age groups,ESP,Spain,Employment,Persons,Calendar and seasonally adjusted,Total,From 25 to 54 years,Annual,2019,15214.25,Normal value,False
Employed population by age groups,ESP,Spain,Employment,Persons,Calendar and seasonally adjusted,Total,From 25 to 54 years,Annual,2020,14608.75,Normal value,False
Employed population by age groups,ESP,Spain,Employment,Persons,Calendar and seasonally adjusted,Total,From 25 to 54 years,Annual,2021,14950.97,Normal value,False
Employed population by age groups,ESP,Spain,Employment,Persons,Calendar and seasonally adjusted,Total,From 25 to 54 years,Annual,2022,15278.47,Normal value,False
Employed population by age groups,ESP,Spain,Employment,Persons,Calendar and seasonally adjusted,Total,From 25 to 54 years,Annual,2023,15610.13,Normal value,False
Employed population by age groups,ESP,Spain,Employment,Persons,Calendar and seasonally adjusted,Total,From 25 to 54 years,Annual,2024,15770.95,Normal value,False
Employed population by age groups,ESP,Spain,Employment,Persons,Calendar and seasonally adjusted,Total,From 25 to 54 years,Annual,2025,16037.97,Normal value,False
Employed population by age groups,SWE,Sweden,Employment,Persons,Calendar and seasonally adjusted,Total,From 25 to 54 years,Annual,2016,3324.75,Normal value,False
Employed population by age groups,SWE,Sweden,Employment,Persons,Calendar and seasonally adjusted,Total,From 25 to 54 years,Annual,2017,3402.5,Normal value,False
Employed population by age groups,SWE,Sweden,Employment,Persons,Calendar and seasonally adjusted,Total,From 25 to 54 years,Annual,2018,3458.0,Normal value,False
Employed population by age groups,SWE,Sweden,Employment,Persons,Calendar and seasonally adjusted,Total,From 25 to 54 years,Annual,2019,3483.5,Normal value,False
Employed population by age groups,SWE,Sweden,Employment,Persons,Calendar and seasonally adjusted,Total,From 25 to 54 years,Annual,2020,3432.75,Normal value,False
Employed population by age groups,SWE,Sweden,Employment,Persons,Calendar and seasonally adjusted,Total,From 25 to 54 years,Annual,2021,3441.825,Normal value,False
Employed population by age groups,SWE,Sweden,Employment,Persons,Calendar and seasonally adjusted,Total,From 25 to 54 years,Annual,2022,3519.9,Normal value,False
Employed population by age groups,SWE,Sweden,Employment,Persons,Calendar and seasonally adjusted,Total,From 25 to 54 years,Annual,2023,3544.175,Normal value,False
Employed population by age groups,SWE,Sweden,Employment,Persons,Calendar and seasonally adjusted,Total,From 25 to 54 years,Annual,2024,3513.075,Normal value,False
Employed population by age groups,SWE,Sweden,Employment,Persons,Calendar and seasonally adjusted,Total,From 25 to 54 years,Annual,2025,3497.8,Normal value,False
Employed population by age groups,CHE,Switzerland,Employment,Persons,Calendar and seasonally adjusted,Total,From 25 to 54 years,Annual,2016,3108.75,Normal value,False
Employed population by age groups,CHE,Switzerland,Employment,Persons,Calendar and seasonally adjusted,Total,From 25 to 54 years,Annual,2017,3115.5,Normal value,False
Employed population by age groups,CHE,Switzerland,Employment,Persons,Calendar and seasonally adjusted,Total,From 25 to 54 years,Annual,2018,3137.75,Normal value,False
Employed population by age groups,CHE,Switzerland,Employment,Persons,Calendar and seasonally adjusted,Total,From 25 to 54 years,Annual,2019,3165.75,Normal value,False
Employed population by age groups,CHE,Switzerland,Employment,Persons,Calendar and seasonally adjusted,Total,From 25 to 54 years,Annual,2020,3144.75,Normal value,False
Employed population by age groups,CHE,Switzerland,Employment,Persons,Calendar and seasonally adjusted,Total,From 25 to 54 years,Annual,2021,3132.275,Normal value,False
Employed population by age groups,CHE,Switzerland,Employment,Persons,Calendar and seasonally adjusted,Total,From 25 to 54 years,Annual,2022,3149.275,Normal value,False
Employed population by age groups,CHE,Switzerland,Employment,Persons,Calendar and seasonally adjusted,Total,From 25 to 54 years,Annual,2023,3185.075,Normal value,False
Employed population by age groups,CHE,Switzerland,Employment,Persons,Calendar and seasonally adjusted,Total,From 25 to 54 years,Annual,2024,3197.175,Normal value,False
Employed population by age groups,CHE,Switzerland,Employment,Persons,Calendar and seasonally adjusted,Total,From 25 to 54 years,Annual,2025,3189.125,Normal value,False
Employed population by age groups,TUR,Türkiye,Employment,Persons,Calendar and seasonally adjusted,Total,From 25 to 54 years,Annual,2016,20125.7,Normal value,False
Employed population by age groups,TUR,Türkiye,Employment,Persons,Calendar and seasonally adjusted,Total,From 25 to 54 years,Annual,2017,20841.28,Normal value,False
Employed population by age groups,TUR,Türkiye,Employment,Persons,Calendar and seasonally adjusted,Total,From 25 to 54 years,Annual,2018,21133.68,Normal value,False
Employed population by age groups,TUR,Türkiye,Employment,Persons,Calendar and seasonally adjusted,Total,From 25 to 54 years,Annual,2019,20765.18,Normal value,False
Employed population by age groups,TUR,Türkiye,Employment,Persons,Calendar and seasonally adjusted,Total,From 25 to 54 years,Annual,2021,21312.5,Normal value,False
Employed population by age groups,TUR,Türkiye,Employment,Persons,Calendar and seasonally adjusted,Total,From 25 to 54 years,Annual,2022,22602.75,Normal value,False
Employed population by age groups,TUR,Türkiye,Employment,Persons,Calendar and seasonally adjusted,Total,From 25 to 54 years,Annual,2023,23041.5,Normal value,False
Employed population by age groups,TUR,Türkiye,Employment,Persons,Calendar and seasonally adjusted,Total,From 25 to 54 years,Annual,2024,23513.25,Normal value,False
Employed population by age groups,TUR,Türkiye,Employment,Persons,Calendar and seasonally adjusted,Total,From 25 to 54 years,Annual,2025,23408.25,Normal value,False
Employed population by age groups,GBR,United Kingdom,Employment,Persons,Calendar and seasonally adjusted,Total,From 25 to 54 years,Annual,2016,21818.0,Normal value,False
Employed population by age groups,GBR,United Kingdom,Employment,Persons,Calendar and seasonally adjusted,Total,From 25 to 54 years,Annual,2017,22061.0,Normal value,False
Employed population by age groups,GBR,United Kingdom,Employment,Persons,Calendar and seasonally adjusted,Total,From 25 to 54 years,Annual,2018,22196.0,Normal value,False
Employed population by age groups,GBR,United Kingdom,Employment,Persons,Calendar and seasonally adjusted,Total,From 25 to 54 years,Annual,2019,22421.0,Normal value,False
Employed population by age groups,GBR,United Kingdom,Employment,Persons,Calendar and seasonally adjusted,Total,From 25 to 54 years,Annual,2020,22186.25,Normal value,False
Employed population by age groups,GBR,United Kingdom,Employment,Persons,Calendar and seasonally adjusted,Total,From 25 to 54 years,Annual,2021,22130.0,Normal value,False
Employed population by age groups,GBR,United Kingdom,Employment,Persons,Calendar and seasonally adjusted,Total,From 25 to 54 years,Annual,2022,22236.75,Normal value,False
Employed population by age groups,GBR,United Kingdom,Employment,Persons,Calendar and seasonally adjusted,Total,From 25 to 54 years,Annual,2023,22432.75,Normal value,False
Employed population by age groups,GBR,United Kingdom,Employment,Persons,Calendar and seasonally adjusted,Total,From 25 to 54 years,Annual,2024,22540.5,Normal value,False
Employed population by age groups,GBR,United Kingdom,Employment,Persons,Calendar and seasonally adjusted,Total,From 25 to 54 years,Annual,2025,22731.0,Normal value,False
Employed population by age groups,USA,United States,Employment,Persons,Calendar and seasonally adjusted,Total,From 25 to 54 years,Annual,2016,98004.09,Normal value,False
Employed population by age groups,USA,United States,Employment,Persons,Calendar and seasonally adjusted,Total,From 25 to 54 years,Annual,2017,98833.09,Normal value,False
Employed population by age groups,USA,United States,Employment,Persons,Calendar and seasonally adjusted,Total,From 25 to 54 years,Annual,2018,100313.9,Normal value,False
Employed population by age groups,USA,United States,Employment,Persons,Calendar and seasonally adjusted,Total,From 25 to 54 years,Annual,2019,100976.2,Normal value,False
Employed population by age groups,USA,United States,Employment,Persons,Calendar and seasonally adjusted,Total,From 25 to 54 years,Annual,2020,95331.5,Normal value,False
Employed population by age groups,USA,United States,Employment,Persons,Calendar and seasonally adjusted,Total,From 25 to 54 years,Annual,2021,97866.59,Normal value,False
Employed population by age groups,USA,United States,Employment,Persons,Calendar and seasonally adjusted,Total,From 25 to 54 years,Annual,2022,101577.7,Normal value,False
Employed population by age groups,USA,United States,Employment,Persons,Calendar and seasonally adjusted,Total,From 25 to 54 years,Annual,2023,103223.1,Normal value,False
Employed population by age groups,USA,United States,Employment,Persons,Calendar and seasonally adjusted,Total,From 25 to 54 years,Annual,2024,103831.3,Normal value,False
Employed population by age groups,USA,United States,Employment,Persons,Calendar and seasonally adjusted,Male,From 25 to 54 years,Annual,2016,52514.25,Normal value,False
Employed population by age groups,USA,United States,Employment,Persons,Calendar and seasonally adjusted,Male,From 25 to 54 years,Annual,2017,52817.25,Normal value,False
Employed population by age groups,USA,United States,Employment,Persons,Calendar and seasonally adjusted,Male,From 25 to 54 years,Annual,2018,53672.75,Normal value,False
Employed population by age groups,USA,United States,Employment,Persons,Calendar and seasonally adjusted,Male,From 25 to 54 years,Annual,2019,53845.5,Normal value,False
Employed population by age groups,USA,United States,Employment,Persons,Calendar and seasonally adjusted,Male,From 25 to 54 years,Annual,2020,50889.75,Normal value,False
Employed population by age groups,USA,United States,Employment,Persons,Calendar and seasonally adjusted,Male,From 25 to 54 years,Annual,2021,52112.33,Normal value,False
Employed population by age groups,USA,United States,Employment,Persons,Calendar and seasonally adjusted,Male,From 25 to 54 years,Annual,2022,54190.83,Normal value,False
Employed population by age groups,USA,United States,Employment,Persons,Calendar and seasonally adjusted,Male,From 25 to 54 years,Annual,2023,55163.25,Normal value,False
Employed population by age groups,USA,United States,Employment,Persons,Calendar and seasonally adjusted,Male,From 25 to 54 years,Annual,2024,55138.75,Normal value,False
Employed population by age groups,AUS,Australia,Employment,Persons,Calendar and seasonally adjusted,Male,From 25 to 54 years,Annual,2016,4252.943,Normal value,False
Employed population by age groups,AUS,Australia,Employment,Persons,Calendar and seasonally adjusted,Male,From 25 to 54 years,Annual,2017,4294.598,Normal value,False
Employed population by age groups,AUS,Australia,Employment,Persons,Calendar and seasonally adjusted,Male,From 25 to 54 years,Annual,2018,4361.869,Normal value,False
Employed population by age groups,AUS,Australia,Employment,Persons,Calendar and seasonally adjusted,Male,From 25 to 54 years,Annual,2019,4442.48,Normal value,False
Employed population by age groups,AUS,Australia,Employment,Persons,Calendar and seasonally adjusted,Male,From 25 to 54 years,Annual,2020,4389.991,Normal value,False
Employed population by age groups,AUS,Australia,Employment,Persons,Calendar and seasonally adjusted,Male,From 25 to 54 years,Annual,2021,4465.503,Normal value,False
Employed population by age groups,AUS,Australia,Employment,Persons,Calendar and seasonally adjusted,Male,From 25 to 54 years,Annual,2022,4582.233,Normal value,False
Employed population by age groups,AUS,Australia,Employment,Persons,Calendar and seasonally adjusted,Male,From 25 to 54 years,Annual,2023,4737.652,Normal value,False
Employed population by age groups,AUS,Australia,Employment,Persons,Calendar and seasonally adjusted,Male,From 25 to 54 years,Annual,2024,4847.29,Normal value,False
Employed population by age groups,AUS,Australia,Employment,Persons,Calendar and seasonally adjusted,Male,From 25 to 54 years,Annual,2025,4933.803,Normal value,False
Employed population by age groups,AUT,Austria,Employment,Persons,Calendar and seasonally adjusted,Male,From 25 to 54 years,Annual,2016,1614.25,Normal value,False
Employed population by age groups,AUT,Austria,Employment,Persons,Calendar and seasonally adjusted,Male,From 25 to 54 years,Annual,2017,1623.0,Normal value,False
Employed population by age groups,AUT,Austria,Employment,Persons,Calendar and seasonally adjusted,Male,From 25 to 54 years,Annual,2018,1627.75,Normal value,False
Employed population by age groups,AUT,Austria,Employment,Persons,Calendar and seasonally adjusted,Male,From 25 to 54 years,Annual,2019,1637.25,Normal value,False
Employed population by age groups,AUT,Austria,Employment,Persons,Calendar and seasonally adjusted,Male,From 25 to 54 years,Annual,2020,1594.75,Normal value,False
Employed population by age groups,AUT,Austria,Employment,Persons,Calendar and seasonally adjusted,Male,From 25 to 54 years,Annual,2021,1599.225,Normal value,False
Employed population by age groups,AUT,Austria,Employment,Persons,Calendar and seasonally adjusted,Male,From 25 to 54 years,Annual,2022,1631.45,Normal value,False
Employed population by age groups,AUT,Austria,Employment,Persons,Calendar and seasonally adjusted,Male,From 25 to 54 years,Annual,2023,1623.35,Normal value,False
Employed population by age groups,AUT,Austria,Employment,Persons,Calendar and seasonally adjusted,Male,From 25 to 54 years,Annual,2024,1609.125,Normal value,False
Employed population by age groups,AUT,Austria,Employment,Persons,Calendar and seasonally adjusted,Male,From 25 to 54 years,Annual,2025,1608.125,Normal value,False
Employed population by age groups,BEL,Belgium,Employment,Persons,Calendar and seasonally adjusted,Male,From 25 to 54 years,Annual,2017,1911.75,Normal value,False
Employed population by age groups,BEL,Belgium,Employment,Persons,Calendar and seasonally adjusted,Male,From 25 to 54 years,Annual,2018,1917.75,Normal value,False
Employed population by age groups,BEL,Belgium,Employment,Persons,Calendar and seasonally adjusted,Male,From 25 to 54 years,Annual,2019,1918.75,Normal value,False
Employed population by age groups,BEL,Belgium,Employment,Persons,Calendar and seasonally adjusted,Male,From 25 to 54 years,Annual,2020,1892.0,Normal value,False
Employed population by age groups,BEL,Belgium,Employment,Persons,Calendar and seasonally adjusted,Male,From 25 to 54 years,Annual,2021,1909.975,Normal value,False
Employed population by age groups,BEL,Belgium,Employment,Persons,Calendar and seasonally adjusted,Male,From 25 to 54 years,Annual,2022,1937.225,Normal value,False
Employed population by age groups,BEL,Belgium,Employment,Persons,Calendar and seasonally adjusted,Male,From 25 to 54 years,Annual,2023,1940.7,Normal value,False
Employed population by age groups,BEL,Belgium,Employment,Persons,Calendar and seasonally adjusted,Male,From 25 to 54 years,Annual,2024,1942.55,Normal value,False
Employed population by age groups,BEL,Belgium,Employment,Persons,Calendar and seasonally adjusted,Male,From 25 to 54 years,Annual,2025,1923.45,Normal value,False
Employed population by age groups,CAN,Canada,Employment,Persons,Calendar and seasonally adjusted,Male,From 25 to 54 years,Annual,2016,6152.008,Normal value,False
Employed population by age groups,CAN,Canada,Employment,Persons,Calendar and seasonally adjusted,Male,From 25 to 54 years,Annual,2017,6246.125,Normal value,False
Employed population by age groups,CAN,Canada,Employment,Persons,Calendar and seasonally adjusted,Male,From 25 to 54 years,Annual,2018,6332.725,Normal value,False
Employed population by age groups,CAN,Canada,Employment,Persons,Calendar and seasonally adjusted,Male,From 25 to 54 years,Annual,2019,6411.55,Normal value,False
Employed population by age groups,CAN,Canada,Employment,Persons,Calendar and seasonally adjusted,Male,From 25 to 54 years,Annual,2020,6214.425,Normal value,False
Employed population by age groups,CAN,Canada,Employment,Persons,Calendar and seasonally adjusted,Male,From 25 to 54 years,Annual,2021,6465.45,Normal value,False
Employed population by age groups,CAN,Canada,Employment,Persons,Calendar and seasonally adjusted,Male,From 25 to 54 years,Annual,2022,6735.867,Normal value,False
Employed population by age groups,CAN,Canada,Employment,Persons,Calendar and seasonally adjusted,Male,From 25 to 54 years,Annual,2023,6952.225,Normal value,False
Employed population by age groups,CAN,Canada,Employment,Persons,Calendar and seasonally adjusted,Male,From 25 to 54 years,Annual,2024,7176.317,Normal value,False
Employed population by age groups,CAN,Canada,Employment,Persons,Calendar and seasonally adjusted,Male,From 25 to 54 years,Annual,2025,7322.042,Normal value,False
Employed population by age groups,COL,Colombia,Employment,Persons,Calendar and seasonally adjusted,Male,From 25 to 54 years,Annual,2016,8067.354,Normal value,False
Employed population by age groups,COL,Colombia,Employment,Persons,Calendar and seasonally adjusted,Male,From 25 to 54 years,Annual,2017,8154.431,Normal value,False
Employed population by age groups,COL,Colombia,Employment,Persons,Calendar and seasonally adjusted,Male,From 25 to 54 years,Annual,2018,8300.218,Normal value,False
Employed population by age groups,COL,Colombia,Employment,Persons,Calendar and seasonally adjusted,Male,From 25 to 54 years,Annual,2019,8455.884,Normal value,False
Employed population by age groups,COL,Colombia,Employment,Persons,Calendar and seasonally adjusted,Male,From 25 to 54 years,Annual,2020,7975.632,Normal value,False
Employed population by age groups,COL,Colombia,Employment,Persons,Calendar and seasonally adjusted,Male,From 25 to 54 years,Annual,2021,8454.696,Normal value,False
Employed population by age groups,COL,Colombia,Employment,Persons,Calendar and seasonally adjusted,Male,From 25 to 54 years,Annual,2022,8805.965,Normal value,False
Employed population by age groups,COL,Colombia,Employment,Persons,Calendar and seasonally adjusted,Male,From 25 to 54 years,Annual,2023,9009.31,Normal value,False
Employed population by age groups,COL,Colombia,Employment,Persons,Calendar and seasonally adjusted,Male,From 25 to 54 years,Annual,2024,9128.388,Normal value,False
Employed population by age groups,COL,Colombia,Employment,Persons,Calendar and seasonally adjusted,Male,From 25 to 54 years,Annual,2025,9421.792,Normal value,False
Employed population by age groups,CRI,Costa Rica,Employment,Persons,Calendar and seasonally adjusted,Male,From 25 to 54 years,Annual,2016,865.3433,Normal value,False
Employed population by age groups,CRI,Costa Rica,Employment,Persons,Calendar and seasonally adjusted,Male,From 25 to 54 years,Annual,2017,889.6815,Normal value,False
Employed population by age groups,CRI,Costa Rica,Employment,Persons,Calendar and seasonally adjusted,Male,From 25 to 54 years,Annual,2018,890.7217,Normal value,False
Employed population by age groups,CRI,Costa Rica,Employment,Persons,Calendar and seasonally adjusted,Male,From 25 to 54 years,Annual,2019,898.9377,Normal value,False
Employed population by age groups,CRI,Costa Rica,Employment,Persons,Calendar and seasonally adjusted,Male,From 25 to 54 years,Annual,2020,832.8417,Normal value,False
Employed population by age groups,CRI,Costa Rica,Employment,Persons,Calendar and seasonally adjusted,Male,From 25 to 54 years,Annual,2021,865.4825,Normal value,False
Employed population by age groups,CRI,Costa Rica,Employment,Persons,Calendar and seasonally adjusted,Male,From 25 to 54 years,Annual,2022,902.8768,Normal value,False
Employed population by age groups,CRI,Costa Rica,Employment,Persons,Calendar and seasonally adjusted,Male,From 25 to 54 years,Annual,2023,909.8405,Normal value,False
Employed population by age groups,CRI,Costa Rica,Employment,Persons,Calendar and seasonally adjusted,Male,From 25 to 54 years,Annual,2024,911.6265,Normal value,False
Employed population by age groups,CRI,Costa Rica,Employment,Persons,Calendar and seasonally adjusted,Male,From 25 to 54 years,Annual,2025,921.4142,Normal value,False
Employed population by age groups,CZE,Czechia,Employment,Persons,Calendar and seasonally adjusted,Male,From 25 to 54 years,Annual,2016,2174.95,Normal value,False
Employed population by age groups,CZE,Czechia,Employment,Persons,Calendar and seasonally adjusted,Male,From 25 to 54 years,Annual,2017,2203.4,Normal value,False
Employed population by age groups,CZE,Czechia,Employment,Persons,Calendar and seasonally adjusted,Male,From 25 to 54 years,Annual,2018,2224.2,Normal value,False
Employed population by age groups,CZE,Czechia,Employment,Persons,Calendar and seasonally adjusted,Male,From 25 to 54 years,Annual,2019,2225.925,Normal value,False
Employed population by age groups,CZE,Czechia,Employment,Persons,Calendar and seasonally adjusted,Male,From 25 to 54 years,Annual,2020,2206.475,Normal value,False
Employed population by age groups,CZE,Czechia,Employment,Persons,Calendar and seasonally adjusted,Male,From 25 to 54 years,Annual,2022,2146.85,Normal value,False
Employed population by age groups,CZE,Czechia,Employment,Persons,Calendar and seasonally adjusted,Male,From 25 to 54 years,Annual,2023,2107.05,Normal value,False
Employed population by age groups,CZE,Czechia,Employment,Persons,Calendar and seasonally adjusted,Male,From 25 to 54 years,Annual,2024,2094.0,Normal value,False
Employed population by age groups,CZE,Czechia,Employment,Persons,Calendar and seasonally adjusted,Male,From 25 to 54 years,Annual,2025,2022.9,Normal value,False
Employed population by age groups,DNK,Denmark,Employment,Persons,Calendar and seasonally adjusted,Male,From 25 to 54 years,Annual,2017,967.525,Normal value,False
Employed population by age groups,DNK,Denmark,Employment,Persons,Calendar and seasonally adjusted,Male,From 25 to 54 years,Annual,2018,980.2,Normal value,False
Employed population by age groups,DNK,Denmark,Employment,Persons,Calendar and seasonally adjusted,Male,From 25 to 54 years,Annual,2019,985.15,Normal value,False
Employed population by age groups,DNK,Denmark,Employment,Persons,Calendar and seasonally adjusted,Male,From 25 to 54 years,Annual,2020,974.15,Normal value,False
Employed population by age groups,DNK,Denmark,Employment,Persons,Calendar and seasonally adjusted,Male,From 25 to 54 years,Annual,2021,982.25,Normal value,False
Employed population by age groups,DNK,Denmark,Employment,Persons,Calendar and seasonally adjusted,Male,From 25 to 54 years,Annual,2022,989.7,Normal value,False
Employed population by age groups,DNK,Denmark,Employment,Persons,Calendar and seasonally adjusted,Male,From 25 to 54 years,Annual,2023,989.175,Normal value,False
Employed population by age groups,DNK,Denmark,Employment,Persons,Calendar and seasonally adjusted,Male,From 25 to 54 years,Annual,2024,1002.325,Normal value,False
Employed population by age groups,DNK,Denmark,Employment,Persons,Calendar and seasonally adjusted,Male,From 25 to 54 years,Annual,2025,997.075,Normal value,False
Employed population by age groups,EST,Estonia,Employment,Persons,Calendar and seasonally adjusted,Male,From 25 to 54 years,Annual,2016,240.75,Normal value,False
Employed population by age groups,EST,Estonia,Employment,Persons,Calendar and seasonally adjusted,Male,From 25 to 54 years,Annual,2017,241.25,Normal value,False
Employed population by age groups,EST,Estonia,Employment,Persons,Calendar and seasonally adjusted,Male,From 25 to 54 years,Annual,2018,245.0,Normal value,False
Employed population by age groups,EST,Estonia,Employment,Persons,Calendar and seasonally adjusted,Male,From 25 to 54 years,Annual,2019,247.0,Normal value,False
Employed population by age groups,EST,Estonia,Employment,Persons,Calendar and seasonally adjusted,Male,From 25 to 54 years,Annual,2020,241.5,Normal value,False
Employed population by age groups,EST,Estonia,Employment,Persons,Calendar and seasonally adjusted,Male,From 25 to 54 years,Annual,2021,240.225,Normal value,False
Employed population by age groups,EST,Estonia,Employment,Persons,Calendar and seasonally adjusted,Male,From 25 to 54 years,Annual,2022,248.0,Normal value,False
Employed population by age groups,EST,Estonia,Employment,Persons,Calendar and seasonally adjusted,Male,From 25 to 54 years,Annual,2023,249.45,Normal value,False
Employed population by age groups,EST,Estonia,Employment,Persons,Calendar and seasonally adjusted,Male,From 25 to 54 years,Annual,2024,248.675,Normal value,False
Employed population by age groups,EST,Estonia,Employment,Persons,Calendar and seasonally adjusted,Male,From 25 to 54 years,Annual,2025,243.125,Normal value,False
Employed population by age groups,FIN,Finland,Employment,Persons,Calendar and seasonally adjusted,Male,From 25 to 54 years,Annual,2016,872.25,Normal value,False
Employed population by age groups,FIN,Finland,Employment,Persons,Calendar and seasonally adjusted,Male,From 25 to 54 years,Annual,2017,878.5,Normal value,False
Employed population by age groups,FIN,Finland,Employment,Persons,Calendar and seasonally adjusted,Male,From 25 to 54 years,Annual,2018,898.25,Normal value,False
Employed population by age groups,FIN,Finland,Employment,Persons,Calendar and seasonally adjusted,Male,From 25 to 54 years,Annual,2019,903.0,Normal value,False
Employed population by age groups,FIN,Finland,Employment,Persons,Calendar and seasonally adjusted,Male,From 25 to 54 years,Annual,2020,894.75,Normal value,False
Employed population by age groups,FIN,Finland,Employment,Persons,Calendar and seasonally adjusted,Male,From 25 to 54 years,Annual,2021,897.05,Normal value,False
Employed population by age groups,FIN,Finland,Employment,Persons,Calendar and seasonally adjusted,Male,From 25 to 54 years,Annual,2022,905.825,Normal value,False
Employed population by age groups,FIN,Finland,Employment,Persons,Calendar and seasonally adjusted,Male,From 25 to 54 years,Annual,2023,903.05,Normal value,False
Employed population by age groups,FIN,Finland,Employment,Persons,Calendar and seasonally adjusted,Male,From 25 to 54 years,Annual,2024,899.125,Normal value,False
Employed population by age groups,FIN,Finland,Employment,Persons,Calendar and seasonally adjusted,Male,From 25 to 54 years,Annual,2025,900.175,Normal value,False
Employed population by age groups,FRA,France,Employment,Persons,Calendar and seasonally adjusted,Male,From 25 to 54 years,Annual,2016,10288.5,Normal value,False
Employed population by age groups,FRA,France,Employment,Persons,Calendar and seasonally adjusted,Male,From 25 to 54 years,Annual,2017,10348.5,Normal value,False
Employed population by age groups,FRA,France,Employment,Persons,Calendar and seasonally adjusted,Male,From 25 to 54 years,Annual,2018,10321.5,Normal value,False
Employed population by age groups,FRA,France,Employment,Persons,Calendar and seasonally adjusted,Male,From 25 to 54 years,Annual,2019,10249.25,Normal value,False
Employed population by age groups,FRA,France,Employment,Persons,Calendar and seasonally adjusted,Male,From 25 to 54 years,Annual,2020,10161.5,Normal value,False
Employed population by age groups,FRA,France,Employment,Persons,Calendar and seasonally adjusted,Male,From 25 to 54 years,Annual,2021,10262.67,Normal value,False
Employed population by age groups,FRA,France,Employment,Persons,Calendar and seasonally adjusted,Male,From 25 to 54 years,Annual,2022,10340.35,Normal value,False
Employed population by age groups,FRA,France,Employment,Persons,Calendar and seasonally adjusted,Male,From 25 to 54 years,Annual,2023,10330.67,Normal value,False
Employed population by age groups,FRA,France,Employment,Persons,Calendar and seasonally adjusted,Male,From 25 to 54 years,Annual,2024,10428.72,Normal value,False
Employed population by age groups,FRA,France,Employment,Persons,Calendar and seasonally adjusted,Male,From 25 to 54 years,Annual,2025,10521.42,Normal value,False
Employed population by age groups,DEU,Germany,Employment,Persons,Calendar and seasonally adjusted,Male,From 25 to 54 years,Annual,2016,14862.0,Normal value,False
Employed population by age groups,DEU,Germany,Employment,Persons,Calendar and seasonally adjusted,Male,From 25 to 54 years,Annual,2017,14820.0,Normal value,False
Employed population by age groups,DEU,Germany,Employment,Persons,Calendar and seasonally adjusted,Male,From 25 to 54 years,Annual,2018,14603.0,Normal value,False
Employed population by age groups,DEU,Germany,Employment,Persons,Calendar and seasonally adjusted,Male,From 25 to 54 years,Annual,2021,14017.83,Normal value,False
Employed population by age groups,DEU,Germany,Employment,Persons,Calendar and seasonally adjusted,Male,From 25 to 54 years,Annual,2022,14219.47,Normal value,False
Employed population by age groups,DEU,Germany,Employment,Persons,Calendar and seasonally adjusted,Male,From 25 to 54 years,Annual,2023,14278.1,Normal value,False
Employed population by age groups,DEU,Germany,Employment,Persons,Calendar and seasonally adjusted,Male,From 25 to 54 years,Annual,2024,14241.13,Normal value,False
Employed population by age groups,DEU,Germany,Employment,Persons,Calendar and seasonally adjusted,Male,From 25 to 54 years,Annual,2025,14167.03,Normal value,False
Employed population by age groups,GRC,Greece,Employment,Persons,Calendar and seasonally adjusted,Male,From 25 to 54 years,Annual,2016,1715.75,Normal value,False
Employed population by age groups,GRC,Greece,Employment,Persons,Calendar and seasonally adjusted,Male,From 25 to 54 years,Annual,2017,1731.75,Normal value,False
Employed population by age groups,GRC,Greece,Employment,Persons,Calendar and seasonally adjusted,Male,From 25 to 54 years,Annual,2018,1754.75,Normal value,False
Employed population by age groups,GRC,Greece,Employment,Persons,Calendar and seasonally adjusted,Male,From 25 to 54 years,Annual,2019,1755.25,Normal value,False
Employed population by age groups,GRC,Greece,Employment,Persons,Calendar and seasonally adjusted,Male,From 25 to 54 years,Annual,2020,1649.5,Normal value,False
Employed population by age groups,GRC,Greece,Employment,Persons,Calendar and seasonally adjusted,Male,From 25 to 54 years,Annual,2021,1715.95,Normal value,False
Employed population by age groups,GRC,Greece,Employment,Persons,Calendar and seasonally adjusted,Male,From 25 to 54 years,Annual,2022,1781.95,Normal value,False
Employed population by age groups,GRC,Greece,Employment,Persons,Calendar and seasonally adjusted,Male,From 25 to 54 years,Annual,2023,1765.675,Normal value,False
Employed population by age groups,GRC,Greece,Employment,Persons,Calendar and seasonally adjusted,Male,From 25 to 54 years,Annual,2024,1769.0,Normal value,False
Employed population by age groups,GRC,Greece,Employment,Persons,Calendar and seasonally adjusted,Male,From 25 to 54 years,Annual,2025,1752.475,Normal value,False
Employed population by age groups,HUN,Hungary,Employment,Persons,Calendar and seasonally adjusted,Male,From 25 to 54 years,Annual,2016,1796.025,Normal value,False
Employed population by age groups,HUN,Hungary,Employment,Persons,Calendar and seasonally adjusted,Male,From 25 to 54 years,Annual,2018,1858.475,Normal value,False
Employed population by age groups,HUN,Hungary,Employment,Persons,Calendar and seasonally adjusted,Male,From 25 to 54 years,Annual,2019,1877.875,Normal value,False
Employed population by age groups,HUN,Hungary,Employment,Persons,Calendar and seasonally adjusted,Male,From 25 to 54 years,Annual,2021,1869.975,Normal value,False
Employed population by age groups,HUN,Hungary,Employment,Persons,Calendar and seasonally adjusted,Male,From 25 to 54 years,Annual,2022,1874.825,Normal value,False
Employed population by age groups,HUN,Hungary,Employment,Persons,Calendar and seasonally adjusted,Male,From 25 to 54 years,Annual,2023,1854.35,Normal value,False
Employed population by age groups,HUN,Hungary,Employment,Persons,Calendar and seasonally adjusted,Male,From 25 to 54 years,Annual,2024,1835.35,Normal value,False
Employed population by age groups,HUN,Hungary,Employment,Persons,Calendar and seasonally adjusted,Male,From 25 to 54 years,Annual,2025,1806.45,Normal value,False
Employed population by age groups,ISL,Iceland,Employment,Persons,Calendar and seasonally adjusted,Male,From 25 to 54 years,Annual,2016,61.0,Normal value,False
Employed population by age groups,ISL,Iceland,Employment,Persons,Calendar and seasonally adjusted,Male,From 25 to 54 years,Annual,2017,63.5,Normal value,False
Employed population by age groups,ISL,Iceland,Employment,Persons,Calendar and seasonally adjusted,Male,From 25 to 54 years,Annual,2018,66.75,Normal value,False
Employed population by age groups,ISL,Iceland,Employment,Persons,Calendar and seasonally adjusted,Male,From 25 to 54 years,Annual,2019,69.25,Normal value,False
Employed population by age groups,ISL,Iceland,Employment,Persons,Calendar and seasonally adjusted,Male,From 25 to 54 years,Annual,2021,68.425,Normal value,False
Employed population by age groups,ISL,Iceland,Employment,Persons,Calendar and seasonally adjusted,Male,From 25 to 54 years,Annual,2022,72.575,Normal value,False
Employed population by age groups,ISL,Iceland,Employment,Persons,Calendar and seasonally adjusted,Male,From 25 to 54 years,Annual,2023,77.375,Normal value,False
Employed population by age groups,ISL,Iceland,Employment,Persons,Calendar and seasonally adjusted,Male,From 25 to 54 years,Annual,2024,80.725,Normal value,False
Employed population by age groups,IRL,Ireland,Employment,Persons,Calendar and seasonally adjusted,Male,From 25 to 54 years,Annual,2016,819.5,Normal value,False
Employed population by age groups,IRL,Ireland,Employment,Persons,Calendar and seasonally adjusted,Male,From 25 to 54 years,Annual,2017,845.25,Normal value,False
Employed population by age groups,IRL,Ireland,Employment,Persons,Calendar and seasonally adjusted,Male,From 25 to 54 years,Annual,2018,859.5,Normal value,False
Employed population by age groups,IRL,Ireland,Employment,Persons,Calendar and seasonally adjusted,Male,From 25 to 54 years,Annual,2019,878.75,Normal value,False
Employed population by age groups,IRL,Ireland,Employment,Persons,Calendar and seasonally adjusted,Male,From 25 to 54 years,Annual,2020,858.5,Normal value,False
Employed population by age groups,IRL,Ireland,Employment,Persons,Calendar and seasonally adjusted,Male,From 25 to 54 years,Annual,2021,889.625,Normal value,False
Employed population by age groups,IRL,Ireland,Employment,Persons,Calendar and seasonally adjusted,Male,From 25 to 54 years,Annual,2022,938.55,Normal value,False
Employed population by age groups,IRL,Ireland,Employment,Persons,Calendar and seasonally adjusted,Male,From 25 to 54 years,Annual,2023,954.2,Normal value,False
Employed population by age groups,IRL,Ireland,Employment,Persons,Calendar and seasonally adjusted,Male,From 25 to 54 years,Annual,2024,973.9,Normal value,False
Employed population by age groups,IRL,Ireland,Employment,Persons,Calendar and seasonally adjusted,Male,From 25 to 54 years,Annual,2025,996.45,Normal value,False
Employed population by age groups,ISR,Israel,Employment,Persons,Calendar and seasonally adjusted,Male,From 25 to 54 years,Annual,2016,1270.367,Normal value,False
Employed population by age groups,ISR,Israel,Employment,Persons,Calendar and seasonally adjusted,Male,From 25 to 54 years,Annual,2017,1296.258,Normal value,False
Employed population by age groups,ISR,Israel,Employment,Persons,Calendar and seasonally adjusted,Male,From 25 to 54 years,Annual,2018,1311.633,Normal value,False
Employed population by age groups,ISR,Israel,Employment,Persons,Calendar and seasonally adjusted,Male,From 25 to 54 years,Annual,2019,1329.633,Normal value,False
Employed population by age groups,ISR,Israel,Employment,Persons,Calendar and seasonally adjusted,Male,From 25 to 54 years,Annual,2020,1315.092,Normal value,False
Employed population by age groups,ISR,Israel,Employment,Persons,Calendar and seasonally adjusted,Male,From 25 to 54 years,Annual,2021,1319.583,Normal value,False
Employed population by age groups,ISR,Israel,Employment,Persons,Calendar and seasonally adjusted,Male,From 25 to 54 years,Annual,2022,1391.8,Normal value,False
Employed population by age groups,ISR,Israel,Employment,Persons,Calendar and seasonally adjusted,Male,From 25 to 54 years,Annual,2023,1427.267,Normal value,False
Employed population by age groups,ISR,Israel,Employment,Persons,Calendar and seasonally adjusted,Male,From 25 to 54 years,Annual,2025,1420.992,Normal value,False
Employed population by age groups,ITA,Italy,Employment,Persons,Calendar and seasonally adjusted,Male,From 25 to 54 years,Annual,2016,9802.5,Normal value,False
Employed population by age groups,ITA,Italy,Employment,Persons,Calendar and seasonally adjusted,Male,From 25 to 54 years,Annual,2017,9784.25,Normal value,False
Employed population by age groups,ITA,Italy,Employment,Persons,Calendar and seasonally adjusted,Male,From 25 to 54 years,Annual,2018,9738.5,Normal value,False
Employed population by age groups,ITA,Italy,Employment,Persons,Calendar and seasonally adjusted,Male,From 25 to 54 years,Annual,2019,9680.25,Normal value,False
Employed population by age groups,ITA,Italy,Employment,Persons,Calendar and seasonally adjusted,Male,From 25 to 54 years,Annual,2020,9344.5,Normal value,False
Employed population by age groups,ITA,Italy,Employment,Persons,Calendar and seasonally adjusted,Male,From 25 to 54 years,Annual,2021,9281.15,Normal value,False
Employed population by age groups,ITA,Italy,Employment,Persons,Calendar and seasonally adjusted,Male,From 25 to 54 years,Annual,2022,9405.125,Normal value,False
Employed population by age groups,ITA,Italy,Employment,Persons,Calendar and seasonally adjusted,Male,From 25 to 54 years,Annual,2023,9410.05,Normal value,False
Employed population by age groups,ITA,Italy,Employment,Persons,Calendar and seasonally adjusted,Male,From 25 to 54 years,Annual,2024,9446.05,Normal value,False
Employed population by age groups,ITA,Italy,Employment,Persons,Calendar and seasonally adjusted,Male,From 25 to 54 years,Annual,2025,9435.1,Normal value,False
Employed population by age groups,JPN,Japan,Employment,Persons,Calendar and seasonally adjusted,Male,From 25 to 54 years,Annual,2016,22839.17,Normal value,False
Employed population by age groups,JPN,Japan,Employment,Persons,Calendar and seasonally adjusted,Male,From 25 to 54 years,Annual,2017,22802.5,Normal value,False
Employed population by age groups,JPN,Japan,Employment,Persons,Calendar and seasonally adjusted,Male,From 25 to 54 years,Annual,2018,22788.33,Normal value,False
Employed population by age groups,JPN,Japan,Employment,Persons,Calendar and seasonally adjusted,Male,From 25 to 54 years,Annual,2019,22673.33,Normal value,False
Employed population by age groups,JPN,Japan,Employment,Persons,Calendar and seasonally adjusted,Male,From 25 to 54 years,Annual,2020,22435.83,Normal value,False
Employed population by age groups,JPN,Japan,Employment,Persons,Calendar and seasonally adjusted,Male,From 25 to 54 years,Annual,2021,22375.0,Normal value,False
Employed population by age groups,JPN,Japan,Employment,Persons,Calendar and seasonally adjusted,Male,From 25 to 54 years,Annual,2022,22155.83,Normal value,False
Employed population by age groups,JPN,Japan,Employment,Persons,Calendar and seasonally adjusted,Male,From 25 to 54 years,Annual,2023,21927.5,Normal value,False
Employed population by age groups,JPN,Japan,Employment,Persons,Calendar and seasonally adjusted,Male,From 25 to 54 years,Annual,2024,21741.67,Normal value,False
Employed population by age groups,JPN,Japan,Employment,Persons,Calendar and seasonally adjusted,Male,From 25 to 54 years,Annual,2025,21552.5,Normal value,False
Employed population by age groups,KOR,Korea,Employment,Persons,Calendar and seasonally adjusted,Male,From 25 to 54 years,Annual,2016,10625.46,Normal value,False
Employed population by age groups,KOR,Korea,Employment,Persons,Calendar and seasonally adjusted,Male,From 25 to 54 years,Annual,2017,10557.41,Normal value,False
Employed population by age groups,KOR,Korea,Employment,Persons,Calendar and seasonally adjusted,Male,From 25 to 54 years,Annual,2018,10457.13,Normal value,False
Employed population by age groups,KOR,Korea,Employment,Persons,Calendar and seasonally adjusted,Male,From 25 to 54 years,Annual,2019,10384.78,Normal value,False
Employed population by age groups,KOR,Korea,Employment,Persons,Calendar and seasonally adjusted,Male,From 25 to 54 years,Annual,2020,10197.13,Normal value,False
Employed population by age groups,KOR,Korea,Employment,Persons,Calendar and seasonally adjusted,Male,From 25 to 54 years,Annual,2021,10187.33,Normal value,False
Employed population by age groups,KOR,Korea,Employment,Persons,Calendar and seasonally adjusted,Male,From 25 to 54 years,Annual,2022,10255.03,Normal value,False
Employed population by age groups,KOR,Korea,Employment,Persons,Calendar and seasonally adjusted,Male,From 25 to 54 years,Annual,2023,10150.18,Normal value,False
Employed population by age groups,KOR,Korea,Employment,Persons,Calendar and seasonally adjusted,Male,From 25 to 54 years,Annual,2024,10030.93,Normal value,False
Employed population by age groups,KOR,Korea,Employment,Persons,Calendar and seasonally adjusted,Male,From 25 to 54 years,Annual,2025,9917.45,Normal value,False
Employed population by age groups,LVA,Latvia,Employment,Persons,Calendar and seasonally adjusted,Male,From 25 to 54 years,Annual,2016,320.25,Normal value,False
Employed population by age groups,LVA,Latvia,Employment,Persons,Calendar and seasonally adjusted,Male,From 25 to 54 years,Annual,2017,322.25,Normal value,False
Employed population by age groups,LVA,Latvia,Employment,Persons,Calendar and seasonally adjusted,Male,From 25 to 54 years,Annual,2018,324.0,Normal value,False
Employed population by age groups,LVA,Latvia,Employment,Persons,Calendar and seasonally adjusted,Male,From 25 to 54 years,Annual,2019,323.25,Normal value,False
Employed population by age groups,LVA,Latvia,Employment,Persons,Calendar and seasonally adjusted,Male,From 25 to 54 years,Annual,2020,313.5,Normal value,False
Employed population by age groups,LVA,Latvia,Employment,Persons,Calendar and seasonally adjusted,Male,From 25 to 54 years,Annual,2021,306.8,Normal value,False
Employed population by age groups,LVA,Latvia,Employment,Persons,Calendar and seasonally adjusted,Male,From 25 to 54 years,Annual,2022,308.975,Normal value,False
Employed population by age groups,LVA,Latvia,Employment,Persons,Calendar and seasonally adjusted,Male,From 25 to 54 years,Annual,2023,305.35,Normal value,False
Employed population by age groups,LVA,Latvia,Employment,Persons,Calendar and seasonally adjusted,Male,From 25 to 54 years,Annual,2024,300.85,Normal value,False
Employed population by age groups,LVA,Latvia,Employment,Persons,Calendar and seasonally adjusted,Male,From 25 to 54 years,Annual,2025,299.075,Normal value,False
Employed population by age groups,LTU,Lithuania,Employment,Persons,Calendar and seasonally adjusted,Male,From 25 to 54 years,Annual,2016,470.0,Normal value,False
Employed population by age groups,LTU,Lithuania,Employment,Persons,Calendar and seasonally adjusted,Male,From 25 to 54 years,Annual,2017,464.0,Normal value,False
Employed population by age groups,LTU,Lithuania,Employment,Persons,Calendar and seasonally adjusted,Male,From 25 to 54 years,Annual,2018,474.0,Normal value,False
Employed population by age groups,LTU,Lithuania,Employment,Persons,Calendar and seasonally adjusted,Male,From 25 to 54 years,Annual,2019,478.25,Normal value,False
Employed population by age groups,LTU,Lithuania,Employment,Persons,Calendar and seasonally adjusted,Male,From 25 to 54 years,Annual,2020,478.25,Normal value,False
Employed population by age groups,LTU,Lithuania,Employment,Persons,Calendar and seasonally adjusted,Male,From 25 to 54 years,Annual,2021,486.6,Normal value,False
Employed population by age groups,LTU,Lithuania,Employment,Persons,Calendar and seasonally adjusted,Male,From 25 to 54 years,Annual,2022,484.825,Normal value,False
Employed population by age groups,LTU,Lithuania,Employment,Persons,Calendar and seasonally adjusted,Male,From 25 to 54 years,Annual,2023,510.2,Normal value,False
Employed population by age groups,LTU,Lithuania,Employment,Persons,Calendar and seasonally adjusted,Male,From 25 to 54 years,Annual,2024,526.775,Normal value,False
Employed population by age groups,LTU,Lithuania,Employment,Persons,Calendar and seasonally adjusted,Male,From 25 to 54 years,Annual,2025,529.975,Normal value,False
Employed population by age groups,LUX,Luxembourg,Employment,Persons,Calendar and seasonally adjusted,Male,From 25 to 54 years,Annual,2016,117.975,Normal value,False
Employed population by age groups,LUX,Luxembourg,Employment,Persons,Calendar and seasonally adjusted,Male,From 25 to 54 years,Annual,2017,119.025,Normal value,False
Employed population by age groups,LUX,Luxembourg,Employment,Persons,Calendar and seasonally adjusted,Male,From 25 to 54 years,Annual,2018,122.4,Normal value,False
Employed population by age groups,LUX,Luxembourg,Employment,Persons,Calendar and seasonally adjusted,Male,From 25 to 54 years,Annual,2019,125.7,Normal value,False
Employed population by age groups,LUX,Luxembourg,Employment,Persons,Calendar and seasonally adjusted,Male,From 25 to 54 years,Annual,2021,130.025,Normal value,False
Employed population by age groups,LUX,Luxembourg,Employment,Persons,Calendar and seasonally adjusted,Male,From 25 to 54 years,Annual,2022,132.65,Normal value,False
Employed population by age groups,LUX,Luxembourg,Employment,Persons,Calendar and seasonally adjusted,Male,From 25 to 54 years,Annual,2023,136.725,Normal value,False
Employed population by age groups,LUX,Luxembourg,Employment,Persons,Calendar and seasonally adjusted,Male,From 25 to 54 years,Annual,2024,134.7,Normal value,False
Employed population by age groups,LUX,Luxembourg,Employment,Persons,Calendar and seasonally adjusted,Male,From 25 to 54 years,Annual,2025,136.275,Normal value,False
Employed population by age groups,MEX,Mexico,Employment,Persons,Calendar and seasonally adjusted,Male,From 25 to 54 years,Annual,2016,20883.91,Normal value,False
Employed population by age groups,MEX,Mexico,Employment,Persons,Calendar and seasonally adjusted,Male,From 25 to 54 years,Annual,2017,20894.66,Normal value,False
Employed population by age groups,MEX,Mexico,Employment,Persons,Calendar and seasonally adjusted,Male,From 25 to 54 years,Annual,2018,21362.58,Normal value,False
Employed population by age groups,MEX,Mexico,Employment,Persons,Calendar and seasonally adjusted,Male,From 25 to 54 years,Annual,2019,21581.53,Normal value,False
Employed population by age groups,MEX,Mexico,Employment,Persons,Calendar and seasonally adjusted,Male,From 25 to 54 years,Annual,2021,21864.82,Normal value,False
Employed population by age groups,MEX,Mexico,Employment,Persons,Calendar and seasonally adjusted,Male,From 25 to 54 years,Annual,2022,22322.44,Normal value,False
Employed population by age groups,MEX,Mexico,Employment,Persons,Calendar and seasonally adjusted,Male,From 25 to 54 years,Annual,2023,22517.26,Normal value,False
Employed population by age groups,MEX,Mexico,Employment,Persons,Calendar and seasonally adjusted,Male,From 25 to 54 years,Annual,2024,22567.41,Normal value,False
Employed population by age groups,MEX,Mexico,Employment,Persons,Calendar and seasonally adjusted,Male,From 25 to 54 years,Annual,2025,22697.12,Normal value,False
Employed population by age groups,NLD,Netherlands,Employment,Persons,Calendar and seasonally adjusted,Male,From 25 to 54 years,Annual,2016,2955.75,Normal value,False
Employed population by age groups,NLD,Netherlands,Employment,Persons,Calendar and seasonally adjusted,Male,From 25 to 54 years,Annual,2017,2967.5,Normal value,False
Employed population by age groups,NLD,Netherlands,Employment,Persons,Calendar and seasonally adjusted,Male,From 25 to 54 years,Annual,2018,2987.5,Normal value,False
Employed population by age groups,NLD,Netherlands,Employment,Persons,Calendar and seasonally adjusted,Male,From 25 to 54 years,Annual,2019,2987.25,Normal value,False
Employed population by age groups,NLD,Netherlands,Employment,Persons,Calendar and seasonally adjusted,Male,From 25 to 54 years,Annual,2020,2977.5,Normal value,False
Employed population by age groups,NLD,Netherlands,Employment,Persons,Calendar and seasonally adjusted,Male,From 25 to 54 years,Annual,2021,3008.675,Normal value,False
Employed population by age groups,NLD,Netherlands,Employment,Persons,Calendar and seasonally adjusted,Male,From 25 to 54 years,Annual,2022,3050.85,Normal value,False
Employed population by age groups,NLD,Netherlands,Employment,Persons,Calendar and seasonally adjusted,Male,From 25 to 54 years,Annual,2023,3072.775,Normal value,False
Employed population by age groups,NLD,Netherlands,Employment,Persons,Calendar and seasonally adjusted,Male,From 25 to 54 years,Annual,2024,3081.275,Normal value,False
Employed population by age groups,NLD,Netherlands,Employment,Persons,Calendar and seasonally adjusted,Male,From 25 to 54 years,Annual,2025,3079.175,Normal value,False
Employed population by age groups,NZL,New Zealand,Employment,Persons,Calendar and seasonally adjusted,Male,From 25 to 54 years,Annual,2016,817.65,Normal value,False
Employed population by age groups,NZL,New Zealand,Employment,Persons,Calendar and seasonally adjusted,Male,From 25 to 54 years,Annual,2017,850.85,Normal value,False
Employed population by age groups,NZL,New Zealand,Employment,Persons,Calendar and seasonally adjusted,Male,From 25 to 54 years,Annual,2018,876.425,Normal value,False
Employed population by age groups,NZL,New Zealand,Employment,Persons,Calendar and seasonally adjusted,Male,From 25 to 54 years,Annual,2019,893.775,Normal value,False
Employed population by age groups,NZL,New Zealand,Employment,Persons,Calendar and seasonally adjusted,Male,From 25 to 54 years,Annual,2020,906.025,Normal value,False
Employed population by age groups,NZL,New Zealand,Employment,Persons,Calendar and seasonally adjusted,Male,From 25 to 54 years,Annual,2021,909.85,Normal value,False
Employed population by age groups,NZL,New Zealand,Employment,Persons,Calendar and seasonally adjusted,Male,From 25 to 54 years,Annual,2022,915.775,Normal value,False
Employed population by age groups,NZL,New Zealand,Employment,Persons,Calendar and seasonally adjusted,Male,From 25 to 54 years,Annual,2023,951.625,Normal value,False
Employed population by age groups,NZL,New Zealand,Employment,Persons,Calendar and seasonally adjusted,Male,From 25 to 54 years,Annual,2024,959.05,Normal value,False
Employed population by age groups,NOR,Norway,Employment,Persons,Calendar and seasonally adjusted,Male,From 25 to 54 years,Annual,2016,933.5,Normal value,False
Employed population by age groups,NOR,Norway,Employment,Persons,Calendar and seasonally adjusted,Male,From 25 to 54 years,Annual,2017,937.5,Normal value,False
Employed population by age groups,NOR,Norway,Employment,Persons,Calendar and seasonally adjusted,Male,From 25 to 54 years,Annual,2018,957.5,Normal value,False
Employed population by age groups,NOR,Norway,Employment,Persons,Calendar and seasonally adjusted,Male,From 25 to 54 years,Annual,2019,964.0,Normal value,False
Employed population by age groups,NOR,Norway,Employment,Persons,Calendar and seasonally adjusted,Male,From 25 to 54 years,Annual,2020,955.5,Normal value,False
Employed population by age groups,NOR,Norway,Employment,Persons,Calendar and seasonally adjusted,Male,From 25 to 54 years,Annual,2021,962.55,Normal value,False
Employed population by age groups,NOR,Norway,Employment,Persons,Calendar and seasonally adjusted,Male,From 25 to 54 years,Annual,2022,981.025,Normal value,False
Employed population by age groups,NOR,Norway,Employment,Persons,Calendar and seasonally adjusted,Male,From 25 to 54 years,Annual,2023,982.5,Normal value,False
Employed population by age groups,NOR,Norway,Employment,Persons,Calendar and seasonally adjusted,Male,From 25 to 54 years,Annual,2024,983.4,Normal value,False
Employed population by age groups,NOR,Norway,Employment,Persons,Calendar and seasonally adjusted,Male,From 25 to 54 years,Annual,2025,979.375,Normal value,False
Employed population by age groups,POL,Poland,Employment,Persons,Calendar and seasonally adjusted,Male,From 25 to 54 years,Annual,2016,6550.25,Normal value,False
Employed population by age groups,POL,Poland,Employment,Persons,Calendar and seasonally adjusted,Male,From 25 to 54 years,Annual,2017,6645.25,Normal value,False
Employed population by age groups,POL,Poland,Employment,Persons,Calendar and seasonally adjusted,Male,From 25 to 54 years,Annual,2018,6673.5,Normal value,False
Employed population by age groups,POL,Poland,Employment,Persons,Calendar and seasonally adjusted,Male,From 25 to 54 years,Annual,2019,6970.0,Normal value,False
Employed population by age groups,POL,Poland,Employment,Persons,Calendar and seasonally adjusted,Male,From 25 to 54 years,Annual,2020,6982.0,Normal value,False
Employed population by age groups,POL,Poland,Employment,Persons,Calendar and seasonally adjusted,Male,From 25 to 54 years,Annual,2021,7057.325,Normal value,False
Employed population by age groups,POL,Poland,Employment,Persons,Calendar and seasonally adjusted,Male,From 25 to 54 years,Annual,2022,7025.375,Normal value,False
Employed population by age groups,POL,Poland,Employment,Persons,Calendar and seasonally adjusted,Male,From 25 to 54 years,Annual,2023,7029.4,Normal value,False
Employed population by age groups,POL,Poland,Employment,Persons,Calendar and seasonally adjusted,Male,From 25 to 54 years,Annual,2024,7010.775,Normal value,False
Employed population by age groups,POL,Poland,Employment,Persons,Calendar and seasonally adjusted,Male,From 25 to 54 years,Annual,2025,6984.075,Normal value,False
Employed population by age groups,PRT,Portugal,Employment,Persons,Calendar and seasonally adjusted,Male,From 25 to 54 years,Annual,2016,1686.75,Normal value,False
Employed population by age groups,PRT,Portugal,Employment,Persons,Calendar and seasonally adjusted,Male,From 25 to 54 years,Annual,2017,1724.5,Normal value,False
Employed population by age groups,PRT,Portugal,Employment,Persons,Calendar and seasonally adjusted,Male,From 25 to 54 years,Annual,2018,1744.0,Normal value,False
Employed population by age groups,PRT,Portugal,Employment,Persons,Calendar and seasonally adjusted,Male,From 25 to 54 years,Annual,2019,1742.75,Normal value,False
Employed population by age groups,PRT,Portugal,Employment,Persons,Calendar and seasonally adjusted,Male,From 25 to 54 years,Annual,2020,1708.0,Normal value,False
Employed population by age groups,PRT,Portugal,Employment,Persons,Calendar and seasonally adjusted,Male,From 25 to 54 years,Annual,2021,1712.1,Normal value,False
Employed population by age groups,PRT,Portugal,Employment,Persons,Calendar and seasonally adjusted,Male,From 25 to 54 years,Annual,2022,1747.1,Normal value,False
Employed population by age groups,PRT,Portugal,Employment,Persons,Calendar and seasonally adjusted,Male,From 25 to 54 years,Annual,2023,1775.25,Normal value,False
Employed population by age groups,PRT,Portugal,Employment,Persons,Calendar and seasonally adjusted,Male,From 25 to 54 years,Annual,2024,1802.2,Normal value,False
Employed population by age groups,PRT,Portugal,Employment,Persons,Calendar and seasonally adjusted,Male,From 25 to 54 years,Annual,2025,1850.65,Normal value,False
Employed population by age groups,SVK,Slovak Republic,Employment,Persons,Calendar and seasonally adjusted,Male,From 25 to 54 years,Annual,2016,1063.75,Normal value,False
Employed population by age groups,SVK,Slovak Republic,Employment,Persons,Calendar and seasonally adjusted,Male,From 25 to 54 years,Annual,2017,1064.75,Normal value,False
Employed population by age groups,SVK,Slovak Republic,Employment,Persons,Calendar and seasonally adjusted,Male,From 25 to 54 years,Annual,2018,1083.5,Normal value,False
Employed population by age groups,SVK,Slovak Republic,Employment,Persons,Calendar and seasonally adjusted,Male,From 25 to 54 years,Annual,2019,1087.75,Normal value,False
Employed population by age groups,SVK,Slovak Republic,Employment,Persons,Calendar and seasonally adjusted,Male,From 25 to 54 years,Annual,2020,1064.75,Normal value,False
Employed population by age groups,SVK,Slovak Republic,Employment,Persons,Calendar and seasonally adjusted,Male,From 25 to 54 years,Annual,2021,1051.0,Normal value,False
Employed population by age groups,SVK,Slovak Republic,Employment,Persons,Calendar and seasonally adjusted,Male,From 25 to 54 years,Annual,2022,1062.725,Normal value,False
Employed population by age groups,SVK,Slovak Republic,Employment,Persons,Calendar and seasonally adjusted,Male,From 25 to 54 years,Annual,2023,1055.475,Normal value,False
Employed population by age groups,SVK,Slovak Republic,Employment,Persons,Calendar and seasonally adjusted,Male,From 25 to 54 years,Annual,2024,1070.45,Normal value,False
Employed population by age groups,SVK,Slovak Republic,Employment,Persons,Calendar and seasonally adjusted,Male,From 25 to 54 years,Annual,2025,1055.425,Normal value,False
Employed population by age groups,SVN,Slovenia,Employment,Persons,Calendar and seasonally adjusted,Male,From 25 to 54 years,Annual,2016,384.5,Normal value,False
Employed population by age groups,SVN,Slovenia,Employment,Persons,Calendar and seasonally adjusted,Male,From 25 to 54 years,Annual,2017,391.75,Normal value,False
Employed population by age groups,SVN,Slovenia,Employment,Persons,Calendar and seasonally adjusted,Male,From 25 to 54 years,Annual,2018,398.75,Normal value,False
Employed population by age groups,SVN,Slovenia,Employment,Persons,Calendar and seasonally adjusted,Male,From 25 to 54 years,Annual,2019,403.75,Normal value,False
Employed population by age groups,SVN,Slovenia,Employment,Persons,Calendar and seasonally adjusted,Male,From 25 to 54 years,Annual,2020,403.25,Normal value,False
Employed population by age groups,SVN,Slovenia,Employment,Persons,Calendar and seasonally adjusted,Male,From 25 to 54 years,Annual,2021,398.475,Normal value,False
Employed population by age groups,SVN,Slovenia,Employment,Persons,Calendar and seasonally adjusted,Male,From 25 to 54 years,Annual,2022,398.725,Normal value,False
Employed population by age groups,SVN,Slovenia,Employment,Persons,Calendar and seasonally adjusted,Male,From 25 to 54 years,Annual,2023,397.725,Normal value,False
Employed population by age groups,SVN,Slovenia,Employment,Persons,Calendar and seasonally adjusted,Male,From 25 to 54 years,Annual,2024,395.925,Normal value,False
Employed population by age groups,SVN,Slovenia,Employment,Persons,Calendar and seasonally adjusted,Male,From 25 to 54 years,Annual,2025,393.875,Normal value,False
Employed population by age groups,ESP,Spain,Employment,Persons,Calendar and seasonally adjusted,Male,From 25 to 54 years,Annual,2016,7916.25,Normal value,False
Employed population by age groups,ESP,Spain,Employment,Persons,Calendar and seasonally adjusted,Male,From 25 to 54 years,Annual,2017,8029.0,Normal value,False
Employed population by age groups,ESP,Spain,Employment,Persons,Calendar and seasonally adjusted,Male,From 25 to 54 years,Annual,2018,8146.0,Normal value,False
Employed population by age groups,ESP,Spain,Employment,Persons,Calendar and seasonally adjusted,Male,From 25 to 54 years,Annual,2019,8203.5,Normal value,False
Employed population by age groups,ESP,Spain,Employment,Persons,Calendar and seasonally adjusted,Male,From 25 to 54 years,Annual,2020,7882.0,Normal value,False
Employed population by age groups,ESP,Spain,Employment,Persons,Calendar and seasonally adjusted,Male,From 25 to 54 years,Annual,2021,8045.725,Normal value,False
Employed population by age groups,ESP,Spain,Employment,Persons,Calendar and seasonally adjusted,Male,From 25 to 54 years,Annual,2022,8218.375,Normal value,False
Employed population by age groups,ESP,Spain,Employment,Persons,Calendar and seasonally adjusted,Male,From 25 to 54 years,Annual,2023,8341.125,Normal value,False
Employed population by age groups,ESP,Spain,Employment,Persons,Calendar and seasonally adjusted,Male,From 25 to 54 years,Annual,2024,8380.175,Normal value,False
Employed population by age groups,ESP,Spain,Employment,Persons,Calendar and seasonally adjusted,Male,From 25 to 54 years,Annual,2025,8529.475,Normal value,False
Employed population by age groups,SWE,Sweden,Employment,Persons,Calendar and seasonally adjusted,Male,From 25 to 54 years,Annual,2016,1739.5,Normal value,False
Employed population by age groups,SWE,Sweden,Employment,Persons,Calendar and seasonally adjusted,Male,From 25 to 54 years,Annual,2017,1782.5,Normal value,False
Employed population by age groups,SWE,Sweden,Employment,Persons,Calendar and seasonally adjusted,Male,From 25 to 54 years,Annual,2018,1814.75,Normal value,False
Employed population by age groups,SWE,Sweden,Employment,Persons,Calendar and seasonally adjusted,Male,From 25 to 54 years,Annual,2019,1836.0,Normal value,False
Employed population by age groups,SWE,Sweden,Employment,Persons,Calendar and seasonally adjusted,Male,From 25 to 54 years,Annual,2020,1813.25,Normal value,False
Employed population by age groups,SWE,Sweden,Employment,Persons,Calendar and seasonally adjusted,Male,From 25 to 54 years,Annual,2021,1822.975,Normal value,False
Employed population by age groups,SWE,Sweden,Employment,Persons,Calendar and seasonally adjusted,Male,From 25 to 54 years,Annual,2022,1856.225,Normal value,False
Employed population by age groups,SWE,Sweden,Employment,Persons,Calendar and seasonally adjusted,Male,From 25 to 54 years,Annual,2023,1855.825,Normal value,False
Employed population by age groups,SWE,Sweden,Employment,Persons,Calendar and seasonally adjusted,Male,From 25 to 54 years,Annual,2024,1835.85,Normal value,False
Employed population by age groups,SWE,Sweden,Employment,Persons,Calendar and seasonally adjusted,Male,From 25 to 54 years,Annual,2025,1831.85,Normal value,False
Employed population by age groups,CHE,Switzerland,Employment,Persons,Calendar and seasonally adjusted,Male,From 25 to 54 years,Annual,2016,1658.5,Normal value,False
Employed population by age groups,CHE,Switzerland,Employment,Persons,Calendar and seasonally adjusted,Male,From 25 to 54 years,Annual,2017,1662.0,Normal value,False
Employed population by age groups,CHE,Switzerland,Employment,Persons,Calendar and seasonally adjusted,Male,From 25 to 54 years,Annual,2018,1671.5,Normal value,False
Employed population by age groups,CHE,Switzerland,Employment,Persons,Calendar and seasonally adjusted,Male,From 25 to 54 years,Annual,2019,1679.0,Normal value,False
Employed population by age groups,CHE,Switzerland,Employment,Persons,Calendar and seasonally adjusted,Male,From 25 to 54 years,Annual,2020,1667.5,Normal value,False
Employed population by age groups,CHE,Switzerland,Employment,Persons,Calendar and seasonally adjusted,Male,From 25 to 54 years,Annual,2021,1654.375,Normal value,False
Employed population by age groups,CHE,Switzerland,Employment,Persons,Calendar and seasonally adjusted,Male,From 25 to 54 years,Annual,2022,1664.425,Normal value,False
Employed population by age groups,CHE,Switzerland,Employment,Persons,Calendar and seasonally adjusted,Male,From 25 to 54 years,Annual,2023,1679.4,Normal value,False
Employed population by age groups,CHE,Switzerland,Employment,Persons,Calendar and seasonally adjusted,Male,From 25 to 54 years,Annual,2024,1679.375,Normal value,False
Employed population by age groups,CHE,Switzerland,Employment,Persons,Calendar and seasonally adjusted,Male,From 25 to 54 years,Annual,2025,1672.95,Normal value,False
Employed population by age groups,TUR,Türkiye,Employment,Persons,Calendar and seasonally adjusted,Male,From 25 to 54 years,Annual,2016,14006.25,Normal value,False
Employed population by age groups,TUR,Türkiye,Employment,Persons,Calendar and seasonally adjusted,Male,From 25 to 54 years,Annual,2017,14345.25,Normal value,False
Employed population by age groups,TUR,Türkiye,Employment,Persons,Calendar and seasonally adjusted,Male,From 25 to 54 years,Annual,2018,14436.58,Normal value,False
Employed population by age groups,TUR,Türkiye,Employment,Persons,Calendar and seasonally adjusted,Male,From 25 to 54 years,Annual,2019,14109.47,Normal value,False
Employed population by age groups,TUR,Türkiye,Employment,Persons,Calendar and seasonally adjusted,Male,From 25 to 54 years,Annual,2021,14533.0,Normal value,False
Employed population by age groups,TUR,Türkiye,Employment,Persons,Calendar and seasonally adjusted,Male,From 25 to 54 years,Annual,2022,15121.5,Normal value,False
Employed population by age groups,TUR,Türkiye,Employment,Persons,Calendar and seasonally adjusted,Male,From 25 to 54 years,Annual,2023,15327.25,Normal value,False
Employed population by age groups,TUR,Türkiye,Employment,Persons,Calendar and seasonally adjusted,Male,From 25 to 54 years,Annual,2024,15489.25,Normal value,False
Employed population by age groups,TUR,Türkiye,Employment,Persons,Calendar and seasonally adjusted,Male,From 25 to 54 years,Annual,2025,15409.75,Normal value,False
Employed population by age groups,GBR,United Kingdom,Employment,Persons,Calendar and seasonally adjusted,Male,From 25 to 54 years,Annual,2016,11588.25,Normal value,False
Employed population by age groups,GBR,United Kingdom,Employment,Persons,Calendar and seasonally adjusted,Male,From 25 to 54 years,Annual,2017,11678.25,Normal value,False
Employed population by age groups,GBR,United Kingdom,Employment,Persons,Calendar and seasonally adjusted,Male,From 25 to 54 years,Annual,2018,11724.5,Normal value,False
Employed population by age groups,GBR,United Kingdom,Employment,Persons,Calendar and seasonally adjusted,Male,From 25 to 54 years,Annual,2019,11648.0,Normal value,False
Employed population by age groups,GBR,United Kingdom,Employment,Persons,Calendar and seasonally adjusted,Male,From 25 to 54 years,Annual,2020,11400.0,Normal value,False
Employed population by age groups,GBR,United Kingdom,Employment,Persons,Calendar and seasonally adjusted,Male,From 25 to 54 years,Annual,2021,11312.75,Normal value,False
Employed population by age groups,GBR,United Kingdom,Employment,Persons,Calendar and seasonally adjusted,Male,From 25 to 54 years,Annual,2022,11413.25,Normal value,False
Employed population by age groups,GBR,United Kingdom,Employment,Persons,Calendar and seasonally adjusted,Male,From 25 to 54 years,Annual,2023,11484.75,Normal value,False
Employed population by age groups,GBR,United Kingdom,Employment,Persons,Calendar and seasonally adjusted,Male,From 25 to 54 years,Annual,2024,11516.75,Normal value,False
Employed population by age groups,GBR,United Kingdom,Employment,Persons,Calendar and seasonally adjusted,Male,From 25 to 54 years,Annual,2025,11608.25,Normal value,False
Employed population by age groups,AUS,Australia,Employment,Persons,Calendar and seasonally adjusted,Female,From 25 to 54 years,Annual,2016,3677.477,Normal value,False
Employed population by age groups,AUS,Australia,Employment,Persons,Calendar and seasonally adjusted,Female,From 25 to 54 years,Annual,2017,3776.298,Normal value,False
Employed population by age groups,AUS,Australia,Employment,Persons,Calendar and seasonally adjusted,Female,From 25 to 54 years,Annual,2018,3875.632,Normal value,False
Employed population by age groups,AUS,Australia,Employment,Persons,Calendar and seasonally adjusted,Female,From 25 to 54 years,Annual,2019,3972.277,Normal value,False
Employed population by age groups,AUS,Australia,Employment,Persons,Calendar and seasonally adjusted,Female,From 25 to 54 years,Annual,2020,3942.976,Normal value,False
Employed population by age groups,AUS,Australia,Employment,Persons,Calendar and seasonally adjusted,Female,From 25 to 54 years,Annual,2021,4056.215,Normal value,False
Employed population by age groups,AUS,Australia,Employment,Persons,Calendar and seasonally adjusted,Female,From 25 to 54 years,Annual,2022,4233.471,Normal value,False
Employed population by age groups,AUS,Australia,Employment,Persons,Calendar and seasonally adjusted,Female,From 25 to 54 years,Annual,2023,4395.954,Normal value,False
Employed population by age groups,AUS,Australia,Employment,Persons,Calendar and seasonally adjusted,Female,From 25 to 54 years,Annual,2024,4494.074,Normal value,False
Employed population by age groups,AUS,Australia,Employment,Persons,Calendar and seasonally adjusted,Female,From 25 to 54 years,Annual,2025,4590.14,Normal value,False
Employed population by age groups,AUT,Austria,Employment,Persons,Calendar and seasonally adjusted,Female,From 25 to 54 years,Annual,2016,1489.0,Normal value,False
Employed population by age groups,AUT,Austria,Employment,Persons,Calendar and seasonally adjusted,Female,From 25 to 54 years,Annual,2017,1497.0,Normal value,False
Employed population by age groups,AUT,Austria,Employment,Persons,Calendar and seasonally adjusted,Female,From 25 to 54 years,Annual,2018,1498.0,Normal value,False
Employed population by age groups,AUT,Austria,Employment,Persons,Calendar and seasonally adjusted,Female,From 25 to 54 years,Annual,2019,1507.5,Normal value,False
Employed population by age groups,AUT,Austria,Employment,Persons,Calendar and seasonally adjusted,Female,From 25 to 54 years,Annual,2020,1458.25,Normal value,False
Employed population by age groups,AUT,Austria,Employment,Persons,Calendar and seasonally adjusted,Female,From 25 to 54 years,Annual,2021,1470.075,Normal value,False
Employed population by age groups,AUT,Austria,Employment,Persons,Calendar and seasonally adjusted,Female,From 25 to 54 years,Annual,2022,1516.8,Normal value,False
Employed population by age groups,AUT,Austria,Employment,Persons,Calendar and seasonally adjusted,Female,From 25 to 54 years,Annual,2023,1519.55,Normal value,False
Employed population by age groups,AUT,Austria,Employment,Persons,Calendar and seasonally adjusted,Female,From 25 to 54 years,Annual,2024,1519.05,Normal value,False
Employed population by age groups,AUT,Austria,Employment,Persons,Calendar and seasonally adjusted,Female,From 25 to 54 years,Annual,2025,1495.25,Normal value,False
Employed population by age groups,BEL,Belgium,Employment,Persons,Calendar and seasonally adjusted,Female,From 25 to 54 years,Annual,2017,1678.0,Normal value,False
Employed population by age groups,BEL,Belgium,Employment,Persons,Calendar and seasonally adjusted,Female,From 25 to 54 years,Annual,2018,1714.75,Normal value,False
Employed population by age groups,BEL,Belgium,Employment,Persons,Calendar and seasonally adjusted,Female,From 25 to 54 years,Annual,2019,1725.0,Normal value,False
Employed population by age groups,BEL,Belgium,Employment,Persons,Calendar and seasonally adjusted,Female,From 25 to 54 years,Annual,2020,1708.25,Normal value,False
Employed population by age groups,BEL,Belgium,Employment,Persons,Calendar and seasonally adjusted,Female,From 25 to 54 years,Annual,2021,1724.575,Normal value,False
Employed population by age groups,BEL,Belgium,Employment,Persons,Calendar and seasonally adjusted,Female,From 25 to 54 years,Annual,2022,1763.45,Normal value,False
Employed population by age groups,BEL,Belgium,Employment,Persons,Calendar and seasonally adjusted,Female,From 25 to 54 years,Annual,2023,1760.175,Normal value,False
Employed population by age groups,BEL,Belgium,Employment,Persons,Calendar and seasonally adjusted,Female,From 25 to 54 years,Annual,2024,1758.825,Normal value,False
Employed population by age groups,BEL,Belgium,Employment,Persons,Calendar and seasonally adjusted,Female,From 25 to 54 years,Annual,2025,1773.3,Normal value,False
Employed population by age groups,CAN,Canada,Employment,Persons,Calendar and seasonally adjusted,Female,From 25 to 54 years,Annual,2016,5642.083,Normal value,False
Employed population by age groups,CAN,Canada,Employment,Persons,Calendar and seasonally adjusted,Female,From 25 to 54 years,Annual,2017,5727.725,Normal value,False
Employed population by age groups,CAN,Canada,Employment,Persons,Calendar and seasonally adjusted,Female,From 25 to 54 years,Annual,2018,5806.975,Normal value,False
Employed population by age groups,CAN,Canada,Employment,Persons,Calendar and seasonally adjusted,Female,From 25 to 54 years,Annual,2019,5901.575,Normal value,False
Employed population by age groups,CAN,Canada,Employment,Persons,Calendar and seasonally adjusted,Female,From 25 to 54 years,Annual,2020,5660.333,Normal value,False
Employed population by age groups,CAN,Canada,Employment,Persons,Calendar and seasonally adjusted,Female,From 25 to 54 years,Annual,2021,5917.575,Normal value,False
Employed population by age groups,CAN,Canada,Employment,Persons,Calendar and seasonally adjusted,Female,From 25 to 54 years,Annual,2022,6170.067,Normal value,False
Employed population by age groups,CAN,Canada,Employment,Persons,Calendar and seasonally adjusted,Female,From 25 to 54 years,Annual,2023,6367.025,Normal value,False
Employed population by age groups,CAN,Canada,Employment,Persons,Calendar and seasonally adjusted,Female,From 25 to 54 years,Annual,2024,6517.85,Normal value,False
Employed population by age groups,CAN,Canada,Employment,Persons,Calendar and seasonally adjusted,Female,From 25 to 54 years,Annual,2025,6638.292,Normal value,False
Employed population by age groups,COL,Colombia,Employment,Persons,Calendar and seasonally adjusted,Female,From 25 to 54 years,Annual,2016,6339.343,Normal value,False
Employed population by age groups,COL,Colombia,Employment,Persons,Calendar and seasonally adjusted,Female,From 25 to 54 years,Annual,2017,6435.64,Normal value,False
Employed population by age groups,COL,Colombia,Employment,Persons,Calendar and seasonally adjusted,Female,From 25 to 54 years,Annual,2018,6477.873,Normal value,False
Employed population by age groups,COL,Colombia,Employment,Persons,Calendar and seasonally adjusted,Female,From 25 to 54 years,Annual,2019,6531.738,Normal value,False
Employed population by age groups,COL,Colombia,Employment,Persons,Calendar and seasonally adjusted,Female,From 25 to 54 years,Annual,2020,5697.311,Normal value,False
Employed population by age groups,COL,Colombia,Employment,Persons,Calendar and seasonally adjusted,Female,From 25 to 54 years,Annual,2021,5828.976,Normal value,False
Employed population by age groups,COL,Colombia,Employment,Persons,Calendar and seasonally adjusted,Female,From 25 to 54 years,Annual,2022,6528.076,Normal value,False
Employed population by age groups,COL,Colombia,Employment,Persons,Calendar and seasonally adjusted,Female,From 25 to 54 years,Annual,2023,6773.494,Normal value,False
Employed population by age groups,COL,Colombia,Employment,Persons,Calendar and seasonally adjusted,Female,From 25 to 54 years,Annual,2024,6882.597,Normal value,False
Employed population by age groups,COL,Colombia,Employment,Persons,Calendar and seasonally adjusted,Female,From 25 to 54 years,Annual,2025,7133.943,Normal value,False
Employed population by age groups,CRI,Costa Rica,Employment,Persons,Calendar and seasonally adjusted,Female,From 25 to 54 years,Annual,2016,550.1575,Normal value,False
Employed population by age groups,CRI,Costa Rica,Employment,Persons,Calendar and seasonally adjusted,Female,From 25 to 54 years,Annual,2017,545.6785,Normal value,False
Employed population by age groups,CRI,Costa Rica,Employment,Persons,Calendar and seasonally adjusted,Female,From 25 to 54 years,Annual,2018,574.7155,Normal value,False
Employed population by age groups,CRI,Costa Rica,Employment,Persons,Calendar and seasonally adjusted,Female,From 25 to 54 years,Annual,2019,607.0338,Normal value,False
Employed population by age groups,CRI,Costa Rica,Employment,Persons,Calendar and seasonally adjusted,Female,From 25 to 54 years,Annual,2020,525.1503,Normal value,False
Employed population by age groups,CRI,Costa Rica,Employment,Persons,Calendar and seasonally adjusted,Female,From 25 to 54 years,Annual,2021,574.714,Normal value,False
Employed population by age groups,CRI,Costa Rica,Employment,Persons,Calendar and seasonally adjusted,Female,From 25 to 54 years,Annual,2022,616.286,Normal value,False
Employed population by age groups,CRI,Costa Rica,Employment,Persons,Calendar and seasonally adjusted,Female,From 25 to 54 years,Annual,2023,578.1555,Normal value,False
Employed population by age groups,CRI,Costa Rica,Employment,Persons,Calendar and seasonally adjusted,Female,From 25 to 54 years,Annual,2024,638.434,Normal value,False
Employed population by age groups,CRI,Costa Rica,Employment,Persons,Calendar and seasonally adjusted,Female,From 25 to 54 years,Annual,2025,660.618,Normal value,False
Employed population by age groups,CZE,Czechia,Employment,Persons,Calendar and seasonally adjusted,Female,From 25 to 54 years,Annual,2016,1750.675,Normal value,False
Employed population by age groups,CZE,Czechia,Employment,Persons,Calendar and seasonally adjusted,Female,From 25 to 54 years,Annual,2017,1773.175,Normal value,False
Employed population by age groups,CZE,Czechia,Employment,Persons,Calendar and seasonally adjusted,Female,From 25 to 54 years,Annual,2018,1791.3,Normal value,False
Employed population by age groups,CZE,Czechia,Employment,Persons,Calendar and seasonally adjusted,Female,From 25 to 54 years,Annual,2019,1783.7,Normal value,False
Employed population by age groups,CZE,Czechia,Employment,Persons,Calendar and seasonally adjusted,Female,From 25 to 54 years,Annual,2020,1750.35,Normal value,False
Employed population by age groups,CZE,Czechia,Employment,Persons,Calendar and seasonally adjusted,Female,From 25 to 54 years,Annual,2022,1693.5,Normal value,False
Employed population by age groups,CZE,Czechia,Employment,Persons,Calendar and seasonally adjusted,Female,From 25 to 54 years,Annual,2023,1607.225,Normal value,False
Employed population by age groups,CZE,Czechia,Employment,Persons,Calendar and seasonally adjusted,Female,From 25 to 54 years,Annual,2024,1698.075,Normal value,False
Employed population by age groups,CZE,Czechia,Employment,Persons,Calendar and seasonally adjusted,Female,From 25 to 54 years,Annual,2025,1757.575,Normal value,False
Employed population by age groups,DNK,Denmark,Employment,Persons,Calendar and seasonally adjusted,Female,From 25 to 54 years,Annual,2017,863.475,Normal value,False
Employed population by age groups,DNK,Denmark,Employment,Persons,Calendar and seasonally adjusted,Female,From 25 to 54 years,Annual,2018,876.8,Normal value,False
Employed population by age groups,DNK,Denmark,Employment,Persons,Calendar and seasonally adjusted,Female,From 25 to 54 years,Annual,2019,879.375,Normal value,False
Employed population by age groups,DNK,Denmark,Employment,Persons,Calendar and seasonally adjusted,Female,From 25 to 54 years,Annual,2020,870.625,Normal value,False
Employed population by age groups,DNK,Denmark,Employment,Persons,Calendar and seasonally adjusted,Female,From 25 to 54 years,Annual,2021,888.3,Normal value,False
Employed population by age groups,DNK,Denmark,Employment,Persons,Calendar and seasonally adjusted,Female,From 25 to 54 years,Annual,2022,916.125,Normal value,False
Employed population by age groups,DNK,Denmark,Employment,Persons,Calendar and seasonally adjusted,Female,From 25 to 54 years,Annual,2023,906.175,Normal value,False
Employed population by age groups,DNK,Denmark,Employment,Persons,Calendar and seasonally adjusted,Female,From 25 to 54 years,Annual,2024,906.3,Normal value,False
Employed population by age groups,DNK,Denmark,Employment,Persons,Calendar and seasonally adjusted,Female,From 25 to 54 years,Annual,2025,905.3,Normal value,False
Employed population by age groups,EST,Estonia,Employment,Persons,Calendar and seasonally adjusted,Female,From 25 to 54 years,Annual,2016,212.25,Normal value,False
Employed population by age groups,EST,Estonia,Employment,Persons,Calendar and seasonally adjusted,Female,From 25 to 54 years,Annual,2017,217.5,Normal value,False
Employed population by age groups,EST,Estonia,Employment,Persons,Calendar and seasonally adjusted,Female,From 25 to 54 years,Annual,2018,214.5,Normal value,False
Employed population by age groups,EST,Estonia,Employment,Persons,Calendar and seasonally adjusted,Female,From 25 to 54 years,Annual,2019,214.25,Normal value,False
Employed population by age groups,EST,Estonia,Employment,Persons,Calendar and seasonally adjusted,Female,From 25 to 54 years,Annual,2020,212.0,Normal value,False
Employed population by age groups,EST,Estonia,Employment,Persons,Calendar and seasonally adjusted,Female,From 25 to 54 years,Annual,2021,212.875,Normal value,False
Employed population by age groups,EST,Estonia,Employment,Persons,Calendar and seasonally adjusted,Female,From 25 to 54 years,Annual,2022,218.475,Normal value,False
Employed population by age groups,EST,Estonia,Employment,Persons,Calendar and seasonally adjusted,Female,From 25 to 54 years,Annual,2023,226.725,Normal value,False
Employed population by age groups,EST,Estonia,Employment,Persons,Calendar and seasonally adjusted,Female,From 25 to 54 years,Annual,2024,227.925,Normal value,False
Employed population by age groups,EST,Estonia,Employment,Persons,Calendar and seasonally adjusted,Female,From 25 to 54 years,Annual,2025,226.9,Normal value,False
Employed population by age groups,FIN,Finland,Employment,Persons,Calendar and seasonally adjusted,Female,From 25 to 54 years,Annual,2016,775.25,Normal value,False
Employed population by age groups,FIN,Finland,Employment,Persons,Calendar and seasonally adjusted,Female,From 25 to 54 years,Annual,2017,783.25,Normal value,False
Employed population by age groups,FIN,Finland,Employment,Persons,Calendar and seasonally adjusted,Female,From 25 to 54 years,Annual,2018,800.75,Normal value,False
Employed population by age groups,FIN,Finland,Employment,Persons,Calendar and seasonally adjusted,Female,From 25 to 54 years,Annual,2019,808.75,Normal value,False
Employed population by age groups,FIN,Finland,Employment,Persons,Calendar and seasonally adjusted,Female,From 25 to 54 years,Annual,2020,802.0,Normal value,False
Employed population by age groups,FIN,Finland,Employment,Persons,Calendar and seasonally adjusted,Female,From 25 to 54 years,Annual,2021,819.6,Normal value,False
Employed population by age groups,FIN,Finland,Employment,Persons,Calendar and seasonally adjusted,Female,From 25 to 54 years,Annual,2022,834.6,Normal value,False
Employed population by age groups,FIN,Finland,Employment,Persons,Calendar and seasonally adjusted,Female,From 25 to 54 years,Annual,2023,838.875,Normal value,False
Employed population by age groups,FIN,Finland,Employment,Persons,Calendar and seasonally adjusted,Female,From 25 to 54 years,Annual,2024,829.175,Normal value,False
Employed population by age groups,FIN,Finland,Employment,Persons,Calendar and seasonally adjusted,Female,From 25 to 54 years,Annual,2025,822.2,Normal value,False
Employed population by age groups,FRA,France,Employment,Persons,Calendar and seasonally adjusted,Female,From 25 to 54 years,Annual,2016,9848.75,Normal value,False
Employed population by age groups,FRA,France,Employment,Persons,Calendar and seasonally adjusted,Female,From 25 to 54 years,Annual,2017,9803.75,Normal value,False
Employed population by age groups,FRA,France,Employment,Persons,Calendar and seasonally adjusted,Female,From 25 to 54 years,Annual,2018,9867.25,Normal value,False
Employed population by age groups,FRA,France,Employment,Persons,Calendar and seasonally adjusted,Female,From 25 to 54 years,Annual,2019,9906.5,Normal value,False
Employed population by age groups,FRA,France,Employment,Persons,Calendar and seasonally adjusted,Female,From 25 to 54 years,Annual,2020,9847.25,Normal value,False
Employed population by age groups,FRA,France,Employment,Persons,Calendar and seasonally adjusted,Female,From 25 to 54 years,Annual,2021,9824.45,Normal value,False
Employed population by age groups,FRA,France,Employment,Persons,Calendar and seasonally adjusted,Female,From 25 to 54 years,Annual,2022,9899.15,Normal value,False
Employed population by age groups,FRA,France,Employment,Persons,Calendar and seasonally adjusted,Female,From 25 to 54 years,Annual,2023,9909.325,Normal value,False
Employed population by age groups,FRA,France,Employment,Persons,Calendar and seasonally adjusted,Female,From 25 to 54 years,Annual,2024,10008.88,Normal value,False
Employed population by age groups,FRA,France,Employment,Persons,Calendar and seasonally adjusted,Female,From 25 to 54 years,Annual,2025,10144.45,Normal value,False
Employed population by age groups,DEU,Germany,Employment,Persons,Calendar and seasonally adjusted,Female,From 25 to 54 years,Annual,2016,13092.25,Normal value,False
Employed population by age groups,DEU,Germany,Employment,Persons,Calendar and seasonally adjusted,Female,From 25 to 54 years,Annual,2017,13017.0,Normal value,False
Employed population by age groups,DEU,Germany,Employment,Persons,Calendar and seasonally adjusted,Female,From 25 to 54 years,Annual,2018,12895.25,Normal value,False
Employed population by age groups,DEU,Germany,Employment,Persons,Calendar and seasonally adjusted,Female,From 25 to 54 years,Annual,2021,12465.83,Normal value,False
Employed population by age groups,DEU,Germany,Employment,Persons,Calendar and seasonally adjusted,Female,From 25 to 54 years,Annual,2022,12622.92,Normal value,False
Employed population by age groups,DEU,Germany,Employment,Persons,Calendar and seasonally adjusted,Female,From 25 to 54 years,Annual,2023,12622.85,Normal value,False
Employed population by age groups,DEU,Germany,Employment,Persons,Calendar and seasonally adjusted,Female,From 25 to 54 years,Annual,2024,12623.7,Normal value,False
Employed population by age groups,DEU,Germany,Employment,Persons,Calendar and seasonally adjusted,Female,From 25 to 54 years,Annual,2025,12632.65,Normal value,False
Employed population by age groups,GRC,Greece,Employment,Persons,Calendar and seasonally adjusted,Female,From 25 to 54 years,Annual,2016,1249.5,Normal value,False
Employed population by age groups,GRC,Greece,Employment,Persons,Calendar and seasonally adjusted,Female,From 25 to 54 years,Annual,2017,1262.75,Normal value,False
Employed population by age groups,GRC,Greece,Employment,Persons,Calendar and seasonally adjusted,Female,From 25 to 54 years,Annual,2018,1261.5,Normal value,False
Employed population by age groups,GRC,Greece,Employment,Persons,Calendar and seasonally adjusted,Female,From 25 to 54 years,Annual,2019,1297.25,Normal value,False
Employed population by age groups,GRC,Greece,Employment,Persons,Calendar and seasonally adjusted,Female,From 25 to 54 years,Annual,2020,1224.5,Normal value,False
Employed population by age groups,GRC,Greece,Employment,Persons,Calendar and seasonally adjusted,Female,From 25 to 54 years,Annual,2021,1286.65,Normal value,False
Employed population by age groups,GRC,Greece,Employment,Persons,Calendar and seasonally adjusted,Female,From 25 to 54 years,Annual,2022,1338.275,Normal value,False
Employed population by age groups,GRC,Greece,Employment,Persons,Calendar and seasonally adjusted,Female,From 25 to 54 years,Annual,2023,1337.275,Normal value,False
Employed population by age groups,GRC,Greece,Employment,Persons,Calendar and seasonally adjusted,Female,From 25 to 54 years,Annual,2024,1346.375,Normal value,False
Employed population by age groups,GRC,Greece,Employment,Persons,Calendar and seasonally adjusted,Female,From 25 to 54 years,Annual,2025,1366.5,Normal value,False
Employed population by age groups,HUN,Hungary,Employment,Persons,Calendar and seasonally adjusted,Female,From 25 to 54 years,Annual,2016,1539.65,Normal value,False
Employed population by age groups,HUN,Hungary,Employment,Persons,Calendar and seasonally adjusted,Female,From 25 to 54 years,Annual,2018,1558.15,Normal value,False
Employed population by age groups,HUN,Hungary,Employment,Persons,Calendar and seasonally adjusted,Female,From 25 to 54 years,Annual,2019,1566.325,Normal value,False
Employed population by age groups,HUN,Hungary,Employment,Persons,Calendar and seasonally adjusted,Female,From 25 to 54 years,Annual,2021,1667.85,Normal value,False
Employed population by age groups,HUN,Hungary,Employment,Persons,Calendar and seasonally adjusted,Female,From 25 to 54 years,Annual,2022,1686.475,Normal value,False
Employed population by age groups,HUN,Hungary,Employment,Persons,Calendar and seasonally adjusted,Female,From 25 to 54 years,Annual,2023,1668.075,Normal value,False
Employed population by age groups,HUN,Hungary,Employment,Persons,Calendar and seasonally adjusted,Female,From 25 to 54 years,Annual,2024,1662.925,Normal value,False
Employed population by age groups,HUN,Hungary,Employment,Persons,Calendar and seasonally adjusted,Female,From 25 to 54 years,Annual,2025,1635.5,Normal value,False
Employed population by age groups,ISL,Iceland,Employment,Persons,Calendar and seasonally adjusted,Female,From 25 to 54 years,Annual,2016,55.0,Normal value,False
Employed population by age groups,ISL,Iceland,Employment,Persons,Calendar and seasonally adjusted,Female,From 25 to 54 years,Annual,2017,56.25,Normal value,False
Employed population by age groups,ISL,Iceland,Employment,Persons,Calendar and seasonally adjusted,Female,From 25 to 54 years,Annual,2018,58.0,Normal value,False
Employed population by age groups,ISL,Iceland,Employment,Persons,Calendar and seasonally adjusted,Female,From 25 to 54 years,Annual,2019,59.25,Normal value,False
Employed population by age groups,ISL,Iceland,Employment,Persons,Calendar and seasonally adjusted,Female,From 25 to 54 years,Annual,2021,56.5,Normal value,False
Employed population by age groups,ISL,Iceland,Employment,Persons,Calendar and seasonally adjusted,Female,From 25 to 54 years,Annual,2022,61.175,Normal value,False
Employed population by age groups,ISL,Iceland,Employment,Persons,Calendar and seasonally adjusted,Female,From 25 to 54 years,Annual,2023,64.0,Normal value,False
Employed population by age groups,ISL,Iceland,Employment,Persons,Calendar and seasonally adjusted,Female,From 25 to 54 years,Annual,2024,67.55,Normal value,False
Employed population by age groups,IRL,Ireland,Employment,Persons,Calendar and seasonally adjusted,Female,From 25 to 54 years,Annual,2016,716.0,Normal value,False
Employed population by age groups,IRL,Ireland,Employment,Persons,Calendar and seasonally adjusted,Female,From 25 to 54 years,Annual,2017,741.25,Normal value,False
Employed population by age groups,IRL,Ireland,Employment,Persons,Calendar and seasonally adjusted,Female,From 25 to 54 years,Annual,2018,754.5,Normal value,False
Employed population by age groups,IRL,Ireland,Employment,Persons,Calendar and seasonally adjusted,Female,From 25 to 54 years,Annual,2019,767.75,Normal value,False
Employed population by age groups,IRL,Ireland,Employment,Persons,Calendar and seasonally adjusted,Female,From 25 to 54 years,Annual,2020,741.0,Normal value,False
Employed population by age groups,IRL,Ireland,Employment,Persons,Calendar and seasonally adjusted,Female,From 25 to 54 years,Annual,2021,802.35,Normal value,False
Employed population by age groups,IRL,Ireland,Employment,Persons,Calendar and seasonally adjusted,Female,From 25 to 54 years,Annual,2022,851.1,Normal value,False
Employed population by age groups,IRL,Ireland,Employment,Persons,Calendar and seasonally adjusted,Female,From 25 to 54 years,Annual,2023,886.7,Normal value,False
Employed population by age groups,IRL,Ireland,Employment,Persons,Calendar and seasonally adjusted,Female,From 25 to 54 years,Annual,2024,914.525,Normal value,False
Employed population by age groups,IRL,Ireland,Employment,Persons,Calendar and seasonally adjusted,Female,From 25 to 54 years,Annual,2025,930.275,Normal value,False
Employed population by age groups,ISR,Israel,Employment,Persons,Calendar and seasonally adjusted,Female,From 25 to 54 years,Annual,2016,1179.7,Normal value,False
Employed population by age groups,ISR,Israel,Employment,Persons,Calendar and seasonally adjusted,Female,From 25 to 54 years,Annual,2017,1203.817,Normal value,False
Employed population by age groups,ISR,Israel,Employment,Persons,Calendar and seasonally adjusted,Female,From 25 to 54 years,Annual,2018,1243.725,Normal value,False
Employed population by age groups,ISR,Israel,Employment,Persons,Calendar and seasonally adjusted,Female,From 25 to 54 years,Annual,2019,1261.525,Normal value,False
Employed population by age groups,ISR,Israel,Employment,Persons,Calendar and seasonally adjusted,Female,From 25 to 54 years,Annual,2020,1260.567,Normal value,False
Employed population by age groups,ISR,Israel,Employment,Persons,Calendar and seasonally adjusted,Female,From 25 to 54 years,Annual,2021,1276.05,Normal value,False
Employed population by age groups,ISR,Israel,Employment,Persons,Calendar and seasonally adjusted,Female,From 25 to 54 years,Annual,2022,1346.75,Normal value,False
Employed population by age groups,ISR,Israel,Employment,Persons,Calendar and seasonally adjusted,Female,From 25 to 54 years,Annual,2023,1386.242,Normal value,False
Employed population by age groups,ISR,Israel,Employment,Persons,Calendar and seasonally adjusted,Female,From 25 to 54 years,Annual,2025,1388.575,Normal value,False
Employed population by age groups,ITA,Italy,Employment,Persons,Calendar and seasonally adjusted,Female,From 25 to 54 years,Annual,2016,7328.75,Normal value,False
Employed population by age groups,ITA,Italy,Employment,Persons,Calendar and seasonally adjusted,Female,From 25 to 54 years,Annual,2017,7316.5,Normal value,False
Employed population by age groups,ITA,Italy,Employment,Persons,Calendar and seasonally adjusted,Female,From 25 to 54 years,Annual,2018,7278.25,Normal value,False
Employed population by age groups,ITA,Italy,Employment,Persons,Calendar and seasonally adjusted,Female,From 25 to 54 years,Annual,2019,7254.5,Normal value,False
Employed population by age groups,ITA,Italy,Employment,Persons,Calendar and seasonally adjusted,Female,From 25 to 54 years,Annual,2020,6925.0,Normal value,False
Employed population by age groups,ITA,Italy,Employment,Persons,Calendar and seasonally adjusted,Female,From 25 to 54 years,Annual,2021,6968.225,Normal value,False
Employed population by age groups,ITA,Italy,Employment,Persons,Calendar and seasonally adjusted,Female,From 25 to 54 years,Annual,2022,7050.275,Normal value,False
Employed population by age groups,ITA,Italy,Employment,Persons,Calendar and seasonally adjusted,Female,From 25 to 54 years,Annual,2023,7128.825,Normal value,False
Employed population by age groups,ITA,Italy,Employment,Persons,Calendar and seasonally adjusted,Female,From 25 to 54 years,Annual,2024,7228.225,Normal value,False
Employed population by age groups,ITA,Italy,Employment,Persons,Calendar and seasonally adjusted,Female,From 25 to 54 years,Annual,2025,7159.3,Normal value,False
Employed population by age groups,JPN,Japan,Employment,Persons,Calendar and seasonally adjusted,Female,From 25 to 54 years,Annual,2016,17791.67,Normal value,False
Employed population by age groups,JPN,Japan,Employment,Persons,Calendar and seasonally adjusted,Female,From 25 to 54 years,Annual,2017,18039.17,Normal value,False
Employed population by age groups,JPN,Japan,Employment,Persons,Calendar and seasonally adjusted,Female,From 25 to 54 years,Annual,2018,18334.17,Normal value,False
Employed population by age groups,JPN,Japan,Employment,Persons,Calendar and seasonally adjusted,Female,From 25 to 54 years,Annual,2019,18512.5,Normal value,False
Employed population by age groups,JPN,Japan,Employment,Persons,Calendar and seasonally adjusted,Female,From 25 to 54 years,Annual,2020,18297.5,Normal value,False
Employed population by age groups,JPN,Japan,Employment,Persons,Calendar and seasonally adjusted,Female,From 25 to 54 years,Annual,2021,18380.0,Normal value,False
Employed population by age groups,JPN,Japan,Employment,Persons,Calendar and seasonally adjusted,Female,From 25 to 54 years,Annual,2022,18438.33,Normal value,False
Employed population by age groups,JPN,Japan,Employment,Persons,Calendar and seasonally adjusted,Female,From 25 to 54 years,Annual,2023,18410.0,Normal value,False
Employed population by age groups,JPN,Japan,Employment,Persons,Calendar and seasonally adjusted,Female,From 25 to 54 years,Annual,2024,18400.83,Normal value,False
Employed population by age groups,JPN,Japan,Employment,Persons,Calendar and seasonally adjusted,Female,From 25 to 54 years,Annual,2025,18515.83,Normal value,False
Employed population by age groups,KOR,Korea,Employment,Persons,Calendar and seasonally adjusted,Female,From 25 to 54 years,Annual,2016,7378.317,Normal value,False
Employed population by age groups,KOR,Korea,Employment,Persons,Calendar and seasonally adjusted,Female,From 25 to 54 years,Annual,2017,7398.008,Normal value,False
Employed population by age groups,KOR,Korea,Employment,Persons,Calendar and seasonally adjusted,Female,From 25 to 54 years,Annual,2018,7412.375,Normal value,False
Employed population by age groups,KOR,Korea,Employment,Persons,Calendar and seasonally adjusted,Female,From 25 to 54 years,Annual,2019,7449.075,Normal value,False
Employed population by age groups,KOR,Korea,Employment,Persons,Calendar and seasonally adjusted,Female,From 25 to 54 years,Annual,2020,7239.658,Normal value,False
Employed population by age groups,KOR,Korea,Employment,Persons,Calendar and seasonally adjusted,Female,From 25 to 54 years,Annual,2021,7288.417,Normal value,False
Employed population by age groups,KOR,Korea,Employment,Persons,Calendar and seasonally adjusted,Female,From 25 to 54 years,Annual,2022,7461.25,Normal value,False
Employed population by age groups,KOR,Korea,Employment,Persons,Calendar and seasonally adjusted,Female,From 25 to 54 years,Annual,2023,7564.233,Normal value,False
Employed population by age groups,KOR,Korea,Employment,Persons,Calendar and seasonally adjusted,Female,From 25 to 54 years,Annual,2024,7597.975,Normal value,False
Employed population by age groups,KOR,Korea,Employment,Persons,Calendar and seasonally adjusted,Female,From 25 to 54 years,Annual,2025,7617.217,Normal value,False
Employed population by age groups,LVA,Latvia,Employment,Persons,Calendar and seasonally adjusted,Female,From 25 to 54 years,Annual,2016,315.5,Normal value,False
Employed population by age groups,LVA,Latvia,Employment,Persons,Calendar and seasonally adjusted,Female,From 25 to 54 years,Annual,2017,314.0,Normal value,False
Employed population by age groups,LVA,Latvia,Employment,Persons,Calendar and seasonally adjusted,Female,From 25 to 54 years,Annual,2018,315.5,Normal value,False
Employed population by age groups,LVA,Latvia,Employment,Persons,Calendar and seasonally adjusted,Female,From 25 to 54 years,Annual,2019,311.5,Normal value,False
Employed population by age groups,LVA,Latvia,Employment,Persons,Calendar and seasonally adjusted,Female,From 25 to 54 years,Annual,2020,304.25,Normal value,False
Employed population by age groups,LVA,Latvia,Employment,Persons,Calendar and seasonally adjusted,Female,From 25 to 54 years,Annual,2021,289.175,Normal value,False
Employed population by age groups,LVA,Latvia,Employment,Persons,Calendar and seasonally adjusted,Female,From 25 to 54 years,Annual,2022,294.975,Normal value,False
Employed population by age groups,LVA,Latvia,Employment,Persons,Calendar and seasonally adjusted,Female,From 25 to 54 years,Annual,2023,289.5,Normal value,False
Employed population by age groups,LVA,Latvia,Employment,Persons,Calendar and seasonally adjusted,Female,From 25 to 54 years,Annual,2024,284.75,Normal value,False
Employed population by age groups,LVA,Latvia,Employment,Persons,Calendar and seasonally adjusted,Female,From 25 to 54 years,Annual,2025,285.85,Normal value,False
Employed population by age groups,LTU,Lithuania,Employment,Persons,Calendar and seasonally adjusted,Female,From 25 to 54 years,Annual,2016,490.25,Normal value,False
Employed population by age groups,LTU,Lithuania,Employment,Persons,Calendar and seasonally adjusted,Female,From 25 to 54 years,Annual,2017,480.0,Normal value,False
Employed population by age groups,LTU,Lithuania,Employment,Persons,Calendar and seasonally adjusted,Female,From 25 to 54 years,Annual,2018,473.75,Normal value,False
Employed population by age groups,LTU,Lithuania,Employment,Persons,Calendar and seasonally adjusted,Female,From 25 to 54 years,Annual,2019,469.25,Normal value,False
Employed population by age groups,LTU,Lithuania,Employment,Persons,Calendar and seasonally adjusted,Female,From 25 to 54 years,Annual,2020,456.5,Normal value,False
Employed population by age groups,LTU,Lithuania,Employment,Persons,Calendar and seasonally adjusted,Female,From 25 to 54 years,Annual,2021,454.9,Normal value,False
Employed population by age groups,LTU,Lithuania,Employment,Persons,Calendar and seasonally adjusted,Female,From 25 to 54 years,Annual,2022,482.975,Normal value,False
Employed population by age groups,LTU,Lithuania,Employment,Persons,Calendar and seasonally adjusted,Female,From 25 to 54 years,Annual,2023,477.5,Normal value,False
Employed population by age groups,LTU,Lithuania,Employment,Persons,Calendar and seasonally adjusted,Female,From 25 to 54 years,Annual,2024,480.25,Normal value,False
Employed population by age groups,LTU,Lithuania,Employment,Persons,Calendar and seasonally adjusted,Female,From 25 to 54 years,Annual,2025,480.45,Normal value,False
Employed population by age groups,LUX,Luxembourg,Employment,Persons,Calendar and seasonally adjusted,Female,From 25 to 54 years,Annual,2016,98.525,Normal value,False
Employed population by age groups,LUX,Luxembourg,Employment,Persons,Calendar and seasonally adjusted,Female,From 25 to 54 years,Annual,2017,105.375,Normal value,False
Employed population by age groups,LUX,Luxembourg,Employment,Persons,Calendar and seasonally adjusted,Female,From 25 to 54 years,Annual,2018,107.15,Normal value,False
Employed population by age groups,LUX,Luxembourg,Employment,Persons,Calendar and seasonally adjusted,Female,From 25 to 54 years,Annual,2019,109.525,Normal value,False
Employed population by age groups,LUX,Luxembourg,Employment,Persons,Calendar and seasonally adjusted,Female,From 25 to 54 years,Annual,2021,115.375,Normal value,False
Employed population by age groups,LUX,Luxembourg,Employment,Persons,Calendar and seasonally adjusted,Female,From 25 to 54 years,Annual,2022,120.225,Normal value,False
Employed population by age groups,LUX,Luxembourg,Employment,Persons,Calendar and seasonally adjusted,Female,From 25 to 54 years,Annual,2023,122.375,Normal value,False
Employed population by age groups,LUX,Luxembourg,Employment,Persons,Calendar and seasonally adjusted,Female,From 25 to 54 years,Annual,2024,122.975,Normal value,False
Employed population by age groups,LUX,Luxembourg,Employment,Persons,Calendar and seasonally adjusted,Female,From 25 to 54 years,Annual,2025,124.95,Normal value,False
Employed population by age groups,MEX,Mexico,Employment,Persons,Calendar and seasonally adjusted,Female,From 25 to 54 years,Annual,2016,13872.97,Normal value,False
Employed population by age groups,MEX,Mexico,Employment,Persons,Calendar and seasonally adjusted,Female,From 25 to 54 years,Annual,2017,13902.62,Normal value,False
Employed population by age groups,MEX,Mexico,Employment,Persons,Calendar and seasonally adjusted,Female,From 25 to 54 years,Annual,2018,14360.83,Normal value,False
Employed population by age groups,MEX,Mexico,Employment,Persons,Calendar and seasonally adjusted,Female,From 25 to 54 years,Annual,2019,14814.83,Normal value,False
Employed population by age groups,MEX,Mexico,Employment,Persons,Calendar and seasonally adjusted,Female,From 25 to 54 years,Annual,2021,15154.17,Normal value,False
Employed population by age groups,MEX,Mexico,Employment,Persons,Calendar and seasonally adjusted,Female,From 25 to 54 years,Annual,2022,15969.02,Normal value,False
Employed population by age groups,MEX,Mexico,Employment,Persons,Calendar and seasonally adjusted,Female,From 25 to 54 years,Annual,2023,16533.23,Normal value,False
Employed population by age groups,MEX,Mexico,Employment,Persons,Calendar and seasonally adjusted,Female,From 25 to 54 years,Annual,2024,16775.99,Normal value,False
Employed population by age groups,MEX,Mexico,Employment,Persons,Calendar and seasonally adjusted,Female,From 25 to 54 years,Annual,2025,16892.07,Normal value,False
Employed population by age groups,NLD,Netherlands,Employment,Persons,Calendar and seasonally adjusted,Female,From 25 to 54 years,Annual,2016,2615.75,Normal value,False
Employed population by age groups,NLD,Netherlands,Employment,Persons,Calendar and seasonally adjusted,Female,From 25 to 54 years,Annual,2017,2643.25,Normal value,False
Employed population by age groups,NLD,Netherlands,Employment,Persons,Calendar and seasonally adjusted,Female,From 25 to 54 years,Annual,2018,2680.5,Normal value,False
Employed population by age groups,NLD,Netherlands,Employment,Persons,Calendar and seasonally adjusted,Female,From 25 to 54 years,Annual,2019,2715.5,Normal value,False
Employed population by age groups,NLD,Netherlands,Employment,Persons,Calendar and seasonally adjusted,Female,From 25 to 54 years,Annual,2020,2713.5,Normal value,False
Employed population by age groups,NLD,Netherlands,Employment,Persons,Calendar and seasonally adjusted,Female,From 25 to 54 years,Annual,2021,2739.375,Normal value,False
Employed population by age groups,NLD,Netherlands,Employment,Persons,Calendar and seasonally adjusted,Female,From 25 to 54 years,Annual,2022,2795.85,Normal value,False
Employed population by age groups,NLD,Netherlands,Employment,Persons,Calendar and seasonally adjusted,Female,From 25 to 54 years,Annual,2023,2829.725,Normal value,False
Employed population by age groups,NLD,Netherlands,Employment,Persons,Calendar and seasonally adjusted,Female,From 25 to 54 years,Annual,2024,2831.05,Normal value,False
Employed population by age groups,NLD,Netherlands,Employment,Persons,Calendar and seasonally adjusted,Female,From 25 to 54 years,Annual,2025,2819.625,Normal value,False
Employed population by age groups,NZL,New Zealand,Employment,Persons,Calendar and seasonally adjusted,Female,From 25 to 54 years,Annual,2016,738.475,Normal value,False
Employed population by age groups,NZL,New Zealand,Employment,Persons,Calendar and seasonally adjusted,Female,From 25 to 54 years,Annual,2017,766.05,Normal value,False
Employed population by age groups,NZL,New Zealand,Employment,Persons,Calendar and seasonally adjusted,Female,From 25 to 54 years,Annual,2018,784.65,Normal value,False
Employed population by age groups,NZL,New Zealand,Employment,Persons,Calendar and seasonally adjusted,Female,From 25 to 54 years,Annual,2019,799.9,Normal value,False
Employed population by age groups,NZL,New Zealand,Employment,Persons,Calendar and seasonally adjusted,Female,From 25 to 54 years,Annual,2020,801.675,Normal value,False
Employed population by age groups,NZL,New Zealand,Employment,Persons,Calendar and seasonally adjusted,Female,From 25 to 54 years,Annual,2021,820.875,Normal value,False
Employed population by age groups,NZL,New Zealand,Employment,Persons,Calendar and seasonally adjusted,Female,From 25 to 54 years,Annual,2022,829.4,Normal value,False
Employed population by age groups,NZL,New Zealand,Employment,Persons,Calendar and seasonally adjusted,Female,From 25 to 54 years,Annual,2023,857.475,Normal value,False
Employed population by age groups,NOR,Norway,Employment,Persons,Calendar and seasonally adjusted,Female,From 25 to 54 years,Annual,2016,856.0,Normal value,False
Employed population by age groups,NOR,Norway,Employment,Persons,Calendar and seasonally adjusted,Female,From 25 to 54 years,Annual,2017,863.0,Normal value,False
Employed population by age groups,NOR,Norway,Employment,Persons,Calendar and seasonally adjusted,Female,From 25 to 54 years,Annual,2018,870.5,Normal value,False
Employed population by age groups,NOR,Norway,Employment,Persons,Calendar and seasonally adjusted,Female,From 25 to 54 years,Annual,2019,877.0,Normal value,False
Employed population by age groups,NOR,Norway,Employment,Persons,Calendar and seasonally adjusted,Female,From 25 to 54 years,Annual,2020,873.5,Normal value,False
Employed population by age groups,NOR,Norway,Employment,Persons,Calendar and seasonally adjusted,Female,From 25 to 54 years,Annual,2021,867.775,Normal value,False
Employed population by age groups,NOR,Norway,Employment,Persons,Calendar and seasonally adjusted,Female,From 25 to 54 years,Annual,2022,883.325,Normal value,False
Employed population by age groups,NOR,Norway,Employment,Persons,Calendar and seasonally adjusted,Female,From 25 to 54 years,Annual,2023,890.825,Normal value,False
Employed population by age groups,NOR,Norway,Employment,Persons,Calendar and seasonally adjusted,Female,From 25 to 54 years,Annual,2024,894.875,Normal value,False
Employed population by age groups,NOR,Norway,Employment,Persons,Calendar and seasonally adjusted,Female,From 25 to 54 years,Annual,2025,893.7,Normal value,False
Employed population by age groups,POL,Poland,Employment,Persons,Calendar and seasonally adjusted,Female,From 25 to 54 years,Annual,2016,5595.25,Normal value,False
Employed population by age groups,POL,Poland,Employment,Persons,Calendar and seasonally adjusted,Female,From 25 to 54 years,Annual,2017,5652.5,Normal value,False
Employed population by age groups,POL,Poland,Employment,Persons,Calendar and seasonally adjusted,Female,From 25 to 54 years,Annual,2018,5723.0,Normal value,False
Employed population by age groups,POL,Poland,Employment,Persons,Calendar and seasonally adjusted,Female,From 25 to 54 years,Annual,2019,5877.5,Normal value,False
Employed population by age groups,POL,Poland,Employment,Persons,Calendar and seasonally adjusted,Female,From 25 to 54 years,Annual,2020,5884.0,Normal value,False
Employed population by age groups,POL,Poland,Employment,Persons,Calendar and seasonally adjusted,Female,From 25 to 54 years,Annual,2021,6117.175,Normal value,False
Employed population by age groups,POL,Poland,Employment,Persons,Calendar and seasonally adjusted,Female,From 25 to 54 years,Annual,2022,6208.425,Normal value,False
Employed population by age groups,POL,Poland,Employment,Persons,Calendar and seasonally adjusted,Female,From 25 to 54 years,Annual,2023,6253.675,Normal value,False
Employed population by age groups,POL,Poland,Employment,Persons,Calendar and seasonally adjusted,Female,From 25 to 54 years,Annual,2024,6205.725,Normal value,False
Employed population by age groups,POL,Poland,Employment,Persons,Calendar and seasonally adjusted,Female,From 25 to 54 years,Annual,2025,6229.4,Normal value,False
Employed population by age groups,PRT,Portugal,Employment,Persons,Calendar and seasonally adjusted,Female,From 25 to 54 years,Annual,2016,1693.0,Normal value,False
Employed population by age groups,PRT,Portugal,Employment,Persons,Calendar and seasonally adjusted,Female,From 25 to 54 years,Annual,2017,1721.25,Normal value,False
Employed population by age groups,PRT,Portugal,Employment,Persons,Calendar and seasonally adjusted,Female,From 25 to 54 years,Annual,2018,1742.25,Normal value,False
Employed population by age groups,PRT,Portugal,Employment,Persons,Calendar and seasonally adjusted,Female,From 25 to 54 years,Annual,2019,1748.0,Normal value,False
Employed population by age groups,PRT,Portugal,Employment,Persons,Calendar and seasonally adjusted,Female,From 25 to 54 years,Annual,2020,1712.0,Normal value,False
Employed population by age groups,PRT,Portugal,Employment,Persons,Calendar and seasonally adjusted,Female,From 25 to 54 years,Annual,2021,1730.4,Normal value,False
Employed population by age groups,PRT,Portugal,Employment,Persons,Calendar and seasonally adjusted,Female,From 25 to 54 years,Annual,2022,1747.275,Normal value,False
Employed population by age groups,PRT,Portugal,Employment,Persons,Calendar and seasonally adjusted,Female,From 25 to 54 years,Annual,2023,1755.675,Normal value,False
Employed population by age groups,PRT,Portugal,Employment,Persons,Calendar and seasonally adjusted,Female,From 25 to 54 years,Annual,2024,1772.75,Normal value,False
Employed population by age groups,PRT,Portugal,Employment,Persons,Calendar and seasonally adjusted,Female,From 25 to 54 years,Annual,2025,1823.325,Normal value,False
Employed population by age groups,SVK,Slovak Republic,Employment,Persons,Calendar and seasonally adjusted,Female,From 25 to 54 years,Annual,2016,942.75,Normal value,False
Employed population by age groups,SVK,Slovak Republic,Employment,Persons,Calendar and seasonally adjusted,Female,From 25 to 54 years,Annual,2017,941.0,Normal value,False
Employed population by age groups,SVK,Slovak Republic,Employment,Persons,Calendar and seasonally adjusted,Female,From 25 to 54 years,Annual,2018,951.5,Normal value,False
Employed population by age groups,SVK,Slovak Republic,Employment,Persons,Calendar and seasonally adjusted,Female,From 25 to 54 years,Annual,2019,961.5,Normal value,False
Employed population by age groups,SVK,Slovak Republic,Employment,Persons,Calendar and seasonally adjusted,Female,From 25 to 54 years,Annual,2020,938.75,Normal value,False
Employed population by age groups,SVK,Slovak Republic,Employment,Persons,Calendar and seasonally adjusted,Female,From 25 to 54 years,Annual,2021,930.75,Normal value,False
Employed population by age groups,SVK,Slovak Republic,Employment,Persons,Calendar and seasonally adjusted,Female,From 25 to 54 years,Annual,2022,938.175,Normal value,False
Employed population by age groups,SVK,Slovak Republic,Employment,Persons,Calendar and seasonally adjusted,Female,From 25 to 54 years,Annual,2023,934.375,Normal value,False
Employed population by age groups,SVK,Slovak Republic,Employment,Persons,Calendar and seasonally adjusted,Female,From 25 to 54 years,Annual,2024,930.95,Normal value,False
Employed population by age groups,SVK,Slovak Republic,Employment,Persons,Calendar and seasonally adjusted,Female,From 25 to 54 years,Annual,2025,927.55,Normal value,False
Employed population by age groups,SVN,Slovenia,Employment,Persons,Calendar and seasonally adjusted,Female,From 25 to 54 years,Annual,2016,342.0,Normal value,False
Employed population by age groups,SVN,Slovenia,Employment,Persons,Calendar and seasonally adjusted,Female,From 25 to 54 years,Annual,2017,351.25,Normal value,False
Employed population by age groups,SVN,Slovenia,Employment,Persons,Calendar and seasonally adjusted,Female,From 25 to 54 years,Annual,2018,349.75,Normal value,False
Employed population by age groups,SVN,Slovenia,Employment,Persons,Calendar and seasonally adjusted,Female,From 25 to 54 years,Annual,2019,351.5,Normal value,False
Employed population by age groups,SVN,Slovenia,Employment,Persons,Calendar and seasonally adjusted,Female,From 25 to 54 years,Annual,2020,345.75,Normal value,False
Employed population by age groups,SVN,Slovenia,Employment,Persons,Calendar and seasonally adjusted,Female,From 25 to 54 years,Annual,2021,339.25,Normal value,False
Employed population by age groups,SVN,Slovenia,Employment,Persons,Calendar and seasonally adjusted,Female,From 25 to 54 years,Annual,2022,338.85,Normal value,False
Employed population by age groups,SVN,Slovenia,Employment,Persons,Calendar and seasonally adjusted,Female,From 25 to 54 years,Annual,2023,337.75,Normal value,False
Employed population by age groups,SVN,Slovenia,Employment,Persons,Calendar and seasonally adjusted,Female,From 25 to 54 years,Annual,2024,338.775,Normal value,False
Employed population by age groups,SVN,Slovenia,Employment,Persons,Calendar and seasonally adjusted,Female,From 25 to 54 years,Annual,2025,338.125,Normal value,False
Employed population by age groups,ESP,Spain,Employment,Persons,Calendar and seasonally adjusted,Female,From 25 to 54 years,Annual,2016,6654.75,Normal value,False
Employed population by age groups,ESP,Spain,Employment,Persons,Calendar and seasonally adjusted,Female,From 25 to 54 years,Annual,2017,6756.75,Normal value,False
Employed population by age groups,ESP,Spain,Employment,Persons,Calendar and seasonally adjusted,Female,From 25 to 54 years,Annual,2018,6886.25,Normal value,False
Employed population by age groups,ESP,Spain,Employment,Persons,Calendar and seasonally adjusted,Female,From 25 to 54 years,Annual,2019,7010.75,Normal value,False
Employed population by age groups,ESP,Spain,Employment,Persons,Calendar and seasonally adjusted,Female,From 25 to 54 years,Annual,2020,6726.5,Normal value,False
Employed population by age groups,ESP,Spain,Employment,Persons,Calendar and seasonally adjusted,Female,From 25 to 54 years,Annual,2021,6905.225,Normal value,False
Employed population by age groups,ESP,Spain,Employment,Persons,Calendar and seasonally adjusted,Female,From 25 to 54 years,Annual,2022,7060.05,Normal value,False
Employed population by age groups,ESP,Spain,Employment,Persons,Calendar and seasonally adjusted,Female,From 25 to 54 years,Annual,2023,7269.0,Normal value,False
Employed population by age groups,ESP,Spain,Employment,Persons,Calendar and seasonally adjusted,Female,From 25 to 54 years,Annual,2024,7390.775,Normal value,False
Employed population by age groups,ESP,Spain,Employment,Persons,Calendar and seasonally adjusted,Female,From 25 to 54 years,Annual,2025,7508.475,Normal value,False
Employed population by age groups,SWE,Sweden,Employment,Persons,Calendar and seasonally adjusted,Female,From 25 to 54 years,Annual,2016,1585.5,Normal value,False
Employed population by age groups,SWE,Sweden,Employment,Persons,Calendar and seasonally adjusted,Female,From 25 to 54 years,Annual,2017,1620.0,Normal value,False
Employed population by age groups,SWE,Sweden,Employment,Persons,Calendar and seasonally adjusted,Female,From 25 to 54 years,Annual,2018,1643.5,Normal value,False
Employed population by age groups,SWE,Sweden,Employment,Persons,Calendar and seasonally adjusted,Female,From 25 to 54 years,Annual,2019,1647.25,Normal value,False
Employed population by age groups,SWE,Sweden,Employment,Persons,Calendar and seasonally adjusted,Female,From 25 to 54 years,Annual,2020,1619.75,Normal value,False
Employed population by age groups,SWE,Sweden,Employment,Persons,Calendar and seasonally adjusted,Female,From 25 to 54 years,Annual,2021,1618.825,Normal value,False
Employed population by age groups,SWE,Sweden,Employment,Persons,Calendar and seasonally adjusted,Female,From 25 to 54 years,Annual,2022,1663.725,Normal value,False
Employed population by age groups,SWE,Sweden,Employment,Persons,Calendar and seasonally adjusted,Female,From 25 to 54 years,Annual,2023,1688.35,Normal value,False
Employed population by age groups,SWE,Sweden,Employment,Persons,Calendar and seasonally adjusted,Female,From 25 to 54 years,Annual,2024,1677.25,Normal value,False
Employed population by age groups,SWE,Sweden,Employment,Persons,Calendar and seasonally adjusted,Female,From 25 to 54 years,Annual,2025,1665.975,Normal value,False
Employed population by age groups,CHE,Switzerland,Employment,Persons,Calendar and seasonally adjusted,Female,From 25 to 54 years,Annual,2016,1450.0,Normal value,False
Employed population by age groups,CHE,Switzerland,Employment,Persons,Calendar and seasonally adjusted,Female,From 25 to 54 years,Annual,2017,1453.75,Normal value,False
Employed population by age groups,CHE,Switzerland,Employment,Persons,Calendar and seasonally adjusted,Female,From 25 to 54 years,Annual,2018,1466.25,Normal value,False
Employed population by age groups,CHE,Switzerland,Employment,Persons,Calendar and seasonally adjusted,Female,From 25 to 54 years,Annual,2019,1486.75,Normal value,False
Employed population by age groups,CHE,Switzerland,Employment,Persons,Calendar and seasonally adjusted,Female,From 25 to 54 years,Annual,2020,1478.0,Normal value,False
Employed population by age groups,CHE,Switzerland,Employment,Persons,Calendar and seasonally adjusted,Female,From 25 to 54 years,Annual,2021,1477.9,Normal value,False
Employed population by age groups,CHE,Switzerland,Employment,Persons,Calendar and seasonally adjusted,Female,From 25 to 54 years,Annual,2022,1484.85,Normal value,False
Employed population by age groups,CHE,Switzerland,Employment,Persons,Calendar and seasonally adjusted,Female,From 25 to 54 years,Annual,2023,1505.65,Normal value,False
Employed population by age groups,CHE,Switzerland,Employment,Persons,Calendar and seasonally adjusted,Female,From 25 to 54 years,Annual,2024,1517.75,Normal value,False
Employed population by age groups,CHE,Switzerland,Employment,Persons,Calendar and seasonally adjusted,Female,From 25 to 54 years,Annual,2025,1516.175,Normal value,False
Employed population by age groups,TUR,Türkiye,Employment,Persons,Calendar and seasonally adjusted,Female,From 25 to 54 years,Annual,2016,6119.475,Normal value,False
Employed population by age groups,TUR,Türkiye,Employment,Persons,Calendar and seasonally adjusted,Female,From 25 to 54 years,Annual,2017,6496.025,Normal value,False
Employed population by age groups,TUR,Türkiye,Employment,Persons,Calendar and seasonally adjusted,Female,From 25 to 54 years,Annual,2018,6697.1,Normal value,False
Employed population by age groups,TUR,Türkiye,Employment,Persons,Calendar and seasonally adjusted,Female,From 25 to 54 years,Annual,2019,6655.7,Normal value,False
Employed population by age groups,TUR,Türkiye,Employment,Persons,Calendar and seasonally adjusted,Female,From 25 to 54 years,Annual,2021,6779.5,Normal value,False
Employed population by age groups,TUR,Türkiye,Employment,Persons,Calendar and seasonally adjusted,Female,From 25 to 54 years,Annual,2022,7481.0,Normal value,False
Employed population by age groups,TUR,Türkiye,Employment,Persons,Calendar and seasonally adjusted,Female,From 25 to 54 years,Annual,2023,7714.25,Normal value,False
Employed population by age groups,TUR,Türkiye,Employment,Persons,Calendar and seasonally adjusted,Female,From 25 to 54 years,Annual,2024,8024.0,Normal value,False
Employed population by age groups,TUR,Türkiye,Employment,Persons,Calendar and seasonally adjusted,Female,From 25 to 54 years,Annual,2025,7998.5,Normal value,False
Employed population by age groups,GBR,United Kingdom,Employment,Persons,Calendar and seasonally adjusted,Female,From 25 to 54 years,Annual,2016,10230.25,Normal value,False
Employed population by age groups,GBR,United Kingdom,Employment,Persons,Calendar and seasonally adjusted,Female,From 25 to 54 years,Annual,2017,10383.25,Normal value,False
Employed population by age groups,GBR,United Kingdom,Employment,Persons,Calendar and seasonally adjusted,Female,From 25 to 54 years,Annual,2018,10471.75,Normal value,False
Employed population by age groups,GBR,United Kingdom,Employment,Persons,Calendar and seasonally adjusted,Female,From 25 to 54 years,Annual,2019,10773.25,Normal value,False
Employed population by age groups,GBR,United Kingdom,Employment,Persons,Calendar and seasonally adjusted,Female,From 25 to 54 years,Annual,2020,10786.25,Normal value,False
Employed population by age groups,GBR,United Kingdom,Employment,Persons,Calendar and seasonally adjusted,Female,From 25 to 54 years,Annual,2021,10817.25,Normal value,False
Employed population by age groups,GBR,United Kingdom,Employment,Persons,Calendar and seasonally adjusted,Female,From 25 to 54 years,Annual,2022,10823.5,Normal value,False
Employed population by age groups,GBR,United Kingdom,Employment,Persons,Calendar and seasonally adjusted,Female,From 25 to 54 years,Annual,2023,10948.25,Normal value,False
Employed population by age groups,GBR,United Kingdom,Employment,Persons,Calendar and seasonally adjusted,Female,From 25 to 54 years,Annual,2024,11023.75,Normal value,False
Employed population by age groups,GBR,United Kingdom,Employment,Persons,Calendar and seasonally adjusted,Female,From 25 to 54 years,Annual,2025,11122.75,Normal value,False
Employed population by age groups,USA,United States,Employment,Persons,Calendar and seasonally adjusted,Female,From 25 to 54 years,Annual,2016,45489.75,Normal value,False
Employed population by age groups,USA,United States,Employment,Persons,Calendar and seasonally adjusted,Female,From 25 to 54 years,Annual,2017,46015.92,Normal value,False
Employed population by age groups,USA,United States,Employment,Persons,Calendar and seasonally adjusted,Female,From 25 to 54 years,Annual,2018,46641.08,Normal value,False
Employed population by age groups,USA,United States,Employment,Persons,Calendar and seasonally adjusted,Female,From 25 to 54 years,Annual,2019,47130.83,Normal value,False
Employed population by age groups,USA,United States,Employment,Persons,Calendar and seasonally adjusted,Female,From 25 to 54 years,Annual,2020,44441.58,Normal value,False
Employed population by age groups,USA,United States,Employment,Persons,Calendar and seasonally adjusted,Female,From 25 to 54 years,Annual,2021,45754.42,Normal value,False
Employed population by age groups,USA,United States,Employment,Persons,Calendar and seasonally adjusted,Female,From 25 to 54 years,Annual,2022,47387.0,Normal value,False
Employed population by age groups,USA,United States,Employment,Persons,Calendar and seasonally adjusted,Female,From 25 to 54 years,Annual,2023,48059.58,Normal value,False
Employed population by age groups,USA,United States,Employment,Persons,Calendar and seasonally adjusted,Female,From 25 to 54 years,Annual,2024,48692.42,Normal value,False
Employed population by age groups,USA,United States,Employment,Persons,Calendar and seasonally adjusted,Female,From 15 to 24 years,Annual,2016,9295.75,Normal value,False
Employed population by age groups,USA,United States,Employment,Persons,Calendar and seasonally adjusted,Female,From 15 to 24 years,Annual,2017,9442.0,Normal value,False
Employed population by age groups,USA,United States,Employment,Persons,Calendar and seasonally adjusted,Female,From 15 to 24 years,Annual,2018,9499.75,Normal value,False
Employed population by age groups,USA,United States,Employment,Persons,Calendar and seasonally adjusted,Female,From 15 to 24 years,Annual,2019,9592.417,Normal value,False
Employed population by age groups,USA,United States,Employment,Persons,Calendar and seasonally adjusted,Female,From 15 to 24 years,Annual,2020,8458.167,Normal value,False
Employed population by age groups,USA,United States,Employment,Persons,Calendar and seasonally adjusted,Female,From 15 to 24 years,Annual,2021,9221.083,Normal value,False
Employed population by age groups,USA,United States,Employment,Persons,Calendar and seasonally adjusted,Female,From 15 to 24 years,Annual,2022,9551.833,Normal value,False
Employed population by age groups,USA,United States,Employment,Persons,Calendar and seasonally adjusted,Female,From 15 to 24 years,Annual,2023,10129.67,Normal value,False
Employed population by age groups,USA,United States,Employment,Persons,Calendar and seasonally adjusted,Female,From 15 to 24 years,Annual,2024,9830.25,Normal value,False
Employed population by age groups,AUS,Australia,Employment,Persons,Calendar and seasonally adjusted,Female,From 15 to 24 years,Annual,2016,909.5026,Normal value,False
Employed population by age groups,AUS,Australia,Employment,Persons,Calendar and seasonally adjusted,Female,From 15 to 24 years,Annual,2017,913.2755,Normal value,False
Employed population by age groups,AUS,Australia,Employment,Persons,Calendar and seasonally adjusted,Female,From 15 to 24 years,Annual,2018,941.1267,Normal value,False
Employed population by age groups,AUS,Australia,Employment,Persons,Calendar and seasonally adjusted,Female,From 15 to 24 years,Annual,2019,947.7097,Normal value,False
Employed population by age groups,AUS,Australia,Employment,Persons,Calendar and seasonally adjusted,Female,From 15 to 24 years,Annual,2020,884.175,Normal value,False
Employed population by age groups,AUS,Australia,Employment,Persons,Calendar and seasonally adjusted,Female,From 15 to 24 years,Annual,2021,927.3319,Normal value,False
Employed population by age groups,AUS,Australia,Employment,Persons,Calendar and seasonally adjusted,Female,From 15 to 24 years,Annual,2022,1033.601,Normal value,False
Employed population by age groups,AUS,Australia,Employment,Persons,Calendar and seasonally adjusted,Female,From 15 to 24 years,Annual,2023,1066.262,Normal value,False
Employed population by age groups,AUS,Australia,Employment,Persons,Calendar and seasonally adjusted,Female,From 15 to 24 years,Annual,2024,1075.808,Normal value,False
Employed population by age groups,AUS,Australia,Employment,Persons,Calendar and seasonally adjusted,Female,From 15 to 24 years,Annual,2025,1102.628,Normal value,False
Employed population by age groups,AUT,Austria,Employment,Persons,Calendar and seasonally adjusted,Female,From 15 to 24 years,Annual,2016,236.75,Normal value,False
Employed population by age groups,AUT,Austria,Employment,Persons,Calendar and seasonally adjusted,Female,From 15 to 24 years,Annual,2017,232.0,Normal value,False
Employed population by age groups,AUT,Austria,Employment,Persons,Calendar and seasonally adjusted,Female,From 15 to 24 years,Annual,2018,227.25,Normal value,False
Employed population by age groups,AUT,Austria,Employment,Persons,Calendar and seasonally adjusted,Female,From 15 to 24 years,Annual,2019,221.5,Normal value,False
Employed population by age groups,AUT,Austria,Employment,Persons,Calendar and seasonally adjusted,Female,From 15 to 24 years,Annual,2020,213.0,Normal value,False
Employed population by age groups,AUT,Austria,Employment,Persons,Calendar and seasonally adjusted,Female,From 15 to 24 years,Annual,2021,203.875,Normal value,False
Employed population by age groups,AUT,Austria,Employment,Persons,Calendar and seasonally adjusted,Female,From 15 to 24 years,Annual,2022,215.45,Normal value,False
Employed population by age groups,AUT,Austria,Employment,Persons,Calendar and seasonally adjusted,Female,From 15 to 24 years,Annual,2023,224.375,Normal value,False
Employed population by age groups,AUT,Austria,Employment,Persons,Calendar and seasonally adjusted,Female,From 15 to 24 years,Annual,2024,217.725,Normal value,False
Employed population by age groups,AUT,Austria,Employment,Persons,Calendar and seasonally adjusted,Female,From 15 to 24 years,Annual,2025,218.4,Normal value,False
Employed population by age groups,BEL,Belgium,Employment,Persons,Calendar and seasonally adjusted,Female,From 15 to 24 years,Annual,2017,133.0,Normal value,False
Employed population by age groups,BEL,Belgium,Employment,Persons,Calendar and seasonally adjusted,Female,From 15 to 24 years,Annual,2018,149.0,Normal value,False
Employed population by age groups,BEL,Belgium,Employment,Persons,Calendar and seasonally adjusted,Female,From 15 to 24 years,Annual,2019,163.75,Normal value,False
Employed population by age groups,BEL,Belgium,Employment,Persons,Calendar and seasonally adjusted,Female,From 15 to 24 years,Annual,2020,142.0,Normal value,False
Employed population by age groups,BEL,Belgium,Employment,Persons,Calendar and seasonally adjusted,Female,From 15 to 24 years,Annual,2021,151.75,Normal value,False
Employed population by age groups,BEL,Belgium,Employment,Persons,Calendar and seasonally adjusted,Female,From 15 to 24 years,Annual,2022,165.275,Normal value,False
Employed population by age groups,BEL,Belgium,Employment,Persons,Calendar and seasonally adjusted,Female,From 15 to 24 years,Annual,2023,171.575,Normal value,False
Employed population by age groups,BEL,Belgium,Employment,Persons,Calendar and seasonally adjusted,Female,From 15 to 24 years,Annual,2024,169.55,Normal value,False
Employed population by age groups,BEL,Belgium,Employment,Persons,Calendar and seasonally adjusted,Female,From 15 to 24 years,Annual,2025,181.05,Normal value,False
Employed population by age groups,CAN,Canada,Employment,Persons,Calendar and seasonally adjusted,Female,From 15 to 24 years,Annual,2016,1228.083,Normal value,False
Employed population by age groups,CAN,Canada,Employment,Persons,Calendar and seasonally adjusted,Female,From 15 to 24 years,Annual,2017,1251.467,Normal value,False
Employed population by age groups,CAN,Canada,Employment,Persons,Calendar and seasonally adjusted,Female,From 15 to 24 years,Annual,2018,1254.608,Normal value,False
Employed population by age groups,CAN,Canada,Employment,Persons,Calendar and seasonally adjusted,Female,From 15 to 24 years,Annual,2019,1290.133,Normal value,False
Employed population by age groups,CAN,Canada,Employment,Persons,Calendar and seasonally adjusted,Female,From 15 to 24 years,Annual,2020,1076.392,Normal value,False
Employed population by age groups,CAN,Canada,Employment,Persons,Calendar and seasonally adjusted,Female,From 15 to 24 years,Annual,2021,1196.7,Normal value,False
Employed population by age groups,CAN,Canada,Employment,Persons,Calendar and seasonally adjusted,Female,From 15 to 24 years,Annual,2022,1298.208,Normal value,False
Employed population by age groups,CAN,Canada,Employment,Persons,Calendar and seasonally adjusted,Female,From 15 to 24 years,Annual,2023,1304.333,Normal value,False
Employed population by age groups,CAN,Canada,Employment,Persons,Calendar and seasonally adjusted,Female,From 15 to 24 years,Annual,2024,1313.725,Normal value,False
Employed population by age groups,CAN,Canada,Employment,Persons,Calendar and seasonally adjusted,Female,From 15 to 24 years,Annual,2025,1315.192,Normal value,False
Employed population by age groups,CHL,Chile,Employment,Persons,Calendar and seasonally adjusted,Female,From 15 to 24 years,Annual,2016,334.6979,Normal value,False
Employed population by age groups,CHL,Chile,Employment,Persons,Calendar and seasonally adjusted,Female,From 15 to 24 years,Annual,2017,332.2692,Normal value,False
Employed population by age groups,CHL,Chile,Employment,Persons,Calendar and seasonally adjusted,Female,From 15 to 24 years,Annual,2018,329.263,Normal value,False
Employed population by age groups,CHL,Chile,Employment,Persons,Calendar and seasonally adjusted,Female,From 15 to 24 years,Annual,2019,317.6101,Normal value,False
Employed population by age groups,CHL,Chile,Employment,Persons,Calendar and seasonally adjusted,Female,From 15 to 24 years,Annual,2020,218.7252,Normal value,False
Employed population by age groups,CHL,Chile,Employment,Persons,Calendar and seasonally adjusted,Female,From 15 to 24 years,Annual,2021,231.77,Normal value,False
Employed population by age groups,CHL,Chile,Employment,Persons,Calendar and seasonally adjusted,Female,From 15 to 24 years,Annual,2022,265.934,Normal value,False
Employed population by age groups,CHL,Chile,Employment,Persons,Calendar and seasonally adjusted,Female,From 15 to 24 years,Annual,2023,253.9835,Normal value,False
Employed population by age groups,CHL,Chile,Employment,Persons,Calendar and seasonally adjusted,Female,From 15 to 24 years,Annual,2024,257.6705,Normal value,False
Employed population by age groups,CHL,Chile,Employment,Persons,Calendar and seasonally adjusted,Female,From 15 to 24 years,Annual,2025,238.1061,Normal value,False
Employed population by age groups,COL,Colombia,Employment,Persons,Calendar and seasonally adjusted,Female,From 15 to 24 years,Annual,2016,1380.356,Normal value,False
Employed population by age groups,COL,Colombia,Employment,Persons,Calendar and seasonally adjusted,Female,From 15 to 24 years,Annual,2017,1372.26,Normal value,False
Employed population by age groups,COL,Colombia,Employment,Persons,Calendar and seasonally adjusted,Female,From 15 to 24 years,Annual,2018,1329.502,Normal value,False
Employed population by age groups,COL,Colombia,Employment,Persons,Calendar and seasonally adjusted,Female,From 15 to 24 years,Annual,2019,1307.532,Normal value,False
Employed population by age groups,COL,Colombia,Employment,Persons,Calendar and seasonally adjusted,Female,From 15 to 24 years,Annual,2020,1034.052,Normal value,False
Employed population by age groups,COL,Colombia,Employment,Persons,Calendar and seasonally adjusted,Female,From 15 to 24 years,Annual,2021,992.4836,Normal value,False
Employed population by age groups,COL,Colombia,Employment,Persons,Calendar and seasonally adjusted,Female,From 15 to 24 years,Annual,2022,1099.009,Normal value,False
Employed population by age groups,COL,Colombia,Employment,Persons,Calendar and seasonally adjusted,Female,From 15 to 24 years,Annual,2023,1146.222,Normal value,False
Employed population by age groups,COL,Colombia,Employment,Persons,Calendar and seasonally adjusted,Female,From 15 to 24 years,Annual,2024,1104.603,Normal value,False
Employed population by age groups,COL,Colombia,Employment,Persons,Calendar and seasonally adjusted,Female,From 15 to 24 years,Annual,2025,1124.322,Normal value,False
Employed population by age groups,CRI,Costa Rica,Employment,Persons,Calendar and seasonally adjusted,Female,From 15 to 24 years,Annual,2016,88.2645,Normal value,False
Employed population by age groups,CRI,Costa Rica,Employment,Persons,Calendar and seasonally adjusted,Female,From 15 to 24 years,Annual,2017,95.63225,Normal value,False
Employed population by age groups,CRI,Costa Rica,Employment,Persons,Calendar and seasonally adjusted,Female,From 15 to 24 years,Annual,2018,89.41125,Normal value,False
Employed population by age groups,CRI,Costa Rica,Employment,Persons,Calendar and seasonally adjusted,Female,From 15 to 24 years,Annual,2019,86.88575,Normal value,False
Employed population by age groups,CRI,Costa Rica,Employment,Persons,Calendar and seasonally adjusted,Female,From 15 to 24 years,Annual,2020,65.2785,Normal value,False
Employed population by age groups,CRI,Costa Rica,Employment,Persons,Calendar and seasonally adjusted,Female,From 15 to 24 years,Annual,2021,73.9255,Normal value,False
Employed population by age groups,CRI,Costa Rica,Employment,Persons,Calendar and seasonally adjusted,Female,From 15 to 24 years,Annual,2022,79.9665,Normal value,False
Employed population by age groups,CRI,Costa Rica,Employment,Persons,Calendar and seasonally adjusted,Female,From 15 to 24 years,Annual,2023,77.0075,Normal value,False
Employed population by age groups,CRI,Costa Rica,Employment,Persons,Calendar and seasonally adjusted,Female,From 15 to 24 years,Annual,2024,77.48925,Normal value,False
Employed population by age groups,CRI,Costa Rica,Employment,Persons,Calendar and seasonally adjusted,Female,From 15 to 24 years,Annual,2025,62.67875,Normal value,False
Employed population by age groups,CZE,Czechia,Employment,Persons,Calendar and seasonally adjusted,Female,From 15 to 24 years,Annual,2016,116.675,Normal value,False
Employed population by age groups,CZE,Czechia,Employment,Persons,Calendar and seasonally adjusted,Female,From 15 to 24 years,Annual,2017,118.2,Normal value,False
Employed population by age groups,CZE,Czechia,Employment,Persons,Calendar and seasonally adjusted,Female,From 15 to 24 years,Annual,2018,115.8,Normal value,False
Employed population by age groups,CZE,Czechia,Employment,Persons,Calendar and seasonally adjusted,Female,From 15 to 24 years,Annual,2019,113.825,Normal value,False
Employed population by age groups,CZE,Czechia,Employment,Persons,Calendar and seasonally adjusted,Female,From 15 to 24 years,Annual,2020,91.025,Normal value,False
Employed population by age groups,CZE,Czechia,Employment,Persons,Calendar and seasonally adjusted,Female,From 15 to 24 years,Annual,2022,102.975,Normal value,False
Employed population by age groups,CZE,Czechia,Employment,Persons,Calendar and seasonally adjusted,Female,From 15 to 24 years,Annual,2023,117.75,Normal value,False
Employed population by age groups,CZE,Czechia,Employment,Persons,Calendar and seasonally adjusted,Female,From 15 to 24 years,Annual,2024,117.9,Normal value,False
Employed population by age groups,CZE,Czechia,Employment,Persons,Calendar and seasonally adjusted,Female,From 15 to 24 years,Annual,2025,121.725,Normal value,False
Employed population by age groups,DNK,Denmark,Employment,Persons,Calendar and seasonally adjusted,Female,From 15 to 24 years,Annual,2017,192.625,Normal value,False
Employed population by age groups,DNK,Denmark,Employment,Persons,Calendar and seasonally adjusted,Female,From 15 to 24 years,Annual,2018,195.375,Normal value,False
Employed population by age groups,DNK,Denmark,Employment,Persons,Calendar and seasonally adjusted,Female,From 15 to 24 years,Annual,2019,196.625,Normal value,False
Employed population by age groups,DNK,Denmark,Employment,Persons,Calendar and seasonally adjusted,Female,From 15 to 24 years,Annual,2020,187.85,Normal value,False
Employed population by age groups,DNK,Denmark,Employment,Persons,Calendar and seasonally adjusted,Female,From 15 to 24 years,Annual,2021,183.875,Normal value,False
Employed population by age groups,DNK,Denmark,Employment,Persons,Calendar and seasonally adjusted,Female,From 15 to 24 years,Annual,2022,194.6,Normal value,False
Employed population by age groups,DNK,Denmark,Employment,Persons,Calendar and seasonally adjusted,Female,From 15 to 24 years,Annual,2023,203.425,Normal value,False
Employed population by age groups,DNK,Denmark,Employment,Persons,Calendar and seasonally adjusted,Female,From 15 to 24 years,Annual,2024,209.575,Normal value,False
Employed population by age groups,DNK,Denmark,Employment,Persons,Calendar and seasonally adjusted,Female,From 15 to 24 years,Annual,2025,212.85,Normal value,False
Employed population by age groups,EST,Estonia,Employment,Persons,Calendar and seasonally adjusted,Female,From 15 to 24 years,Annual,2016,24.25,Normal value,False
Employed population by age groups,EST,Estonia,Employment,Persons,Calendar and seasonally adjusted,Female,From 15 to 24 years,Annual,2017,24.25,Normal value,False
Employed population by age groups,EST,Estonia,Employment,Persons,Calendar and seasonally adjusted,Female,From 15 to 24 years,Annual,2018,24.75,Normal value,False
Employed population by age groups,EST,Estonia,Employment,Persons,Calendar and seasonally adjusted,Female,From 15 to 24 years,Annual,2019,23.0,Normal value,False
Employed population by age groups,EST,Estonia,Employment,Persons,Calendar and seasonally adjusted,Female,From 15 to 24 years,Annual,2020,20.75,Normal value,False
Employed population by age groups,EST,Estonia,Employment,Persons,Calendar and seasonally adjusted,Female,From 15 to 24 years,Annual,2021,20.925,Normal value,False
Employed population by age groups,EST,Estonia,Employment,Persons,Calendar and seasonally adjusted,Female,From 15 to 24 years,Annual,2022,25.125,Normal value,False
Employed population by age groups,EST,Estonia,Employment,Persons,Calendar and seasonally adjusted,Female,From 15 to 24 years,Annual,2023,25.85,Normal value,False
Employed population by age groups,EST,Estonia,Employment,Persons,Calendar and seasonally adjusted,Female,From 15 to 24 years,Annual,2024,26.15,Normal value,False
Employed population by age groups,EST,Estonia,Employment,Persons,Calendar and seasonally adjusted,Female,From 15 to 24 years,Annual,2025,24.725,Normal value,False
Employed population by age groups,FIN,Finland,Employment,Persons,Calendar and seasonally adjusted,Female,From 15 to 24 years,Annual,2016,132.0,Normal value,False
Employed population by age groups,FIN,Finland,Employment,Persons,Calendar and seasonally adjusted,Female,From 15 to 24 years,Annual,2017,132.25,Normal value,False
Employed population by age groups,FIN,Finland,Employment,Persons,Calendar and seasonally adjusted,Female,From 15 to 24 years,Annual,2018,135.25,Normal value,False
Employed population by age groups,FIN,Finland,Employment,Persons,Calendar and seasonally adjusted,Female,From 15 to 24 years,Annual,2019,131.75,Normal value,False
Employed population by age groups,FIN,Finland,Employment,Persons,Calendar and seasonally adjusted,Female,From 15 to 24 years,Annual,2020,119.75,Normal value,False
Employed population by age groups,FIN,Finland,Employment,Persons,Calendar and seasonally adjusted,Female,From 15 to 24 years,Annual,2021,129.9,Normal value,False
Employed population by age groups,FIN,Finland,Employment,Persons,Calendar and seasonally adjusted,Female,From 15 to 24 years,Annual,2022,137.475,Normal value,False
Employed population by age groups,FIN,Finland,Employment,Persons,Calendar and seasonally adjusted,Female,From 15 to 24 years,Annual,2023,142.125,Normal value,False
Employed population by age groups,FIN,Finland,Employment,Persons,Calendar and seasonally adjusted,Female,From 15 to 24 years,Annual,2024,135.2,Normal value,False
Employed population by age groups,FIN,Finland,Employment,Persons,Calendar and seasonally adjusted,Female,From 15 to 24 years,Annual,2025,131.4,Normal value,False
Employed population by age groups,FRA,France,Employment,Persons,Calendar and seasonally adjusted,Female,From 15 to 24 years,Annual,2016,939.25,Normal value,False
Employed population by age groups,FRA,France,Employment,Persons,Calendar and seasonally adjusted,Female,From 15 to 24 years,Annual,2017,959.25,Normal value,False
Employed population by age groups,FRA,France,Employment,Persons,Calendar and seasonally adjusted,Female,From 15 to 24 years,Annual,2018,997.5,Normal value,False
Employed population by age groups,FRA,France,Employment,Persons,Calendar and seasonally adjusted,Female,From 15 to 24 years,Annual,2019,1026.0,Normal value,False
Employed population by age groups,FRA,France,Employment,Persons,Calendar and seasonally adjusted,Female,From 15 to 24 years,Annual,2020,980.25,Normal value,False
Employed population by age groups,FRA,France,Employment,Persons,Calendar and seasonally adjusted,Female,From 15 to 24 years,Annual,2021,1155.8,Normal value,False
Employed population by age groups,FRA,France,Employment,Persons,Calendar and seasonally adjusted,Female,From 15 to 24 years,Annual,2022,1294.525,Normal value,False
Employed population by age groups,FRA,France,Employment,Persons,Calendar and seasonally adjusted,Female,From 15 to 24 years,Annual,2023,1304.3,Normal value,False
Employed population by age groups,FRA,France,Employment,Persons,Calendar and seasonally adjusted,Female,From 15 to 24 years,Annual,2024,1252.625,Normal value,False
Employed population by age groups,FRA,France,Employment,Persons,Calendar and seasonally adjusted,Female,From 15 to 24 years,Annual,2025,1243.825,Normal value,False
Employed population by age groups,DEU,Germany,Employment,Persons,Calendar and seasonally adjusted,Female,From 15 to 24 years,Annual,2016,1761.25,Normal value,False
Employed population by age groups,DEU,Germany,Employment,Persons,Calendar and seasonally adjusted,Female,From 15 to 24 years,Annual,2017,1788.5,Normal value,False
Employed population by age groups,DEU,Germany,Employment,Persons,Calendar and seasonally adjusted,Female,From 15 to 24 years,Annual,2018,1775.0,Normal value,False
Employed population by age groups,DEU,Germany,Employment,Persons,Calendar and seasonally adjusted,Female,From 15 to 24 years,Annual,2021,1794.425,Normal value,False
Employed population by age groups,DEU,Germany,Employment,Persons,Calendar and seasonally adjusted,Female,From 15 to 24 years,Annual,2022,1891.525,Normal value,False
Employed population by age groups,DEU,Germany,Employment,Persons,Calendar and seasonally adjusted,Female,From 15 to 24 years,Annual,2023,1946.125,Normal value,False
Employed population by age groups,DEU,Germany,Employment,Persons,Calendar and seasonally adjusted,Female,From 15 to 24 years,Annual,2024,1974.275,Normal value,False
Employed population by age groups,DEU,Germany,Employment,Persons,Calendar and seasonally adjusted,Female,From 15 to 24 years,Annual,2025,1985.75,Normal value,False
Employed population by age groups,GRC,Greece,Employment,Persons,Calendar and seasonally adjusted,Female,From 15 to 24 years,Annual,2016,59.75,Normal value,False
Employed population by age groups,GRC,Greece,Employment,Persons,Calendar and seasonally adjusted,Female,From 15 to 24 years,Annual,2017,66.75,Normal value,False
Employed population by age groups,GRC,Greece,Employment,Persons,Calendar and seasonally adjusted,Female,From 15 to 24 years,Annual,2018,62.75,Normal value,False
Employed population by age groups,GRC,Greece,Employment,Persons,Calendar and seasonally adjusted,Female,From 15 to 24 years,Annual,2019,67.5,Normal value,False
Employed population by age groups,GRC,Greece,Employment,Persons,Calendar and seasonally adjusted,Female,From 15 to 24 years,Annual,2020,55.25,Normal value,False
Employed population by age groups,GRC,Greece,Employment,Persons,Calendar and seasonally adjusted,Female,From 15 to 24 years,Annual,2021,57.9,Normal value,False
Employed population by age groups,GRC,Greece,Employment,Persons,Calendar and seasonally adjusted,Female,From 15 to 24 years,Annual,2022,68.425,Normal value,False
Employed population by age groups,GRC,Greece,Employment,Persons,Calendar and seasonally adjusted,Female,From 15 to 24 years,Annual,2023,85.35,Normal value,False
Employed population by age groups,GRC,Greece,Employment,Persons,Calendar and seasonally adjusted,Female,From 15 to 24 years,Annual,2024,89.125,Normal value,False
Employed population by age groups,GRC,Greece,Employment,Persons,Calendar and seasonally adjusted,Female,From 15 to 24 years,Annual,2025,92.35,Normal value,False
Employed population by age groups,HUN,Hungary,Employment,Persons,Calendar and seasonally adjusted,Female,From 15 to 24 years,Annual,2016,128.575,Normal value,False
Employed population by age groups,HUN,Hungary,Employment,Persons,Calendar and seasonally adjusted,Female,From 15 to 24 years,Annual,2018,116.525,Normal value,False
Employed population by age groups,HUN,Hungary,Employment,Persons,Calendar and seasonally adjusted,Female,From 15 to 24 years,Annual,2019,110.85,Normal value,False
Employed population by age groups,HUN,Hungary,Employment,Persons,Calendar and seasonally adjusted,Female,From 15 to 24 years,Annual,2021,105.85,Normal value,False
Employed population by age groups,HUN,Hungary,Employment,Persons,Calendar and seasonally adjusted,Female,From 15 to 24 years,Annual,2022,112.825,Normal value,False
Employed population by age groups,HUN,Hungary,Employment,Persons,Calendar and seasonally adjusted,Female,From 15 to 24 years,Annual,2023,112.375,Normal value,False
Employed population by age groups,HUN,Hungary,Employment,Persons,Calendar and seasonally adjusted,Female,From 15 to 24 years,Annual,2024,115.975,Normal value,False
Employed population by age groups,HUN,Hungary,Employment,Persons,Calendar and seasonally adjusted,Female,From 15 to 24 years,Annual,2025,109.175,Normal value,False
Employed population by age groups,ISL,Iceland,Employment,Persons,Calendar and seasonally adjusted,Female,From 15 to 24 years,Annual,2016,14.75,Normal value,False
Employed population by age groups,ISL,Iceland,Employment,Persons,Calendar and seasonally adjusted,Female,From 15 to 24 years,Annual,2017,14.75,Normal value,False
Employed population by age groups,ISL,Iceland,Employment,Persons,Calendar and seasonally adjusted,Female,From 15 to 24 years,Annual,2018,14.25,Normal value,False
Employed population by age groups,ISL,Iceland,Employment,Persons,Calendar and seasonally adjusted,Female,From 15 to 24 years,Annual,2019,15.0,Normal value,False
Employed population by age groups,ISL,Iceland,Employment,Persons,Calendar and seasonally adjusted,Female,From 15 to 24 years,Annual,2021,13.275,Normal value,False
Employed population by age groups,ISL,Iceland,Employment,Persons,Calendar and seasonally adjusted,Female,From 15 to 24 years,Annual,2022,14.85,Normal value,False
Employed population by age groups,ISL,Iceland,Employment,Persons,Calendar and seasonally adjusted,Female,From 15 to 24 years,Annual,2023,15.425,Normal value,False
Employed population by age groups,ISL,Iceland,Employment,Persons,Calendar and seasonally adjusted,Female,From 15 to 24 years,Annual,2024,15.825,Normal value,False
Employed population by age groups,IRL,Ireland,Employment,Persons,Calendar and seasonally adjusted,Female,From 15 to 24 years,Annual,2016,118.25,Normal value,False
Employed population by age groups,IRL,Ireland,Employment,Persons,Calendar and seasonally adjusted,Female,From 15 to 24 years,Annual,2017,114.75,Normal value,False
Employed population by age groups,IRL,Ireland,Employment,Persons,Calendar and seasonally adjusted,Female,From 15 to 24 years,Annual,2018,116.5,Normal value,False
Employed population by age groups,IRL,Ireland,Employment,Persons,Calendar and seasonally adjusted,Female,From 15 to 24 years,Annual,2019,124.75,Normal value,False
Employed population by age groups,IRL,Ireland,Employment,Persons,Calendar and seasonally adjusted,Female,From 15 to 24 years,Annual,2020,109.5,Normal value,False
Employed population by age groups,IRL,Ireland,Employment,Persons,Calendar and seasonally adjusted,Female,From 15 to 24 years,Annual,2021,133.8,Normal value,False
Employed population by age groups,IRL,Ireland,Employment,Persons,Calendar and seasonally adjusted,Female,From 15 to 24 years,Annual,2022,150.025,Normal value,False
Employed population by age groups,IRL,Ireland,Employment,Persons,Calendar and seasonally adjusted,Female,From 15 to 24 years,Annual,2023,157.725,Normal value,False
Employed population by age groups,IRL,Ireland,Employment,Persons,Calendar and seasonally adjusted,Female,From 15 to 24 years,Annual,2024,157.675,Normal value,False
Employed population by age groups,IRL,Ireland,Employment,Persons,Calendar and seasonally adjusted,Female,From 15 to 24 years,Annual,2025,154.625,Normal value,False
Employed population by age groups,ISR,Israel,Employment,Persons,Calendar and seasonally adjusted,Female,From 15 to 24 years,Annual,2016,270.9417,Normal value,False
Employed population by age groups,ISR,Israel,Employment,Persons,Calendar and seasonally adjusted,Female,From 15 to 24 years,Annual,2017,279.275,Normal value,False
Employed population by age groups,ISR,Israel,Employment,Persons,Calendar and seasonally adjusted,Female,From 15 to 24 years,Annual,2018,284.9083,Normal value,False
Employed population by age groups,ISR,Israel,Employment,Persons,Calendar and seasonally adjusted,Female,From 15 to 24 years,Annual,2019,289.25,Normal value,False
Employed population by age groups,ISR,Israel,Employment,Persons,Calendar and seasonally adjusted,Female,From 15 to 24 years,Annual,2020,269.4,Normal value,False
Employed population by age groups,ISR,Israel,Employment,Persons,Calendar and seasonally adjusted,Female,From 15 to 24 years,Annual,2021,283.35,Normal value,False
Employed population by age groups,ISR,Israel,Employment,Persons,Calendar and seasonally adjusted,Female,From 15 to 24 years,Annual,2022,303.15,Normal value,False
Employed population by age groups,ISR,Israel,Employment,Persons,Calendar and seasonally adjusted,Female,From 15 to 24 years,Annual,2023,314.075,Normal value,False
Employed population by age groups,ISR,Israel,Employment,Persons,Calendar and seasonally adjusted,Female,From 15 to 24 years,Annual,2025,323.6083,Normal value,False
Employed population by age groups,ITA,Italy,Employment,Persons,Calendar and seasonally adjusted,Female,From 15 to 24 years,Annual,2016,390.0,Normal value,False
Employed population by age groups,ITA,Italy,Employment,Persons,Calendar and seasonally adjusted,Female,From 15 to 24 years,Annual,2017,391.25,Normal value,False
Employed population by age groups,ITA,Italy,Employment,Persons,Calendar and seasonally adjusted,Female,From 15 to 24 years,Annual,2018,398.25,Normal value,False
Employed population by age groups,ITA,Italy,Employment,Persons,Calendar and seasonally adjusted,Female,From 15 to 24 years,Annual,2019,422.5,Normal value,False
Employed population by age groups,ITA,Italy,Employment,Persons,Calendar and seasonally adjusted,Female,From 15 to 24 years,Annual,2020,356.0,Normal value,False
Employed population by age groups,ITA,Italy,Employment,Persons,Calendar and seasonally adjusted,Female,From 15 to 24 years,Annual,2021,376.9,Normal value,False
Employed population by age groups,ITA,Italy,Employment,Persons,Calendar and seasonally adjusted,Female,From 15 to 24 years,Annual,2022,445.7,Normal value,False
Employed population by age groups,ITA,Italy,Employment,Persons,Calendar and seasonally adjusted,Female,From 15 to 24 years,Annual,2023,452.225,Normal value,False
Employed population by age groups,ITA,Italy,Employment,Persons,Calendar and seasonally adjusted,Female,From 15 to 24 years,Annual,2024,424.325,Normal value,False
Employed population by age groups,ITA,Italy,Employment,Persons,Calendar and seasonally adjusted,Female,From 15 to 24 years,Annual,2025,405.15,Normal value,False
Employed population by age groups,JPN,Japan,Employment,Persons,Calendar and seasonally adjusted,Female,From 15 to 24 years,Annual,2016,2514.167,Normal value,False
Employed population by age groups,JPN,Japan,Employment,Persons,Calendar and seasonally adjusted,Female,From 15 to 24 years,Annual,2017,2550.833,Normal value,False
Employed population by age groups,JPN,Japan,Employment,Persons,Calendar and seasonally adjusted,Female,From 15 to 24 years,Annual,2018,2780.833,Normal value,False
Employed population by age groups,JPN,Japan,Employment,Persons,Calendar and seasonally adjusted,Female,From 15 to 24 years,Annual,2019,2868.333,Normal value,False
Employed population by age groups,JPN,Japan,Employment,Persons,Calendar and seasonally adjusted,Female,From 15 to 24 years,Annual,2020,2778.333,Normal value,False
Employed population by age groups,JPN,Japan,Employment,Persons,Calendar and seasonally adjusted,Female,From 15 to 24 years,Annual,2021,2767.5,Normal value,False
Employed population by age groups,JPN,Japan,Employment,Persons,Calendar and seasonally adjusted,Female,From 15 to 24 years,Annual,2022,2744.167,Normal value,False
Employed population by age groups,JPN,Japan,Employment,Persons,Calendar and seasonally adjusted,Female,From 15 to 24 years,Annual,2023,2814.167,Normal value,False
Employed population by age groups,JPN,Japan,Employment,Persons,Calendar and seasonally adjusted,Female,From 15 to 24 years,Annual,2024,2851.667,Normal value,False
Employed population by age groups,JPN,Japan,Employment,Persons,Calendar and seasonally adjusted,Female,From 15 to 24 years,Annual,2025,2889.167,Normal value,False
Employed population by age groups,KOR,Korea,Employment,Persons,Calendar and seasonally adjusted,Female,From 15 to 24 years,Annual,2016,965.4583,Normal value,False
Employed population by age groups,KOR,Korea,Employment,Persons,Calendar and seasonally adjusted,Female,From 15 to 24 years,Annual,2017,949.825,Normal value,False
Employed population by age groups,KOR,Korea,Employment,Persons,Calendar and seasonally adjusted,Female,From 15 to 24 years,Annual,2018,901.0417,Normal value,False
Employed population by age groups,KOR,Korea,Employment,Persons,Calendar and seasonally adjusted,Female,From 15 to 24 years,Annual,2019,853.8666,Normal value,False
Employed population by age groups,KOR,Korea,Employment,Persons,Calendar and seasonally adjusted,Female,From 15 to 24 years,Annual,2020,786.775,Normal value,False
Employed population by age groups,KOR,Korea,Employment,Persons,Calendar and seasonally adjusted,Female,From 15 to 24 years,Annual,2021,830.525,Normal value,False
Employed population by age groups,KOR,Korea,Employment,Persons,Calendar and seasonally adjusted,Female,From 15 to 24 years,Annual,2022,850.7167,Normal value,False
Employed population by age groups,KOR,Korea,Employment,Persons,Calendar and seasonally adjusted,Female,From 15 to 24 years,Annual,2023,805.325,Normal value,False
Employed population by age groups,KOR,Korea,Employment,Persons,Calendar and seasonally adjusted,Female,From 15 to 24 years,Annual,2024,750.5417,Normal value,False
Employed population by age groups,KOR,Korea,Employment,Persons,Calendar and seasonally adjusted,Female,From 15 to 24 years,Annual,2025,687.9083,Normal value,False
Employed population by age groups,LVA,Latvia,Employment,Persons,Calendar and seasonally adjusted,Female,From 15 to 24 years,Annual,2016,29.0,Normal value,False
Employed population by age groups,LVA,Latvia,Employment,Persons,Calendar and seasonally adjusted,Female,From 15 to 24 years,Annual,2017,27.25,Normal value,False
Employed population by age groups,LVA,Latvia,Employment,Persons,Calendar and seasonally adjusted,Female,From 15 to 24 years,Annual,2018,25.5,Normal value,False
Employed population by age groups,LVA,Latvia,Employment,Persons,Calendar and seasonally adjusted,Female,From 15 to 24 years,Annual,2019,24.5,Normal value,False
Employed population by age groups,LVA,Latvia,Employment,Persons,Calendar and seasonally adjusted,Female,From 15 to 24 years,Annual,2020,22.25,Normal value,False
Employed population by age groups,LVA,Latvia,Employment,Persons,Calendar and seasonally adjusted,Female,From 15 to 24 years,Annual,2021,21.4,Normal value,False
Employed population by age groups,LVA,Latvia,Employment,Persons,Calendar and seasonally adjusted,Female,From 15 to 24 years,Annual,2022,25.95,Normal value,False
Employed population by age groups,LVA,Latvia,Employment,Persons,Calendar and seasonally adjusted,Female,From 15 to 24 years,Annual,2023,26.525,Normal value,False
Employed population by age groups,LVA,Latvia,Employment,Persons,Calendar and seasonally adjusted,Female,From 15 to 24 years,Annual,2024,26.225,Normal value,False
Employed population by age groups,LVA,Latvia,Employment,Persons,Calendar and seasonally adjusted,Female,From 15 to 24 years,Annual,2025,27.1,Normal value,False
Employed population by age groups,LTU,Lithuania,Employment,Persons,Calendar and seasonally adjusted,Female,From 15 to 24 years,Annual,2016,47.25,Normal value,False
Employed population by age groups,LTU,Lithuania,Employment,Persons,Calendar and seasonally adjusted,Female,From 15 to 24 years,Annual,2017,44.75,Normal value,False
Employed population by age groups,LTU,Lithuania,Employment,Persons,Calendar and seasonally adjusted,Female,From 15 to 24 years,Annual,2018,45.25,Normal value,False
Employed population by age groups,LTU,Lithuania,Employment,Persons,Calendar and seasonally adjusted,Female,From 15 to 24 years,Annual,2019,45.25,Normal value,False
Employed population by age groups,LTU,Lithuania,Employment,Persons,Calendar and seasonally adjusted,Female,From 15 to 24 years,Annual,2020,38.5,Normal value,False
Employed population by age groups,LTU,Lithuania,Employment,Persons,Calendar and seasonally adjusted,Female,From 15 to 24 years,Annual,2021,39.1,Normal value,False
Employed population by age groups,LTU,Lithuania,Employment,Persons,Calendar and seasonally adjusted,Female,From 15 to 24 years,Annual,2022,42.725,Normal value,False
Employed population by age groups,LTU,Lithuania,Employment,Persons,Calendar and seasonally adjusted,Female,From 15 to 24 years,Annual,2023,42.475,Normal value,False
Employed population by age groups,LTU,Lithuania,Employment,Persons,Calendar and seasonally adjusted,Female,From 15 to 24 years,Annual,2024,38.65,Normal value,False
Employed population by age groups,LTU,Lithuania,Employment,Persons,Calendar and seasonally adjusted,Female,From 15 to 24 years,Annual,2025,41.375,Normal value,False
Employed population by age groups,LUX,Luxembourg,Employment,Persons,Calendar and seasonally adjusted,Female,From 15 to 24 years,Annual,2016,8.375,Normal value,False
Employed population by age groups,LUX,Luxembourg,Employment,Persons,Calendar and seasonally adjusted,Female,From 15 to 24 years,Annual,2017,8.45,Normal value,False
Employed population by age groups,LUX,Luxembourg,Employment,Persons,Calendar and seasonally adjusted,Female,From 15 to 24 years,Annual,2018,9.725,Normal value,False
Employed population by age groups,LUX,Luxembourg,Employment,Persons,Calendar and seasonally adjusted,Female,From 15 to 24 years,Annual,2019,9.05,Normal value,False
Employed population by age groups,LUX,Luxembourg,Employment,Persons,Calendar and seasonally adjusted,Female,From 15 to 24 years,Annual,2021,9.925,Normal value,False
Employed population by age groups,LUX,Luxembourg,Employment,Persons,Calendar and seasonally adjusted,Female,From 15 to 24 years,Annual,2022,9.8,Normal value,False
Employed population by age groups,LUX,Luxembourg,Employment,Persons,Calendar and seasonally adjusted,Female,From 15 to 24 years,Annual,2023,9.05,Normal value,False
Employed population by age groups,LUX,Luxembourg,Employment,Persons,Calendar and seasonally adjusted,Female,From 15 to 24 years,Annual,2024,10.1,Normal value,False
Employed population by age groups,LUX,Luxembourg,Employment,Persons,Calendar and seasonally adjusted,Female,From 15 to 24 years,Annual,2025,9.3,Normal value,False
Employed population by age groups,MEX,Mexico,Employment,Persons,Calendar and seasonally adjusted,Female,From 15 to 24 years,Annual,2016,3055.111,Normal value,False
Employed population by age groups,MEX,Mexico,Employment,Persons,Calendar and seasonally adjusted,Female,From 15 to 24 years,Annual,2017,3015.046,Normal value,False
Employed population by age groups,MEX,Mexico,Employment,Persons,Calendar and seasonally adjusted,Female,From 15 to 24 years,Annual,2018,3058.933,Normal value,False
Employed population by age groups,MEX,Mexico,Employment,Persons,Calendar and seasonally adjusted,Female,From 15 to 24 years,Annual,2019,3220.656,Normal value,False
Employed population by age groups,MEX,Mexico,Employment,Persons,Calendar and seasonally adjusted,Female,From 15 to 24 years,Annual,2021,3155.893,Normal value,False
Employed population by age groups,MEX,Mexico,Employment,Persons,Calendar and seasonally adjusted,Female,From 15 to 24 years,Annual,2022,3317.106,Normal value,False
Employed population by age groups,MEX,Mexico,Employment,Persons,Calendar and seasonally adjusted,Female,From 15 to 24 years,Annual,2023,3447.269,Normal value,False
Employed population by age groups,MEX,Mexico,Employment,Persons,Calendar and seasonally adjusted,Female,From 15 to 24 years,Annual,2024,3459.113,Normal value,False
Employed population by age groups,MEX,Mexico,Employment,Persons,Calendar and seasonally adjusted,Female,From 15 to 24 years,Annual,2025,3237.44,Normal value,False
Employed population by age groups,NLD,Netherlands,Employment,Persons,Calendar and seasonally adjusted,Female,From 15 to 24 years,Annual,2016,730.25,Normal value,False
Employed population by age groups,NLD,Netherlands,Employment,Persons,Calendar and seasonally adjusted,Female,From 15 to 24 years,Annual,2017,752.75,Normal value,False
Employed population by age groups,NLD,Netherlands,Employment,Persons,Calendar and seasonally adjusted,Female,From 15 to 24 years,Annual,2018,773.0,Normal value,False
Employed population by age groups,NLD,Netherlands,Employment,Persons,Calendar and seasonally adjusted,Female,From 15 to 24 years,Annual,2019,784.5,Normal value,False
Employed population by age groups,NLD,Netherlands,Employment,Persons,Calendar and seasonally adjusted,Female,From 15 to 24 years,Annual,2020,761.5,Normal value,False
Employed population by age groups,NLD,Netherlands,Employment,Persons,Calendar and seasonally adjusted,Female,From 15 to 24 years,Annual,2021,771.325,Normal value,False
Employed population by age groups,NLD,Netherlands,Employment,Persons,Calendar and seasonally adjusted,Female,From 15 to 24 years,Annual,2022,795.55,Normal value,False
Employed population by age groups,NLD,Netherlands,Employment,Persons,Calendar and seasonally adjusted,Female,From 15 to 24 years,Annual,2023,813.375,Normal value,False
Employed population by age groups,NLD,Netherlands,Employment,Persons,Calendar and seasonally adjusted,Female,From 15 to 24 years,Annual,2024,814.775,Normal value,False
Employed population by age groups,NLD,Netherlands,Employment,Persons,Calendar and seasonally adjusted,Female,From 15 to 24 years,Annual,2025,811.225,Normal value,False
Employed population by age groups,NZL,New Zealand,Employment,Persons,Calendar and seasonally adjusted,Female,From 15 to 24 years,Annual,2016,163.9,Normal value,False
Employed population by age groups,NZL,New Zealand,Employment,Persons,Calendar and seasonally adjusted,Female,From 15 to 24 years,Annual,2017,168.2,Normal value,False
Employed population by age groups,NZL,New Zealand,Employment,Persons,Calendar and seasonally adjusted,Female,From 15 to 24 years,Annual,2018,177.35,Normal value,False
Employed population by age groups,NZL,New Zealand,Employment,Persons,Calendar and seasonally adjusted,Female,From 15 to 24 years,Annual,2019,177.375,Normal value,False
Employed population by age groups,NZL,New Zealand,Employment,Persons,Calendar and seasonally adjusted,Female,From 15 to 24 years,Annual,2020,171.325,Normal value,False
Employed population by age groups,NZL,New Zealand,Employment,Persons,Calendar and seasonally adjusted,Female,From 15 to 24 years,Annual,2021,180.5,Normal value,False
Employed population by age groups,NZL,New Zealand,Employment,Persons,Calendar and seasonally adjusted,Female,From 15 to 24 years,Annual,2022,190.425,Normal value,False
Employed population by age groups,NZL,New Zealand,Employment,Persons,Calendar and seasonally adjusted,Female,From 15 to 24 years,Annual,2023,194.1,Normal value,False
Employed population by age groups,NOR,Norway,Employment,Persons,Calendar and seasonally adjusted,Female,From 15 to 24 years,Annual,2016,170.75,Normal value,False
Employed population by age groups,NOR,Norway,Employment,Persons,Calendar and seasonally adjusted,Female,From 15 to 24 years,Annual,2017,166.75,Normal value,False
Employed population by age groups,NOR,Norway,Employment,Persons,Calendar and seasonally adjusted,Female,From 15 to 24 years,Annual,2018,168.75,Normal value,False
Employed population by age groups,NOR,Norway,Employment,Persons,Calendar and seasonally adjusted,Female,From 15 to 24 years,Annual,2019,170.75,Normal value,False
Employed population by age groups,NOR,Norway,Employment,Persons,Calendar and seasonally adjusted,Female,From 15 to 24 years,Annual,2020,168.0,Normal value,False
Employed population by age groups,NOR,Norway,Employment,Persons,Calendar and seasonally adjusted,Female,From 15 to 24 years,Annual,2021,173.1,Normal value,False
Employed population by age groups,NOR,Norway,Employment,Persons,Calendar and seasonally adjusted,Female,From 15 to 24 years,Annual,2022,186.525,Normal value,False
Employed population by age groups,NOR,Norway,Employment,Persons,Calendar and seasonally adjusted,Female,From 15 to 24 years,Annual,2023,188.95,Normal value,False
Employed population by age groups,NOR,Norway,Employment,Persons,Calendar and seasonally adjusted,Female,From 15 to 24 years,Annual,2024,189.4,Normal value,False
Employed population by age groups,NOR,Norway,Employment,Persons,Calendar and seasonally adjusted,Female,From 15 to 24 years,Annual,2025,193.35,Normal value,False
Employed population by age groups,POL,Poland,Employment,Persons,Calendar and seasonally adjusted,Female,From 15 to 24 years,Annual,2016,460.25,Normal value,False
Employed population by age groups,POL,Poland,Employment,Persons,Calendar and seasonally adjusted,Female,From 15 to 24 years,Annual,2017,469.75,Normal value,False
Employed population by age groups,POL,Poland,Employment,Persons,Calendar and seasonally adjusted,Female,From 15 to 24 years,Annual,2018,481.5,Normal value,False
Employed population by age groups,POL,Poland,Employment,Persons,Calendar and seasonally adjusted,Female,From 15 to 24 years,Annual,2019,499.0,Normal value,False
Employed population by age groups,POL,Poland,Employment,Persons,Calendar and seasonally adjusted,Female,From 15 to 24 years,Annual,2020,429.75,Normal value,False
Employed population by age groups,POL,Poland,Employment,Persons,Calendar and seasonally adjusted,Female,From 15 to 24 years,Annual,2021,403.725,Normal value,False
Employed population by age groups,POL,Poland,Employment,Persons,Calendar and seasonally adjusted,Female,From 15 to 24 years,Annual,2022,411.75,Normal value,False
Employed population by age groups,POL,Poland,Employment,Persons,Calendar and seasonally adjusted,Female,From 15 to 24 years,Annual,2023,433.9,Normal value,False
Employed population by age groups,POL,Poland,Employment,Persons,Calendar and seasonally adjusted,Female,From 15 to 24 years,Annual,2024,451.7,Normal value,False
Employed population by age groups,POL,Poland,Employment,Persons,Calendar and seasonally adjusted,Female,From 15 to 24 years,Annual,2025,422.025,Normal value,False
Employed population by age groups,PRT,Portugal,Employment,Persons,Calendar and seasonally adjusted,Female,From 15 to 24 years,Annual,2016,121.75,Normal value,False
Employed population by age groups,PRT,Portugal,Employment,Persons,Calendar and seasonally adjusted,Female,From 15 to 24 years,Annual,2017,130.25,Normal value,False
Employed population by age groups,PRT,Portugal,Employment,Persons,Calendar and seasonally adjusted,Female,From 15 to 24 years,Annual,2018,135.25,Normal value,False
Employed population by age groups,PRT,Portugal,Employment,Persons,Calendar and seasonally adjusted,Female,From 15 to 24 years,Annual,2019,135.75,Normal value,False
Employed population by age groups,PRT,Portugal,Employment,Persons,Calendar and seasonally adjusted,Female,From 15 to 24 years,Annual,2020,115.0,Normal value,False
Employed population by age groups,PRT,Portugal,Employment,Persons,Calendar and seasonally adjusted,Female,From 15 to 24 years,Annual,2021,105.275,Normal value,False
Employed population by age groups,PRT,Portugal,Employment,Persons,Calendar and seasonally adjusted,Female,From 15 to 24 years,Annual,2022,122.5,Normal value,False
Employed population by age groups,PRT,Portugal,Employment,Persons,Calendar and seasonally adjusted,Female,From 15 to 24 years,Annual,2023,141.825,Normal value,False
Employed population by age groups,PRT,Portugal,Employment,Persons,Calendar and seasonally adjusted,Female,From 15 to 24 years,Annual,2024,136.325,Normal value,False
Employed population by age groups,PRT,Portugal,Employment,Persons,Calendar and seasonally adjusted,Female,From 15 to 24 years,Annual,2025,136.85,Normal value,False
Employed population by age groups,SVK,Slovak Republic,Employment,Persons,Calendar and seasonally adjusted,Female,From 15 to 24 years,Annual,2016,58.0,Normal value,False
Employed population by age groups,SVK,Slovak Republic,Employment,Persons,Calendar and seasonally adjusted,Female,From 15 to 24 years,Annual,2017,64.5,Normal value,False
Employed population by age groups,SVK,Slovak Republic,Employment,Persons,Calendar and seasonally adjusted,Female,From 15 to 24 years,Annual,2018,60.5,Normal value,False
Employed population by age groups,SVK,Slovak Republic,Employment,Persons,Calendar and seasonally adjusted,Female,From 15 to 24 years,Annual,2019,50.5,Normal value,False
Employed population by age groups,SVK,Slovak Republic,Employment,Persons,Calendar and seasonally adjusted,Female,From 15 to 24 years,Annual,2020,45.75,Normal value,False
Employed population by age groups,SVK,Slovak Republic,Employment,Persons,Calendar and seasonally adjusted,Female,From 15 to 24 years,Annual,2021,41.925,Normal value,False
Employed population by age groups,SVK,Slovak Republic,Employment,Persons,Calendar and seasonally adjusted,Female,From 15 to 24 years,Annual,2022,41.225,Normal value,False
Employed population by age groups,SVK,Slovak Republic,Employment,Persons,Calendar and seasonally adjusted,Female,From 15 to 24 years,Annual,2023,45.925,Normal value,False
Employed population by age groups,SVK,Slovak Republic,Employment,Persons,Calendar and seasonally adjusted,Female,From 15 to 24 years,Annual,2024,44.65,Normal value,False
Employed population by age groups,SVK,Slovak Republic,Employment,Persons,Calendar and seasonally adjusted,Female,From 15 to 24 years,Annual,2025,44.275,Normal value,False
Employed population by age groups,SVN,Slovenia,Employment,Persons,Calendar and seasonally adjusted,Female,From 15 to 24 years,Annual,2016,24.75,Normal value,False
Employed population by age groups,SVN,Slovenia,Employment,Persons,Calendar and seasonally adjusted,Female,From 15 to 24 years,Annual,2017,26.5,Normal value,False
Employed population by age groups,SVN,Slovenia,Employment,Persons,Calendar and seasonally adjusted,Female,From 15 to 24 years,Annual,2018,27.0,Normal value,False
Employed population by age groups,SVN,Slovenia,Employment,Persons,Calendar and seasonally adjusted,Female,From 15 to 24 years,Annual,2019,26.25,Normal value,False
Employed population by age groups,SVN,Slovenia,Employment,Persons,Calendar and seasonally adjusted,Female,From 15 to 24 years,Annual,2020,21.0,Normal value,False
Employed population by age groups,SVN,Slovenia,Employment,Persons,Calendar and seasonally adjusted,Female,From 15 to 24 years,Annual,2021,25.725,Normal value,False
Employed population by age groups,SVN,Slovenia,Employment,Persons,Calendar and seasonally adjusted,Female,From 15 to 24 years,Annual,2022,28.125,Normal value,False
Employed population by age groups,SVN,Slovenia,Employment,Persons,Calendar and seasonally adjusted,Female,From 15 to 24 years,Annual,2023,27.375,Normal value,False
Employed population by age groups,SVN,Slovenia,Employment,Persons,Calendar and seasonally adjusted,Female,From 15 to 24 years,Annual,2024,27.075,Normal value,False
Employed population by age groups,SVN,Slovenia,Employment,Persons,Calendar and seasonally adjusted,Female,From 15 to 24 years,Annual,2025,26.825,Normal value,False
Employed population by age groups,ESP,Spain,Employment,Persons,Calendar and seasonally adjusted,Female,From 15 to 24 years,Annual,2016,375.5,Normal value,False
Employed population by age groups,ESP,Spain,Employment,Persons,Calendar and seasonally adjusted,Female,From 15 to 24 years,Annual,2017,433.0,Normal value,False
Employed population by age groups,ESP,Spain,Employment,Persons,Calendar and seasonally adjusted,Female,From 15 to 24 years,Annual,2018,459.0,Normal value,False
Employed population by age groups,ESP,Spain,Employment,Persons,Calendar and seasonally adjusted,Female,From 15 to 24 years,Annual,2019,457.5,Normal value,False
Employed population by age groups,ESP,Spain,Employment,Persons,Calendar and seasonally adjusted,Female,From 15 to 24 years,Annual,2020,385.5,Normal value,False
Employed population by age groups,ESP,Spain,Employment,Persons,Calendar and seasonally adjusted,Female,From 15 to 24 years,Annual,2021,443.825,Normal value,False
Employed population by age groups,ESP,Spain,Employment,Persons,Calendar and seasonally adjusted,Female,From 15 to 24 years,Annual,2022,506.75,Normal value,False
Employed population by age groups,ESP,Spain,Employment,Persons,Calendar and seasonally adjusted,Female,From 15 to 24 years,Annual,2023,551.05,Normal value,False
Employed population by age groups,ESP,Spain,Employment,Persons,Calendar and seasonally adjusted,Female,From 15 to 24 years,Annual,2024,581.125,Normal value,False
Employed population by age groups,ESP,Spain,Employment,Persons,Calendar and seasonally adjusted,Female,From 15 to 24 years,Annual,2025,617.225,Normal value,False
Employed population by age groups,SWE,Sweden,Employment,Persons,Calendar and seasonally adjusted,Female,From 15 to 24 years,Annual,2016,260.5,Normal value,False
Employed population by age groups,SWE,Sweden,Employment,Persons,Calendar and seasonally adjusted,Female,From 15 to 24 years,Annual,2017,257.75,Normal value,False
Employed population by age groups,SWE,Sweden,Employment,Persons,Calendar and seasonally adjusted,Female,From 15 to 24 years,Annual,2018,257.25,Normal value,False
Employed population by age groups,SWE,Sweden,Employment,Persons,Calendar and seasonally adjusted,Female,From 15 to 24 years,Annual,2019,248.5,Normal value,False
Employed population by age groups,SWE,Sweden,Employment,Persons,Calendar and seasonally adjusted,Female,From 15 to 24 years,Annual,2020,219.5,Normal value,False
Employed population by age groups,SWE,Sweden,Employment,Persons,Calendar and seasonally adjusted,Female,From 15 to 24 years,Annual,2021,230.35,Normal value,False
Employed population by age groups,SWE,Sweden,Employment,Persons,Calendar and seasonally adjusted,Female,From 15 to 24 years,Annual,2022,242.6,Normal value,False
Employed population by age groups,SWE,Sweden,Employment,Persons,Calendar and seasonally adjusted,Female,From 15 to 24 years,Annual,2023,255.7,Normal value,False
Employed population by age groups,SWE,Sweden,Employment,Persons,Calendar and seasonally adjusted,Female,From 15 to 24 years,Annual,2024,252.675,Normal value,False
Employed population by age groups,SWE,Sweden,Employment,Persons,Calendar and seasonally adjusted,Female,From 15 to 24 years,Annual,2025,258.35,Normal value,False
Employed population by age groups,CHE,Switzerland,Employment,Persons,Calendar and seasonally adjusted,Female,From 15 to 24 years,Annual,2016,284.0,Normal value,False
Employed population by age groups,CHE,Switzerland,Employment,Persons,Calendar and seasonally adjusted,Female,From 15 to 24 years,Annual,2017,276.0,Normal value,False
Employed population by age groups,CHE,Switzerland,Employment,Persons,Calendar and seasonally adjusted,Female,From 15 to 24 years,Annual,2018,273.5,Normal value,False
Employed population by age groups,CHE,Switzerland,Employment,Persons,Calendar and seasonally adjusted,Female,From 15 to 24 years,Annual,2019,266.5,Normal value,False
Employed population by age groups,CHE,Switzerland,Employment,Persons,Calendar and seasonally adjusted,Female,From 15 to 24 years,Annual,2020,256.0,Normal value,False
Employed population by age groups,CHE,Switzerland,Employment,Persons,Calendar and seasonally adjusted,Female,From 15 to 24 years,Annual,2021,255.65,Normal value,False
Employed population by age groups,CHE,Switzerland,Employment,Persons,Calendar and seasonally adjusted,Female,From 15 to 24 years,Annual,2022,258.125,Normal value,False
Employed population by age groups,CHE,Switzerland,Employment,Persons,Calendar and seasonally adjusted,Female,From 15 to 24 years,Annual,2023,258.1,Normal value,False
Employed population by age groups,CHE,Switzerland,Employment,Persons,Calendar and seasonally adjusted,Female,From 15 to 24 years,Annual,2024,256.525,Normal value,False
Employed population by age groups,CHE,Switzerland,Employment,Persons,Calendar and seasonally adjusted,Female,From 15 to 24 years,Annual,2025,257.9,Normal value,False
Employed population by age groups,TUR,Türkiye,Employment,Persons,Calendar and seasonally adjusted,Female,From 15 to 24 years,Annual,2016,1368.375,Normal value,False
Employed population by age groups,TUR,Türkiye,Employment,Persons,Calendar and seasonally adjusted,Female,From 15 to 24 years,Annual,2017,1347.775,Normal value,False
Employed population by age groups,TUR,Türkiye,Employment,Persons,Calendar and seasonally adjusted,Female,From 15 to 24 years,Annual,2018,1352.1,Normal value,False
Employed population by age groups,TUR,Türkiye,Employment,Persons,Calendar and seasonally adjusted,Female,From 15 to 24 years,Annual,2019,1301.3,Normal value,False
Employed population by age groups,TUR,Türkiye,Employment,Persons,Calendar and seasonally adjusted,Female,From 15 to 24 years,Annual,2021,1242.25,Normal value,False
Employed population by age groups,TUR,Türkiye,Employment,Persons,Calendar and seasonally adjusted,Female,From 15 to 24 years,Annual,2022,1355.5,Normal value,False
Employed population by age groups,TUR,Türkiye,Employment,Persons,Calendar and seasonally adjusted,Female,From 15 to 24 years,Annual,2023,1451.5,Normal value,False
Employed population by age groups,TUR,Türkiye,Employment,Persons,Calendar and seasonally adjusted,Female,From 15 to 24 years,Annual,2024,1484.25,Normal value,False
Employed population by age groups,TUR,Türkiye,Employment,Persons,Calendar and seasonally adjusted,Female,From 15 to 24 years,Annual,2025,1483.75,Normal value,False
Employed population by age groups,GBR,United Kingdom,Employment,Persons,Calendar and seasonally adjusted,Female,From 15 to 24 years,Annual,2016,1942.25,Normal value,False
Employed population by age groups,GBR,United Kingdom,Employment,Persons,Calendar and seasonally adjusted,Female,From 15 to 24 years,Annual,2017,1894.25,Normal value,False
Employed population by age groups,GBR,United Kingdom,Employment,Persons,Calendar and seasonally adjusted,Female,From 15 to 24 years,Annual,2018,1845.75,Normal value,False
Employed population by age groups,GBR,United Kingdom,Employment,Persons,Calendar and seasonally adjusted,Female,From 15 to 24 years,Annual,2019,1921.0,Normal value,False
Employed population by age groups,GBR,United Kingdom,Employment,Persons,Calendar and seasonally adjusted,Female,From 15 to 24 years,Annual,2020,1822.0,Normal value,False
Employed population by age groups,GBR,United Kingdom,Employment,Persons,Calendar and seasonally adjusted,Female,From 15 to 24 years,Annual,2021,1836.75,Normal value,False
Employed population by age groups,GBR,United Kingdom,Employment,Persons,Calendar and seasonally adjusted,Female,From 15 to 24 years,Annual,2022,1925.75,Normal value,False
Employed population by age groups,GBR,United Kingdom,Employment,Persons,Calendar and seasonally adjusted,Female,From 15 to 24 years,Annual,2023,1869.25,Normal value,False
Employed population by age groups,GBR,United Kingdom,Employment,Persons,Calendar and seasonally adjusted,Female,From 15 to 24 years,Annual,2024,1845.0,Normal value,False
Employed population by age groups,GBR,United Kingdom,Employment,Persons,Calendar and seasonally adjusted,Female,From 15 to 24 years,Annual,2025,1892.5,Normal value,False
Employed population by age groups,USA,United States,Employment,Persons,Calendar and seasonally adjusted,Male,From 15 to 24 years,Annual,2016,9695.833,Normal value,False
Employed population by age groups,USA,United States,Employment,Persons,Calendar and seasonally adjusted,Male,From 15 to 24 years,Annual,2017,9763.75,Normal value,False
Employed population by age groups,USA,United States,Employment,Persons,Calendar and seasonally adjusted,Male,From 15 to 24 years,Annual,2018,9677.0,Normal value,False
Employed population by age groups,USA,United States,Employment,Persons,Calendar and seasonally adjusted,Male,From 15 to 24 years,Annual,2019,9729.833,Normal value,False
Employed population by age groups,USA,United States,Employment,Persons,Calendar and seasonally adjusted,Male,From 15 to 24 years,Annual,2020,8734.167,Normal value,False
Employed population by age groups,USA,United States,Employment,Persons,Calendar and seasonally adjusted,Male,From 15 to 24 years,Annual,2021,9453.667,Normal value,False
Employed population by age groups,USA,United States,Employment,Persons,Calendar and seasonally adjusted,Male,From 15 to 24 years,Annual,2022,9826.167,Normal value,False
Employed population by age groups,USA,United States,Employment,Persons,Calendar and seasonally adjusted,Male,From 15 to 24 years,Annual,2023,10242.58,Normal value,False
Employed population by age groups,USA,United States,Employment,Persons,Calendar and seasonally adjusted,Male,From 15 to 24 years,Annual,2024,10003.0,Normal value,False
Employed population by age groups,AUS,Australia,Employment,Persons,Calendar and seasonally adjusted,Male,From 15 to 24 years,Annual,2016,931.3018,Normal value,False
Employed population by age groups,AUS,Australia,Employment,Persons,Calendar and seasonally adjusted,Male,From 15 to 24 years,Annual,2017,938.5904,Normal value,False
Employed population by age groups,AUS,Australia,Employment,Persons,Calendar and seasonally adjusted,Male,From 15 to 24 years,Annual,2018,968.4283,Normal value,False
Employed population by age groups,AUS,Australia,Employment,Persons,Calendar and seasonally adjusted,Male,From 15 to 24 years,Annual,2019,975.8224,Normal value,False
Employed population by age groups,AUS,Australia,Employment,Persons,Calendar and seasonally adjusted,Male,From 15 to 24 years,Annual,2020,900.259,Normal value,False
Employed population by age groups,AUS,Australia,Employment,Persons,Calendar and seasonally adjusted,Male,From 15 to 24 years,Annual,2021,938.6086,Normal value,False
Employed population by age groups,AUS,Australia,Employment,Persons,Calendar and seasonally adjusted,Male,From 15 to 24 years,Annual,2022,1044.196,Normal value,False
Employed population by age groups,AUS,Australia,Employment,Persons,Calendar and seasonally adjusted,Male,From 15 to 24 years,Annual,2023,1105.02,Normal value,False
Employed population by age groups,AUS,Australia,Employment,Persons,Calendar and seasonally adjusted,Male,From 15 to 24 years,Annual,2024,1122.527,Normal value,False
Employed population by age groups,AUS,Australia,Employment,Persons,Calendar and seasonally adjusted,Male,From 15 to 24 years,Annual,2025,1144.974,Normal value,False
Employed population by age groups,AUT,Austria,Employment,Persons,Calendar and seasonally adjusted,Male,From 15 to 24 years,Annual,2016,264.5,Normal value,False
Employed population by age groups,AUT,Austria,Employment,Persons,Calendar and seasonally adjusted,Male,From 15 to 24 years,Annual,2017,251.5,Normal value,False
Employed population by age groups,AUT,Austria,Employment,Persons,Calendar and seasonally adjusted,Male,From 15 to 24 years,Annual,2018,254.0,Normal value,False
Employed population by age groups,AUT,Austria,Employment,Persons,Calendar and seasonally adjusted,Male,From 15 to 24 years,Annual,2019,251.0,Normal value,False
Employed population by age groups,AUT,Austria,Employment,Persons,Calendar and seasonally adjusted,Male,From 15 to 24 years,Annual,2020,237.0,Normal value,False
Employed population by age groups,AUT,Austria,Employment,Persons,Calendar and seasonally adjusted,Male,From 15 to 24 years,Annual,2021,245.35,Normal value,False
Employed population by age groups,AUT,Austria,Employment,Persons,Calendar and seasonally adjusted,Male,From 15 to 24 years,Annual,2022,252.15,Normal value,False
Employed population by age groups,AUT,Austria,Employment,Persons,Calendar and seasonally adjusted,Male,From 15 to 24 years,Annual,2023,257.525,Normal value,False
Employed population by age groups,AUT,Austria,Employment,Persons,Calendar and seasonally adjusted,Male,From 15 to 24 years,Annual,2024,247.75,Normal value,False
Employed population by age groups,AUT,Austria,Employment,Persons,Calendar and seasonally adjusted,Male,From 15 to 24 years,Annual,2025,242.725,Normal value,False
Employed population by age groups,BEL,Belgium,Employment,Persons,Calendar and seasonally adjusted,Male,From 15 to 24 years,Annual,2017,160.25,Normal value,False
Employed population by age groups,BEL,Belgium,Employment,Persons,Calendar and seasonally adjusted,Male,From 15 to 24 years,Annual,2018,173.0,Normal value,False
Employed population by age groups,BEL,Belgium,Employment,Persons,Calendar and seasonally adjusted,Male,From 15 to 24 years,Annual,2019,179.5,Normal value,False
Employed population by age groups,BEL,Belgium,Employment,Persons,Calendar and seasonally adjusted,Male,From 15 to 24 years,Annual,2020,167.75,Normal value,False
Employed population by age groups,BEL,Belgium,Employment,Persons,Calendar and seasonally adjusted,Male,From 15 to 24 years,Annual,2021,171.9,Normal value,False
Employed population by age groups,BEL,Belgium,Employment,Persons,Calendar and seasonally adjusted,Male,From 15 to 24 years,Annual,2022,179.45,Normal value,False
Employed population by age groups,BEL,Belgium,Employment,Persons,Calendar and seasonally adjusted,Male,From 15 to 24 years,Annual,2023,185.975,Normal value,False
Employed population by age groups,BEL,Belgium,Employment,Persons,Calendar and seasonally adjusted,Male,From 15 to 24 years,Annual,2024,191.1,Normal value,False
Employed population by age groups,BEL,Belgium,Employment,Persons,Calendar and seasonally adjusted,Male,From 15 to 24 years,Annual,2025,213.575,Normal value,False
Employed population by age groups,CAN,Canada,Employment,Persons,Calendar and seasonally adjusted,Male,From 15 to 24 years,Annual,2016,1243.092,Normal value,False
Employed population by age groups,CAN,Canada,Employment,Persons,Calendar and seasonally adjusted,Male,From 15 to 24 years,Annual,2017,1295.183,Normal value,False
Employed population by age groups,CAN,Canada,Employment,Persons,Calendar and seasonally adjusted,Male,From 15 to 24 years,Annual,2018,1315.358,Normal value,False
Employed population by age groups,CAN,Canada,Employment,Persons,Calendar and seasonally adjusted,Male,From 15 to 24 years,Annual,2019,1316.833,Normal value,False
Employed population by age groups,CAN,Canada,Employment,Persons,Calendar and seasonally adjusted,Male,From 15 to 24 years,Annual,2020,1134.617,Normal value,False
Employed population by age groups,CAN,Canada,Employment,Persons,Calendar and seasonally adjusted,Male,From 15 to 24 years,Annual,2021,1236.617,Normal value,False
Employed population by age groups,CAN,Canada,Employment,Persons,Calendar and seasonally adjusted,Male,From 15 to 24 years,Annual,2022,1306.025,Normal value,False
Employed population by age groups,CAN,Canada,Employment,Persons,Calendar and seasonally adjusted,Male,From 15 to 24 years,Annual,2023,1359.858,Normal value,False
Employed population by age groups,CAN,Canada,Employment,Persons,Calendar and seasonally adjusted,Male,From 15 to 24 years,Annual,2024,1368.717,Normal value,False
Employed population by age groups,CAN,Canada,Employment,Persons,Calendar and seasonally adjusted,Male,From 15 to 24 years,Annual,2025,1404.883,Normal value,False
Employed population by age groups,CHL,Chile,Employment,Persons,Calendar and seasonally adjusted,Male,From 15 to 24 years,Annual,2016,485.9173,Normal value,False
Employed population by age groups,CHL,Chile,Employment,Persons,Calendar and seasonally adjusted,Male,From 15 to 24 years,Annual,2017,462.0278,Normal value,False
Employed population by age groups,CHL,Chile,Employment,Persons,Calendar and seasonally adjusted,Male,From 15 to 24 years,Annual,2018,441.9753,Normal value,False
Employed population by age groups,CHL,Chile,Employment,Persons,Calendar and seasonally adjusted,Male,From 15 to 24 years,Annual,2019,403.3142,Normal value,False
Employed population by age groups,CHL,Chile,Employment,Persons,Calendar and seasonally adjusted,Male,From 15 to 24 years,Annual,2020,321.1914,Normal value,False
Employed population by age groups,CHL,Chile,Employment,Persons,Calendar and seasonally adjusted,Male,From 15 to 24 years,Annual,2021,333.7932,Normal value,False
Employed population by age groups,CHL,Chile,Employment,Persons,Calendar and seasonally adjusted,Male,From 15 to 24 years,Annual,2022,365.132,Normal value,False
Employed population by age groups,CHL,Chile,Employment,Persons,Calendar and seasonally adjusted,Male,From 15 to 24 years,Annual,2023,350.9683,Normal value,False
Employed population by age groups,CHL,Chile,Employment,Persons,Calendar and seasonally adjusted,Male,From 15 to 24 years,Annual,2024,349.7436,Normal value,False
Employed population by age groups,CHL,Chile,Employment,Persons,Calendar and seasonally adjusted,Male,From 15 to 24 years,Annual,2025,343.5216,Normal value,False
Employed population by age groups,COL,Colombia,Employment,Persons,Calendar and seasonally adjusted,Male,From 15 to 24 years,Annual,2016,2115.21,Normal value,False
Employed population by age groups,COL,Colombia,Employment,Persons,Calendar and seasonally adjusted,Male,From 15 to 24 years,Annual,2017,2097.633,Normal value,False
Employed population by age groups,COL,Colombia,Employment,Persons,Calendar and seasonally adjusted,Male,From 15 to 24 years,Annual,2018,2070.447,Normal value,False
Employed population by age groups,COL,Colombia,Employment,Persons,Calendar and seasonally adjusted,Male,From 15 to 24 years,Annual,2019,2005.547,Normal value,False
Employed population by age groups,COL,Colombia,Employment,Persons,Calendar and seasonally adjusted,Male,From 15 to 24 years,Annual,2020,1749.176,Normal value,False
Employed population by age groups,COL,Colombia,Employment,Persons,Calendar and seasonally adjusted,Male,From 15 to 24 years,Annual,2021,1681.171,Normal value,False
Employed population by age groups,COL,Colombia,Employment,Persons,Calendar and seasonally adjusted,Male,From 15 to 24 years,Annual,2022,1753.655,Normal value,False
Employed population by age groups,COL,Colombia,Employment,Persons,Calendar and seasonally adjusted,Male,From 15 to 24 years,Annual,2023,1753.958,Normal value,False
Employed population by age groups,COL,Colombia,Employment,Persons,Calendar and seasonally adjusted,Male,From 15 to 24 years,Annual,2024,1705.604,Normal value,False
Employed population by age groups,COL,Colombia,Employment,Persons,Calendar and seasonally adjusted,Male,From 15 to 24 years,Annual,2025,1749.572,Normal value,False
Employed population by age groups,CRI,Costa Rica,Employment,Persons,Calendar and seasonally adjusted,Male,From 15 to 24 years,Annual,2016,194.7955,Normal value,False
Employed population by age groups,CRI,Costa Rica,Employment,Persons,Calendar and seasonally adjusted,Male,From 15 to 24 years,Annual,2017,185.4068,Normal value,False
Employed population by age groups,CRI,Costa Rica,Employment,Persons,Calendar and seasonally adjusted,Male,From 15 to 24 years,Annual,2018,182.3058,Normal value,False
Employed population by age groups,CRI,Costa Rica,Employment,Persons,Calendar and seasonally adjusted,Male,From 15 to 24 years,Annual,2019,155.609,Normal value,False
Employed population by age groups,CRI,Costa Rica,Employment,Persons,Calendar and seasonally adjusted,Male,From 15 to 24 years,Annual,2020,134.1472,Normal value,False
Employed population by age groups,CRI,Costa Rica,Employment,Persons,Calendar and seasonally adjusted,Male,From 15 to 24 years,Annual,2021,143.3062,Normal value,False
Employed population by age groups,CRI,Costa Rica,Employment,Persons,Calendar and seasonally adjusted,Male,From 15 to 24 years,Annual,2022,151.6152,Normal value,False
Employed population by age groups,CRI,Costa Rica,Employment,Persons,Calendar and seasonally adjusted,Male,From 15 to 24 years,Annual,2023,138.967,Normal value,False
Employed population by age groups,CRI,Costa Rica,Employment,Persons,Calendar and seasonally adjusted,Male,From 15 to 24 years,Annual,2024,142.699,Normal value,False
Employed population by age groups,CRI,Costa Rica,Employment,Persons,Calendar and seasonally adjusted,Male,From 15 to 24 years,Annual,2025,139.0428,Normal value,False
Employed population by age groups,CZE,Czechia,Employment,Persons,Calendar and seasonally adjusted,Male,From 15 to 24 years,Annual,2016,178.225,Normal value,False
Employed population by age groups,CZE,Czechia,Employment,Persons,Calendar and seasonally adjusted,Male,From 15 to 24 years,Annual,2017,173.0,Normal value,False
Employed population by age groups,CZE,Czechia,Employment,Persons,Calendar and seasonally adjusted,Male,From 15 to 24 years,Annual,2018,161.175,Normal value,False
Employed population by age groups,CZE,Czechia,Employment,Persons,Calendar and seasonally adjusted,Male,From 15 to 24 years,Annual,2019,156.275,Normal value,False
Employed population by age groups,CZE,Czechia,Employment,Persons,Calendar and seasonally adjusted,Male,From 15 to 24 years,Annual,2020,151.2,Normal value,False
Employed population by age groups,CZE,Czechia,Employment,Persons,Calendar and seasonally adjusted,Male,From 15 to 24 years,Annual,2022,151.25,Normal value,False
Employed population by age groups,CZE,Czechia,Employment,Persons,Calendar and seasonally adjusted,Male,From 15 to 24 years,Annual,2023,152.95,Normal value,False
Employed population by age groups,CZE,Czechia,Employment,Persons,Calendar and seasonally adjusted,Male,From 15 to 24 years,Annual,2024,150.675,Normal value,False
Employed population by age groups,CZE,Czechia,Employment,Persons,Calendar and seasonally adjusted,Male,From 15 to 24 years,Annual,2025,162.275,Normal value,False
Employed population by age groups,DNK,Denmark,Employment,Persons,Calendar and seasonally adjusted,Male,From 15 to 24 years,Annual,2017,193.25,Normal value,False
Employed population by age groups,DNK,Denmark,Employment,Persons,Calendar and seasonally adjusted,Male,From 15 to 24 years,Annual,2018,194.275,Normal value,False
Employed population by age groups,DNK,Denmark,Employment,Persons,Calendar and seasonally adjusted,Male,From 15 to 24 years,Annual,2019,199.6,Normal value,False
Employed population by age groups,DNK,Denmark,Employment,Persons,Calendar and seasonally adjusted,Male,From 15 to 24 years,Annual,2020,190.75,Normal value,False
Employed population by age groups,DNK,Denmark,Employment,Persons,Calendar and seasonally adjusted,Male,From 15 to 24 years,Annual,2021,195.025,Normal value,False
Employed population by age groups,DNK,Denmark,Employment,Persons,Calendar and seasonally adjusted,Male,From 15 to 24 years,Annual,2022,202.0,Normal value,False
Employed population by age groups,DNK,Denmark,Employment,Persons,Calendar and seasonally adjusted,Male,From 15 to 24 years,Annual,2023,203.125,Normal value,False
Employed population by age groups,DNK,Denmark,Employment,Persons,Calendar and seasonally adjusted,Male,From 15 to 24 years,Annual,2024,212.275,Normal value,False
Employed population by age groups,DNK,Denmark,Employment,Persons,Calendar and seasonally adjusted,Male,From 15 to 24 years,Annual,2025,222.45,Normal value,False
Employed population by age groups,EST,Estonia,Employment,Persons,Calendar and seasonally adjusted,Male,From 15 to 24 years,Annual,2016,24.0,Normal value,False
Employed population by age groups,EST,Estonia,Employment,Persons,Calendar and seasonally adjusted,Male,From 15 to 24 years,Annual,2017,25.0,Normal value,False
Employed population by age groups,EST,Estonia,Employment,Persons,Calendar and seasonally adjusted,Male,From 15 to 24 years,Annual,2018,25.5,Normal value,False
Employed population by age groups,EST,Estonia,Employment,Persons,Calendar and seasonally adjusted,Male,From 15 to 24 years,Annual,2019,24.0,Normal value,False
Employed population by age groups,EST,Estonia,Employment,Persons,Calendar and seasonally adjusted,Male,From 15 to 24 years,Annual,2020,21.25,Normal value,False
Employed population by age groups,EST,Estonia,Employment,Persons,Calendar and seasonally adjusted,Male,From 15 to 24 years,Annual,2021,20.325,Normal value,False
Employed population by age groups,EST,Estonia,Employment,Persons,Calendar and seasonally adjusted,Male,From 15 to 24 years,Annual,2022,20.475,Normal value,False
Employed population by age groups,EST,Estonia,Employment,Persons,Calendar and seasonally adjusted,Male,From 15 to 24 years,Annual,2023,22.025,Normal value,False
Employed population by age groups,EST,Estonia,Employment,Persons,Calendar and seasonally adjusted,Male,From 15 to 24 years,Annual,2024,22.9,Normal value,False
Employed population by age groups,EST,Estonia,Employment,Persons,Calendar and seasonally adjusted,Male,From 15 to 24 years,Annual,2025,24.125,Normal value,False
Employed population by age groups,FIN,Finland,Employment,Persons,Calendar and seasonally adjusted,Male,From 15 to 24 years,Annual,2016,123.75,Normal value,False
Employed population by age groups,FIN,Finland,Employment,Persons,Calendar and seasonally adjusted,Male,From 15 to 24 years,Annual,2017,127.5,Normal value,False
Employed population by age groups,FIN,Finland,Employment,Persons,Calendar and seasonally adjusted,Male,From 15 to 24 years,Annual,2018,127.0,Normal value,False
Employed population by age groups,FIN,Finland,Employment,Persons,Calendar and seasonally adjusted,Male,From 15 to 24 years,Annual,2019,131.0,Normal value,False
Employed population by age groups,FIN,Finland,Employment,Persons,Calendar and seasonally adjusted,Male,From 15 to 24 years,Annual,2020,121.25,Normal value,False
Employed population by age groups,FIN,Finland,Employment,Persons,Calendar and seasonally adjusted,Male,From 15 to 24 years,Annual,2021,128.625,Normal value,False
Employed population by age groups,FIN,Finland,Employment,Persons,Calendar and seasonally adjusted,Male,From 15 to 24 years,Annual,2022,135.225,Normal value,False
Employed population by age groups,FIN,Finland,Employment,Persons,Calendar and seasonally adjusted,Male,From 15 to 24 years,Annual,2023,132.025,Normal value,False
Employed population by age groups,FIN,Finland,Employment,Persons,Calendar and seasonally adjusted,Male,From 15 to 24 years,Annual,2024,127.125,Normal value,False
Employed population by age groups,FIN,Finland,Employment,Persons,Calendar and seasonally adjusted,Male,From 15 to 24 years,Annual,2025,128.7,Normal value,False
Employed population by age groups,FRA,France,Employment,Persons,Calendar and seasonally adjusted,Male,From 15 to 24 years,Annual,2016,1161.0,Normal value,False
Employed population by age groups,FRA,France,Employment,Persons,Calendar and seasonally adjusted,Male,From 15 to 24 years,Annual,2017,1206.75,Normal value,False
Employed population by age groups,FRA,France,Employment,Persons,Calendar and seasonally adjusted,Male,From 15 to 24 years,Annual,2018,1261.5,Normal value,False
Employed population by age groups,FRA,France,Employment,Persons,Calendar and seasonally adjusted,Male,From 15 to 24 years,Annual,2019,1238.5,Normal value,False
Employed population by age groups,FRA,France,Employment,Persons,Calendar and seasonally adjusted,Male,From 15 to 24 years,Annual,2020,1212.0,Normal value,False
Employed population by age groups,FRA,France,Employment,Persons,Calendar and seasonally adjusted,Male,From 15 to 24 years,Annual,2021,1309.0,Normal value,False
Employed population by age groups,FRA,France,Employment,Persons,Calendar and seasonally adjusted,Male,From 15 to 24 years,Annual,2022,1445.25,Normal value,False
Employed population by age groups,FRA,France,Employment,Persons,Calendar and seasonally adjusted,Male,From 15 to 24 years,Annual,2023,1473.7,Normal value,False
Employed population by age groups,FRA,France,Employment,Persons,Calendar and seasonally adjusted,Male,From 15 to 24 years,Annual,2024,1482.5,Normal value,False
Employed population by age groups,FRA,France,Employment,Persons,Calendar and seasonally adjusted,Male,From 15 to 24 years,Annual,2025,1499.4,Normal value,False
Employed population by age groups,DEU,Germany,Employment,Persons,Calendar and seasonally adjusted,Male,From 15 to 24 years,Annual,2016,2027.0,Normal value,False
Employed population by age groups,DEU,Germany,Employment,Persons,Calendar and seasonally adjusted,Male,From 15 to 24 years,Annual,2017,2045.5,Normal value,False
Employed population by age groups,DEU,Germany,Employment,Persons,Calendar and seasonally adjusted,Male,From 15 to 24 years,Annual,2018,2072.75,Normal value,False
Employed population by age groups,DEU,Germany,Employment,Persons,Calendar and seasonally adjusted,Male,From 15 to 24 years,Annual,2021,2105.375,Normal value,False
Employed population by age groups,DEU,Germany,Employment,Persons,Calendar and seasonally adjusted,Male,From 15 to 24 years,Annual,2022,2197.025,Normal value,False
Employed population by age groups,DEU,Germany,Employment,Persons,Calendar and seasonally adjusted,Male,From 15 to 24 years,Annual,2023,2247.275,Normal value,False
Employed population by age groups,DEU,Germany,Employment,Persons,Calendar and seasonally adjusted,Male,From 15 to 24 years,Annual,2024,2259.0,Normal value,False
Employed population by age groups,DEU,Germany,Employment,Persons,Calendar and seasonally adjusted,Male,From 15 to 24 years,Annual,2025,2232.275,Normal value,False
Employed population by age groups,GRC,Greece,Employment,Persons,Calendar and seasonally adjusted,Male,From 15 to 24 years,Annual,2016,80.5,Normal value,False
Employed population by age groups,GRC,Greece,Employment,Persons,Calendar and seasonally adjusted,Male,From 15 to 24 years,Annual,2017,85.25,Normal value,False
Employed population by age groups,GRC,Greece,Employment,Persons,Calendar and seasonally adjusted,Male,From 15 to 24 years,Annual,2018,86.5,Normal value,False
Employed population by age groups,GRC,Greece,Employment,Persons,Calendar and seasonally adjusted,Male,From 15 to 24 years,Annual,2019,86.5,Normal value,False
Employed population by age groups,GRC,Greece,Employment,Persons,Calendar and seasonally adjusted,Male,From 15 to 24 years,Annual,2020,80.25,Normal value,False
Employed population by age groups,GRC,Greece,Employment,Persons,Calendar and seasonally adjusted,Male,From 15 to 24 years,Annual,2021,81.8,Normal value,False
Employed population by age groups,GRC,Greece,Employment,Persons,Calendar and seasonally adjusted,Male,From 15 to 24 years,Annual,2022,100.175,Normal value,False
Employed population by age groups,GRC,Greece,Employment,Persons,Calendar and seasonally adjusted,Male,From 15 to 24 years,Annual,2023,107.225,Normal value,False
Employed population by age groups,GRC,Greece,Employment,Persons,Calendar and seasonally adjusted,Male,From 15 to 24 years,Annual,2024,107.85,Normal value,False
Employed population by age groups,GRC,Greece,Employment,Persons,Calendar and seasonally adjusted,Male,From 15 to 24 years,Annual,2025,118.75,Normal value,False
Employed population by age groups,HUN,Hungary,Employment,Persons,Calendar and seasonally adjusted,Male,From 15 to 24 years,Annual,2016,172.5,Normal value,False
Employed population by age groups,HUN,Hungary,Employment,Persons,Calendar and seasonally adjusted,Male,From 15 to 24 years,Annual,2018,170.45,Normal value,False
Employed population by age groups,HUN,Hungary,Employment,Persons,Calendar and seasonally adjusted,Male,From 15 to 24 years,Annual,2019,163.325,Normal value,False
Employed population by age groups,HUN,Hungary,Employment,Persons,Calendar and seasonally adjusted,Male,From 15 to 24 years,Annual,2021,146.175,Normal value,False
Employed population by age groups,HUN,Hungary,Employment,Persons,Calendar and seasonally adjusted,Male,From 15 to 24 years,Annual,2022,144.275,Normal value,False
Employed population by age groups,HUN,Hungary,Employment,Persons,Calendar and seasonally adjusted,Male,From 15 to 24 years,Annual,2023,153.85,Normal value,False
Employed population by age groups,HUN,Hungary,Employment,Persons,Calendar and seasonally adjusted,Male,From 15 to 24 years,Annual,2024,147.5,Normal value,False
Employed population by age groups,HUN,Hungary,Employment,Persons,Calendar and seasonally adjusted,Male,From 15 to 24 years,Annual,2025,144.15,Normal value,False
Employed population by age groups,ISL,Iceland,Employment,Persons,Calendar and seasonally adjusted,Male,From 15 to 24 years,Annual,2016,15.75,Normal value,False
Employed population by age groups,ISL,Iceland,Employment,Persons,Calendar and seasonally adjusted,Male,From 15 to 24 years,Annual,2017,15.5,Normal value,False
Employed population by age groups,ISL,Iceland,Employment,Persons,Calendar and seasonally adjusted,Male,From 15 to 24 years,Annual,2018,15.5,Normal value,False
Employed population by age groups,ISL,Iceland,Employment,Persons,Calendar and seasonally adjusted,Male,From 15 to 24 years,Annual,2019,14.0,Normal value,False
Employed population by age groups,ISL,Iceland,Employment,Persons,Calendar and seasonally adjusted,Male,From 15 to 24 years,Annual,2021,13.25,Normal value,False
Employed population by age groups,ISL,Iceland,Employment,Persons,Calendar and seasonally adjusted,Male,From 15 to 24 years,Annual,2022,14.65,Normal value,False
Employed population by age groups,ISL,Iceland,Employment,Persons,Calendar and seasonally adjusted,Male,From 15 to 24 years,Annual,2023,15.375,Normal value,False
Employed population by age groups,ISL,Iceland,Employment,Persons,Calendar and seasonally adjusted,Male,From 15 to 24 years,Annual,2024,17.175,Normal value,False
Employed population by age groups,IRL,Ireland,Employment,Persons,Calendar and seasonally adjusted,Male,From 15 to 24 years,Annual,2016,124.25,Normal value,False
Employed population by age groups,IRL,Ireland,Employment,Persons,Calendar and seasonally adjusted,Male,From 15 to 24 years,Annual,2017,120.25,Normal value,False
Employed population by age groups,IRL,Ireland,Employment,Persons,Calendar and seasonally adjusted,Male,From 15 to 24 years,Annual,2018,127.0,Normal value,False
Employed population by age groups,IRL,Ireland,Employment,Persons,Calendar and seasonally adjusted,Male,From 15 to 24 years,Annual,2019,130.0,Normal value,False
Employed population by age groups,IRL,Ireland,Employment,Persons,Calendar and seasonally adjusted,Male,From 15 to 24 years,Annual,2020,116.5,Normal value,False
Employed population by age groups,IRL,Ireland,Employment,Persons,Calendar and seasonally adjusted,Male,From 15 to 24 years,Annual,2021,139.75,Normal value,False
Employed population by age groups,IRL,Ireland,Employment,Persons,Calendar and seasonally adjusted,Male,From 15 to 24 years,Annual,2022,157.925,Normal value,False
Employed population by age groups,IRL,Ireland,Employment,Persons,Calendar and seasonally adjusted,Male,From 15 to 24 years,Annual,2023,163.525,Normal value,False
Employed population by age groups,IRL,Ireland,Employment,Persons,Calendar and seasonally adjusted,Male,From 15 to 24 years,Annual,2024,169.35,Normal value,False
Employed population by age groups,IRL,Ireland,Employment,Persons,Calendar and seasonally adjusted,Male,From 15 to 24 years,Annual,2025,168.975,Normal value,False
Employed population by age groups,ISR,Israel,Employment,Persons,Calendar and seasonally adjusted,Male,From 15 to 24 years,Annual,2016,296.4417,Normal value,False
Employed population by age groups,ISR,Israel,Employment,Persons,Calendar and seasonally adjusted,Male,From 15 to 24 years,Annual,2017,304.5917,Normal value,False
Employed population by age groups,ISR,Israel,Employment,Persons,Calendar and seasonally adjusted,Male,From 15 to 24 years,Annual,2018,299.0167,Normal value,False
Employed population by age groups,ISR,Israel,Employment,Persons,Calendar and seasonally adjusted,Male,From 15 to 24 years,Annual,2019,297.2417,Normal value,False
Employed population by age groups,ISR,Israel,Employment,Persons,Calendar and seasonally adjusted,Male,From 15 to 24 years,Annual,2020,272.2333,Normal value,False
Employed population by age groups,ISR,Israel,Employment,Persons,Calendar and seasonally adjusted,Male,From 15 to 24 years,Annual,2021,283.2583,Normal value,False
Employed population by age groups,ISR,Israel,Employment,Persons,Calendar and seasonally adjusted,Male,From 15 to 24 years,Annual,2022,300.0917,Normal value,False
Employed population by age groups,ISR,Israel,Employment,Persons,Calendar and seasonally adjusted,Male,From 15 to 24 years,Annual,2023,318.7333,Normal value,False
Employed population by age groups,ISR,Israel,Employment,Persons,Calendar and seasonally adjusted,Male,From 15 to 24 years,Annual,2025,322.8083,Normal value,False
Employed population by age groups,ITA,Italy,Employment,Persons,Calendar and seasonally adjusted,Male,From 15 to 24 years,Annual,2016,575.75,Normal value,False
Employed population by age groups,ITA,Italy,Employment,Persons,Calendar and seasonally adjusted,Male,From 15 to 24 years,Annual,2017,600.5,Normal value,False
Employed population by age groups,ITA,Italy,Employment,Persons,Calendar and seasonally adjusted,Male,From 15 to 24 years,Annual,2018,620.75,Normal value,False
Employed population by age groups,ITA,Italy,Employment,Persons,Calendar and seasonally adjusted,Male,From 15 to 24 years,Annual,2019,638.5,Normal value,False
Employed population by age groups,ITA,Italy,Employment,Persons,Calendar and seasonally adjusted,Male,From 15 to 24 years,Annual,2020,603.75,Normal value,False
Employed population by age groups,ITA,Italy,Employment,Persons,Calendar and seasonally adjusted,Male,From 15 to 24 years,Annual,2021,634.825,Normal value,False
Employed population by age groups,ITA,Italy,Employment,Persons,Calendar and seasonally adjusted,Male,From 15 to 24 years,Annual,2022,700.15,Normal value,False
Employed population by age groups,ITA,Italy,Employment,Persons,Calendar and seasonally adjusted,Male,From 15 to 24 years,Annual,2023,728.475,Normal value,False
Employed population by age groups,ITA,Italy,Employment,Persons,Calendar and seasonally adjusted,Male,From 15 to 24 years,Annual,2024,723.725,Normal value,False
Employed population by age groups,ITA,Italy,Employment,Persons,Calendar and seasonally adjusted,Male,From 15 to 24 years,Annual,2025,644.3,Normal value,False
Employed population by age groups,JPN,Japan,Employment,Persons,Calendar and seasonally adjusted,Male,From 15 to 24 years,Annual,2016,2594.167,Normal value,False
Employed population by age groups,JPN,Japan,Employment,Persons,Calendar and seasonally adjusted,Male,From 15 to 24 years,Annual,2017,2620.0,Normal value,False
Employed population by age groups,JPN,Japan,Employment,Persons,Calendar and seasonally adjusted,Male,From 15 to 24 years,Annual,2018,2806.667,Normal value,False
Employed population by age groups,JPN,Japan,Employment,Persons,Calendar and seasonally adjusted,Male,From 15 to 24 years,Annual,2019,2883.333,Normal value,False
Employed population by age groups,JPN,Japan,Employment,Persons,Calendar and seasonally adjusted,Male,From 15 to 24 years,Annual,2020,2798.333,Normal value,False
Employed population by age groups,JPN,Japan,Employment,Persons,Calendar and seasonally adjusted,Male,From 15 to 24 years,Annual,2021,2766.667,Normal value,False
Employed population by age groups,JPN,Japan,Employment,Persons,Calendar and seasonally adjusted,Male,From 15 to 24 years,Annual,2022,2725.833,Normal value,False
Employed population by age groups,JPN,Japan,Employment,Persons,Calendar and seasonally adjusted,Male,From 15 to 24 years,Annual,2023,2805.0,Normal value,False
Employed population by age groups,JPN,Japan,Employment,Persons,Calendar and seasonally adjusted,Male,From 15 to 24 years,Annual,2024,2866.667,Normal value,False
Employed population by age groups,JPN,Japan,Employment,Persons,Calendar and seasonally adjusted,Male,From 15 to 24 years,Annual,2025,2913.333,Normal value,False
Employed population by age groups,KOR,Korea,Employment,Persons,Calendar and seasonally adjusted,Male,From 15 to 24 years,Annual,2016,680.45,Normal value,False
Employed population by age groups,KOR,Korea,Employment,Persons,Calendar and seasonally adjusted,Male,From 15 to 24 years,Annual,2017,665.1083,Normal value,False
Employed population by age groups,KOR,Korea,Employment,Persons,Calendar and seasonally adjusted,Male,From 15 to 24 years,Annual,2018,595.2,Normal value,False
Employed population by age groups,KOR,Korea,Employment,Persons,Calendar and seasonally adjusted,Male,From 15 to 24 years,Annual,2019,615.9583,Normal value,False
Employed population by age groups,KOR,Korea,Employment,Persons,Calendar and seasonally adjusted,Male,From 15 to 24 years,Annual,2020,556.225,Normal value,False
Employed population by age groups,KOR,Korea,Employment,Persons,Calendar and seasonally adjusted,Male,From 15 to 24 years,Annual,2021,559.0333,Normal value,False
Employed population by age groups,KOR,Korea,Employment,Persons,Calendar and seasonally adjusted,Male,From 15 to 24 years,Annual,2022,583.2083,Normal value,False
Employed population by age groups,KOR,Korea,Employment,Persons,Calendar and seasonally adjusted,Male,From 15 to 24 years,Annual,2023,559.4333,Normal value,False
Employed population by age groups,KOR,Korea,Employment,Persons,Calendar and seasonally adjusted,Male,From 15 to 24 years,Annual,2024,511.35,Normal value,False
Employed population by age groups,KOR,Korea,Employment,Persons,Calendar and seasonally adjusted,Male,From 15 to 24 years,Annual,2025,469.125,Normal value,False
Employed population by age groups,LVA,Latvia,Employment,Persons,Calendar and seasonally adjusted,Male,From 15 to 24 years,Annual,2016,33.0,Normal value,False
Employed population by age groups,LVA,Latvia,Employment,Persons,Calendar and seasonally adjusted,Male,From 15 to 24 years,Annual,2017,32.0,Normal value,False
Employed population by age groups,LVA,Latvia,Employment,Persons,Calendar and seasonally adjusted,Male,From 15 to 24 years,Annual,2018,31.75,Normal value,False
Employed population by age groups,LVA,Latvia,Employment,Persons,Calendar and seasonally adjusted,Male,From 15 to 24 years,Annual,2019,29.75,Normal value,False
Employed population by age groups,LVA,Latvia,Employment,Persons,Calendar and seasonally adjusted,Male,From 15 to 24 years,Annual,2020,28.5,Normal value,False
Employed population by age groups,LVA,Latvia,Employment,Persons,Calendar and seasonally adjusted,Male,From 15 to 24 years,Annual,2021,26.575,Normal value,False
Employed population by age groups,LVA,Latvia,Employment,Persons,Calendar and seasonally adjusted,Male,From 15 to 24 years,Annual,2022,28.65,Normal value,False
Employed population by age groups,LVA,Latvia,Employment,Persons,Calendar and seasonally adjusted,Male,From 15 to 24 years,Annual,2023,29.85,Normal value,False
Employed population by age groups,LVA,Latvia,Employment,Persons,Calendar and seasonally adjusted,Male,From 15 to 24 years,Annual,2024,29.975,Normal value,False
Employed population by age groups,LVA,Latvia,Employment,Persons,Calendar and seasonally adjusted,Male,From 15 to 24 years,Annual,2025,30.525,Normal value,False
Employed population by age groups,LTU,Lithuania,Employment,Persons,Calendar and seasonally adjusted,Male,From 15 to 24 years,Annual,2016,58.0,Normal value,False
Employed population by age groups,LTU,Lithuania,Employment,Persons,Calendar and seasonally adjusted,Male,From 15 to 24 years,Annual,2017,53.5,Normal value,False
Employed population by age groups,LTU,Lithuania,Employment,Persons,Calendar and seasonally adjusted,Male,From 15 to 24 years,Annual,2018,53.0,Normal value,False
Employed population by age groups,LTU,Lithuania,Employment,Persons,Calendar and seasonally adjusted,Male,From 15 to 24 years,Annual,2019,49.5,Normal value,False
Employed population by age groups,LTU,Lithuania,Employment,Persons,Calendar and seasonally adjusted,Male,From 15 to 24 years,Annual,2020,44.0,Normal value,False
Employed population by age groups,LTU,Lithuania,Employment,Persons,Calendar and seasonally adjusted,Male,From 15 to 24 years,Annual,2021,46.675,Normal value,False
Employed population by age groups,LTU,Lithuania,Employment,Persons,Calendar and seasonally adjusted,Male,From 15 to 24 years,Annual,2022,43.675,Normal value,False
Employed population by age groups,LTU,Lithuania,Employment,Persons,Calendar and seasonally adjusted,Male,From 15 to 24 years,Annual,2023,41.75,Normal value,False
Employed population by age groups,LTU,Lithuania,Employment,Persons,Calendar and seasonally adjusted,Male,From 15 to 24 years,Annual,2024,46.675,Normal value,False
Employed population by age groups,LTU,Lithuania,Employment,Persons,Calendar and seasonally adjusted,Male,From 15 to 24 years,Annual,2025,44.8,Normal value,False
Employed population by age groups,LUX,Luxembourg,Employment,Persons,Calendar and seasonally adjusted,Male,From 15 to 24 years,Annual,2016,8.325,Normal value,False
Employed population by age groups,LUX,Luxembourg,Employment,Persons,Calendar and seasonally adjusted,Male,From 15 to 24 years,Annual,2017,9.525,Normal value,False
Employed population by age groups,LUX,Luxembourg,Employment,Persons,Calendar and seasonally adjusted,Male,From 15 to 24 years,Annual,2018,10.075,Normal value,False
Employed population by age groups,LUX,Luxembourg,Employment,Persons,Calendar and seasonally adjusted,Male,From 15 to 24 years,Annual,2019,11.075,Normal value,False
Employed population by age groups,LUX,Luxembourg,Employment,Persons,Calendar and seasonally adjusted,Male,From 15 to 24 years,Annual,2021,10.8,Normal value,False
Employed population by age groups,LUX,Luxembourg,Employment,Persons,Calendar and seasonally adjusted,Male,From 15 to 24 years,Annual,2022,9.675,Normal value,False
Employed population by age groups,LUX,Luxembourg,Employment,Persons,Calendar and seasonally adjusted,Male,From 15 to 24 years,Annual,2023,11.825,Normal value,False
Employed population by age groups,LUX,Luxembourg,Employment,Persons,Calendar and seasonally adjusted,Male,From 15 to 24 years,Annual,2024,11.225,Normal value,False
Employed population by age groups,LUX,Luxembourg,Employment,Persons,Calendar and seasonally adjusted,Male,From 15 to 24 years,Annual,2025,10.55,Normal value,False
Employed population by age groups,MEX,Mexico,Employment,Persons,Calendar and seasonally adjusted,Male,From 15 to 24 years,Annual,2016,5721.716,Normal value,False
Employed population by age groups,MEX,Mexico,Employment,Persons,Calendar and seasonally adjusted,Male,From 15 to 24 years,Annual,2017,5677.379,Normal value,False
Employed population by age groups,MEX,Mexico,Employment,Persons,Calendar and seasonally adjusted,Male,From 15 to 24 years,Annual,2018,5701.057,Normal value,False
Employed population by age groups,MEX,Mexico,Employment,Persons,Calendar and seasonally adjusted,Male,From 15 to 24 years,Annual,2019,5778.799,Normal value,False
Employed population by age groups,MEX,Mexico,Employment,Persons,Calendar and seasonally adjusted,Male,From 15 to 24 years,Annual,2021,5635.881,Normal value,False
Employed population by age groups,MEX,Mexico,Employment,Persons,Calendar and seasonally adjusted,Male,From 15 to 24 years,Annual,2022,5767.836,Normal value,False
Employed population by age groups,MEX,Mexico,Employment,Persons,Calendar and seasonally adjusted,Male,From 15 to 24 years,Annual,2023,5721.499,Normal value,False
Employed population by age groups,MEX,Mexico,Employment,Persons,Calendar and seasonally adjusted,Male,From 15 to 24 years,Annual,2024,5631.242,Normal value,False
Employed population by age groups,MEX,Mexico,Employment,Persons,Calendar and seasonally adjusted,Male,From 15 to 24 years,Annual,2025,5455.581,Normal value,False
Employed population by age groups,NLD,Netherlands,Employment,Persons,Calendar and seasonally adjusted,Male,From 15 to 24 years,Annual,2016,685.75,Normal value,False
Employed population by age groups,NLD,Netherlands,Employment,Persons,Calendar and seasonally adjusted,Male,From 15 to 24 years,Annual,2017,707.75,Normal value,False
Employed population by age groups,NLD,Netherlands,Employment,Persons,Calendar and seasonally adjusted,Male,From 15 to 24 years,Annual,2018,730.25,Normal value,False
Employed population by age groups,NLD,Netherlands,Employment,Persons,Calendar and seasonally adjusted,Male,From 15 to 24 years,Annual,2019,756.25,Normal value,False
Employed population by age groups,NLD,Netherlands,Employment,Persons,Calendar and seasonally adjusted,Male,From 15 to 24 years,Annual,2020,726.0,Normal value,False
Employed population by age groups,NLD,Netherlands,Employment,Persons,Calendar and seasonally adjusted,Male,From 15 to 24 years,Annual,2021,748.6,Normal value,False
Employed population by age groups,NLD,Netherlands,Employment,Persons,Calendar and seasonally adjusted,Male,From 15 to 24 years,Annual,2022,825.75,Normal value,False
Employed population by age groups,NLD,Netherlands,Employment,Persons,Calendar and seasonally adjusted,Male,From 15 to 24 years,Annual,2023,845.675,Normal value,False
Employed population by age groups,NLD,Netherlands,Employment,Persons,Calendar and seasonally adjusted,Male,From 15 to 24 years,Annual,2024,838.325,Normal value,False
Employed population by age groups,NLD,Netherlands,Employment,Persons,Calendar and seasonally adjusted,Male,From 15 to 24 years,Annual,2025,836.6,Normal value,False
Employed population by age groups,NZL,New Zealand,Employment,Persons,Calendar and seasonally adjusted,Male,From 15 to 24 years,Annual,2016,191.375,Normal value,False
Employed population by age groups,NZL,New Zealand,Employment,Persons,Calendar and seasonally adjusted,Male,From 15 to 24 years,Annual,2017,194.175,Normal value,False
Employed population by age groups,NZL,New Zealand,Employment,Persons,Calendar and seasonally adjusted,Male,From 15 to 24 years,Annual,2018,191.1,Normal value,False
Employed population by age groups,NZL,New Zealand,Employment,Persons,Calendar and seasonally adjusted,Male,From 15 to 24 years,Annual,2019,190.825,Normal value,False
Employed population by age groups,NZL,New Zealand,Employment,Persons,Calendar and seasonally adjusted,Male,From 15 to 24 years,Annual,2020,188.45,Normal value,False
Employed population by age groups,NZL,New Zealand,Employment,Persons,Calendar and seasonally adjusted,Male,From 15 to 24 years,Annual,2021,191.875,Normal value,False
Employed population by age groups,NZL,New Zealand,Employment,Persons,Calendar and seasonally adjusted,Male,From 15 to 24 years,Annual,2022,199.625,Normal value,False
Employed population by age groups,NZL,New Zealand,Employment,Persons,Calendar and seasonally adjusted,Male,From 15 to 24 years,Annual,2023,206.675,Normal value,False
Employed population by age groups,NOR,Norway,Employment,Persons,Calendar and seasonally adjusted,Male,From 15 to 24 years,Annual,2016,163.25,Normal value,False
Employed population by age groups,NOR,Norway,Employment,Persons,Calendar and seasonally adjusted,Male,From 15 to 24 years,Annual,2017,163.25,Normal value,False
Employed population by age groups,NOR,Norway,Employment,Persons,Calendar and seasonally adjusted,Male,From 15 to 24 years,Annual,2018,167.0,Normal value,False
Employed population by age groups,NOR,Norway,Employment,Persons,Calendar and seasonally adjusted,Male,From 15 to 24 years,Annual,2019,169.75,Normal value,False
Employed population by age groups,NOR,Norway,Employment,Persons,Calendar and seasonally adjusted,Male,From 15 to 24 years,Annual,2020,165.5,Normal value,False
Employed population by age groups,NOR,Norway,Employment,Persons,Calendar and seasonally adjusted,Male,From 15 to 24 years,Annual,2021,169.5,Normal value,False
Employed population by age groups,NOR,Norway,Employment,Persons,Calendar and seasonally adjusted,Male,From 15 to 24 years,Annual,2022,185.725,Normal value,False
Employed population by age groups,NOR,Norway,Employment,Persons,Calendar and seasonally adjusted,Male,From 15 to 24 years,Annual,2023,192.65,Normal value,False
Employed population by age groups,NOR,Norway,Employment,Persons,Calendar and seasonally adjusted,Male,From 15 to 24 years,Annual,2024,192.65,Normal value,False
Employed population by age groups,NOR,Norway,Employment,Persons,Calendar and seasonally adjusted,Male,From 15 to 24 years,Annual,2025,192.675,Normal value,False
Employed population by age groups,POL,Poland,Employment,Persons,Calendar and seasonally adjusted,Male,From 15 to 24 years,Annual,2016,664.75,Normal value,False
Employed population by age groups,POL,Poland,Employment,Persons,Calendar and seasonally adjusted,Male,From 15 to 24 years,Annual,2017,654.25,Normal value,False
Employed population by age groups,POL,Poland,Employment,Persons,Calendar and seasonally adjusted,Male,From 15 to 24 years,Annual,2018,649.0,Normal value,False
Employed population by age groups,POL,Poland,Employment,Persons,Calendar and seasonally adjusted,Male,From 15 to 24 years,Annual,2019,654.0,Normal value,False
Employed population by age groups,POL,Poland,Employment,Persons,Calendar and seasonally adjusted,Male,From 15 to 24 years,Annual,2020,592.5,Normal value,False
Employed population by age groups,POL,Poland,Employment,Persons,Calendar and seasonally adjusted,Male,From 15 to 24 years,Annual,2021,574.4,Normal value,False
Employed population by age groups,POL,Poland,Employment,Persons,Calendar and seasonally adjusted,Male,From 15 to 24 years,Annual,2022,580.125,Normal value,False
Employed population by age groups,POL,Poland,Employment,Persons,Calendar and seasonally adjusted,Male,From 15 to 24 years,Annual,2023,573.8,Normal value,False
Employed population by age groups,POL,Poland,Employment,Persons,Calendar and seasonally adjusted,Male,From 15 to 24 years,Annual,2024,557.95,Normal value,False
Employed population by age groups,POL,Poland,Employment,Persons,Calendar and seasonally adjusted,Male,From 15 to 24 years,Annual,2025,559.875,Normal value,False
Employed population by age groups,PRT,Portugal,Employment,Persons,Calendar and seasonally adjusted,Male,From 15 to 24 years,Annual,2016,142.5,Normal value,False
Employed population by age groups,PRT,Portugal,Employment,Persons,Calendar and seasonally adjusted,Male,From 15 to 24 years,Annual,2017,153.25,Normal value,False
Employed population by age groups,PRT,Portugal,Employment,Persons,Calendar and seasonally adjusted,Male,From 15 to 24 years,Annual,2018,162.75,Normal value,False
Employed population by age groups,PRT,Portugal,Employment,Persons,Calendar and seasonally adjusted,Male,From 15 to 24 years,Annual,2019,168.25,Normal value,False
Employed population by age groups,PRT,Portugal,Employment,Persons,Calendar and seasonally adjusted,Male,From 15 to 24 years,Annual,2020,142.5,Normal value,False
Employed population by age groups,PRT,Portugal,Employment,Persons,Calendar and seasonally adjusted,Male,From 15 to 24 years,Annual,2021,145.625,Normal value,False
Employed population by age groups,PRT,Portugal,Employment,Persons,Calendar and seasonally adjusted,Male,From 15 to 24 years,Annual,2022,154.125,Normal value,False
Employed population by age groups,PRT,Portugal,Employment,Persons,Calendar and seasonally adjusted,Male,From 15 to 24 years,Annual,2023,163.9,Normal value,False
Employed population by age groups,PRT,Portugal,Employment,Persons,Calendar and seasonally adjusted,Male,From 15 to 24 years,Annual,2024,157.925,Normal value,False
Employed population by age groups,PRT,Portugal,Employment,Persons,Calendar and seasonally adjusted,Male,From 15 to 24 years,Annual,2025,169.35,Normal value,False
Employed population by age groups,SVK,Slovak Republic,Employment,Persons,Calendar and seasonally adjusted,Male,From 15 to 24 years,Annual,2016,103.0,Normal value,False
Employed population by age groups,SVK,Slovak Republic,Employment,Persons,Calendar and seasonally adjusted,Male,From 15 to 24 years,Annual,2017,100.75,Normal value,False
Employed population by age groups,SVK,Slovak Republic,Employment,Persons,Calendar and seasonally adjusted,Male,From 15 to 24 years,Annual,2018,101.75,Normal value,False
Employed population by age groups,SVK,Slovak Republic,Employment,Persons,Calendar and seasonally adjusted,Male,From 15 to 24 years,Annual,2019,91.25,Normal value,False
Employed population by age groups,SVK,Slovak Republic,Employment,Persons,Calendar and seasonally adjusted,Male,From 15 to 24 years,Annual,2020,80.75,Normal value,False
Employed population by age groups,SVK,Slovak Republic,Employment,Persons,Calendar and seasonally adjusted,Male,From 15 to 24 years,Annual,2021,71.375,Normal value,False
Employed population by age groups,SVK,Slovak Republic,Employment,Persons,Calendar and seasonally adjusted,Male,From 15 to 24 years,Annual,2022,72.375,Normal value,False
Employed population by age groups,SVK,Slovak Republic,Employment,Persons,Calendar and seasonally adjusted,Male,From 15 to 24 years,Annual,2023,68.575,Normal value,False
Employed population by age groups,SVK,Slovak Republic,Employment,Persons,Calendar and seasonally adjusted,Male,From 15 to 24 years,Annual,2024,70.45,Normal value,False
Employed population by age groups,SVK,Slovak Republic,Employment,Persons,Calendar and seasonally adjusted,Male,From 15 to 24 years,Annual,2025,71.475,Normal value,False
Employed population by age groups,SVN,Slovenia,Employment,Persons,Calendar and seasonally adjusted,Male,From 15 to 24 years,Annual,2016,30.25,Normal value,False
Employed population by age groups,SVN,Slovenia,Employment,Persons,Calendar and seasonally adjusted,Male,From 15 to 24 years,Annual,2017,38.5,Normal value,False
Employed population by age groups,SVN,Slovenia,Employment,Persons,Calendar and seasonally adjusted,Male,From 15 to 24 years,Annual,2018,38.0,Normal value,False
Employed population by age groups,SVN,Slovenia,Employment,Persons,Calendar and seasonally adjusted,Male,From 15 to 24 years,Annual,2019,36.0,Normal value,False
Employed population by age groups,SVN,Slovenia,Employment,Persons,Calendar and seasonally adjusted,Male,From 15 to 24 years,Annual,2020,30.0,Normal value,False
Employed population by age groups,SVN,Slovenia,Employment,Persons,Calendar and seasonally adjusted,Male,From 15 to 24 years,Annual,2021,34.55,Normal value,False
Employed population by age groups,SVN,Slovenia,Employment,Persons,Calendar and seasonally adjusted,Male,From 15 to 24 years,Annual,2022,37.7,Normal value,False
Employed population by age groups,SVN,Slovenia,Employment,Persons,Calendar and seasonally adjusted,Male,From 15 to 24 years,Annual,2023,39.725,Normal value,False
Employed population by age groups,SVN,Slovenia,Employment,Persons,Calendar and seasonally adjusted,Male,From 15 to 24 years,Annual,2024,41.925,Normal value,False
Employed population by age groups,SVN,Slovenia,Employment,Persons,Calendar and seasonally adjusted,Male,From 15 to 24 years,Annual,2025,39.9,Normal value,False
Employed population by age groups,ESP,Spain,Employment,Persons,Calendar and seasonally adjusted,Male,From 15 to 24 years,Annual,2016,445.25,Normal value,False
Employed population by age groups,ESP,Spain,Employment,Persons,Calendar and seasonally adjusted,Male,From 15 to 24 years,Annual,2017,488.25,Normal value,False
Employed population by age groups,ESP,Spain,Employment,Persons,Calendar and seasonally adjusted,Male,From 15 to 24 years,Annual,2018,530.75,Normal value,False
Employed population by age groups,ESP,Spain,Employment,Persons,Calendar and seasonally adjusted,Male,From 15 to 24 years,Annual,2019,581.25,Normal value,False
Employed population by age groups,ESP,Spain,Employment,Persons,Calendar and seasonally adjusted,Male,From 15 to 24 years,Annual,2020,498.0,Normal value,False
Employed population by age groups,ESP,Spain,Employment,Persons,Calendar and seasonally adjusted,Male,From 15 to 24 years,Annual,2021,539.9,Normal value,False
Employed population by age groups,ESP,Spain,Employment,Persons,Calendar and seasonally adjusted,Male,From 15 to 24 years,Annual,2022,626.625,Normal value,False
Employed population by age groups,ESP,Spain,Employment,Persons,Calendar and seasonally adjusted,Male,From 15 to 24 years,Annual,2023,659.225,Normal value,False
Employed population by age groups,ESP,Spain,Employment,Persons,Calendar and seasonally adjusted,Male,From 15 to 24 years,Annual,2024,730.3,Normal value,False
Employed population by age groups,ESP,Spain,Employment,Persons,Calendar and seasonally adjusted,Male,From 15 to 24 years,Annual,2025,752.5,Normal value,False
Employed population by age groups,SWE,Sweden,Employment,Persons,Calendar and seasonally adjusted,Male,From 15 to 24 years,Annual,2016,262.5,Normal value,False
Employed population by age groups,SWE,Sweden,Employment,Persons,Calendar and seasonally adjusted,Male,From 15 to 24 years,Annual,2017,266.5,Normal value,False
Employed population by age groups,SWE,Sweden,Employment,Persons,Calendar and seasonally adjusted,Male,From 15 to 24 years,Annual,2018,260.5,Normal value,False
Employed population by age groups,SWE,Sweden,Employment,Persons,Calendar and seasonally adjusted,Male,From 15 to 24 years,Annual,2019,260.5,Normal value,False
Employed population by age groups,SWE,Sweden,Employment,Persons,Calendar and seasonally adjusted,Male,From 15 to 24 years,Annual,2020,236.75,Normal value,False
Employed population by age groups,SWE,Sweden,Employment,Persons,Calendar and seasonally adjusted,Male,From 15 to 24 years,Annual,2021,241.125,Normal value,False
Employed population by age groups,SWE,Sweden,Employment,Persons,Calendar and seasonally adjusted,Male,From 15 to 24 years,Annual,2022,278.0,Normal value,False
Employed population by age groups,SWE,Sweden,Employment,Persons,Calendar and seasonally adjusted,Male,From 15 to 24 years,Annual,2023,276.775,Normal value,False
Employed population by age groups,SWE,Sweden,Employment,Persons,Calendar and seasonally adjusted,Male,From 15 to 24 years,Annual,2024,264.725,Normal value,False
Employed population by age groups,SWE,Sweden,Employment,Persons,Calendar and seasonally adjusted,Male,From 15 to 24 years,Annual,2025,269.75,Normal value,False
Employed population by age groups,CHE,Switzerland,Employment,Persons,Calendar and seasonally adjusted,Male,From 15 to 24 years,Annual,2016,290.0,Normal value,False
Employed population by age groups,CHE,Switzerland,Employment,Persons,Calendar and seasonally adjusted,Male,From 15 to 24 years,Annual,2017,295.75,Normal value,False
Employed population by age groups,CHE,Switzerland,Employment,Persons,Calendar and seasonally adjusted,Male,From 15 to 24 years,Annual,2018,286.5,Normal value,False
Employed population by age groups,CHE,Switzerland,Employment,Persons,Calendar and seasonally adjusted,Male,From 15 to 24 years,Annual,2019,276.25,Normal value,False
Employed population by age groups,CHE,Switzerland,Employment,Persons,Calendar and seasonally adjusted,Male,From 15 to 24 years,Annual,2020,269.25,Normal value,False
Employed population by age groups,CHE,Switzerland,Employment,Persons,Calendar and seasonally adjusted,Male,From 15 to 24 years,Annual,2021,278.425,Normal value,False
Employed population by age groups,CHE,Switzerland,Employment,Persons,Calendar and seasonally adjusted,Male,From 15 to 24 years,Annual,2022,285.575,Normal value,False
Employed population by age groups,CHE,Switzerland,Employment,Persons,Calendar and seasonally adjusted,Male,From 15 to 24 years,Annual,2023,288.375,Normal value,False
Employed population by age groups,CHE,Switzerland,Employment,Persons,Calendar and seasonally adjusted,Male,From 15 to 24 years,Annual,2024,283.95,Normal value,False
Employed population by age groups,CHE,Switzerland,Employment,Persons,Calendar and seasonally adjusted,Male,From 15 to 24 years,Annual,2025,284.65,Normal value,False
Employed population by age groups,TUR,Türkiye,Employment,Persons,Calendar and seasonally adjusted,Male,From 15 to 24 years,Annual,2016,2675.575,Normal value,False
Employed population by age groups,TUR,Türkiye,Employment,Persons,Calendar and seasonally adjusted,Male,From 15 to 24 years,Annual,2017,2731.35,Normal value,False
Employed population by age groups,TUR,Türkiye,Employment,Persons,Calendar and seasonally adjusted,Male,From 15 to 24 years,Annual,2018,2767.3,Normal value,False
Employed population by age groups,TUR,Türkiye,Employment,Persons,Calendar and seasonally adjusted,Male,From 15 to 24 years,Annual,2019,2561.225,Normal value,False
Employed population by age groups,TUR,Türkiye,Employment,Persons,Calendar and seasonally adjusted,Male,From 15 to 24 years,Annual,2021,2615.25,Normal value,False
Employed population by age groups,TUR,Türkiye,Employment,Persons,Calendar and seasonally adjusted,Male,From 15 to 24 years,Annual,2022,2883.0,Normal value,False
Employed population by age groups,TUR,Türkiye,Employment,Persons,Calendar and seasonally adjusted,Male,From 15 to 24 years,Annual,2023,2992.5,Normal value,False
Employed population by age groups,TUR,Türkiye,Employment,Persons,Calendar and seasonally adjusted,Male,From 15 to 24 years,Annual,2024,3111.0,Normal value,False
Employed population by age groups,TUR,Türkiye,Employment,Persons,Calendar and seasonally adjusted,Male,From 15 to 24 years,Annual,2025,3154.0,Normal value,False
Employed population by age groups,GBR,United Kingdom,Employment,Persons,Calendar and seasonally adjusted,Male,From 15 to 24 years,Annual,2016,1988.25,Normal value,False
Employed population by age groups,GBR,United Kingdom,Employment,Persons,Calendar and seasonally adjusted,Male,From 15 to 24 years,Annual,2017,1966.75,Normal value,False
Employed population by age groups,GBR,United Kingdom,Employment,Persons,Calendar and seasonally adjusted,Male,From 15 to 24 years,Annual,2018,1984.25,Normal value,False
Employed population by age groups,GBR,United Kingdom,Employment,Persons,Calendar and seasonally adjusted,Male,From 15 to 24 years,Annual,2019,1899.5,Normal value,False
Employed population by age groups,GBR,United Kingdom,Employment,Persons,Calendar and seasonally adjusted,Male,From 15 to 24 years,Annual,2020,1793.25,Normal value,False
Employed population by age groups,GBR,United Kingdom,Employment,Persons,Calendar and seasonally adjusted,Male,From 15 to 24 years,Annual,2021,1792.5,Normal value,False
Employed population by age groups,GBR,United Kingdom,Employment,Persons,Calendar and seasonally adjusted,Male,From 15 to 24 years,Annual,2022,1860.5,Normal value,False
Employed population by age groups,GBR,United Kingdom,Employment,Persons,Calendar and seasonally adjusted,Male,From 15 to 24 years,Annual,2023,1930.5,Normal value,False
Employed population by age groups,GBR,United Kingdom,Employment,Persons,Calendar and seasonally adjusted,Male,From 15 to 24 years,Annual,2024,1856.5,Normal value,False
Employed population by age groups,GBR,United Kingdom,Employment,Persons,Calendar and seasonally adjusted,Male,From 15 to 24 years,Annual,2025,1943.5,Normal value,False
Employed population by age groups,AUS,Australia,Employment,Persons,Calendar and seasonally adjusted,Total,From 15 to 24 years,Annual,2016,1840.804,Normal value,False
Employed population by age groups,AUS,Australia,Employment,Persons,Calendar and seasonally adjusted,Total,From 15 to 24 years,Annual,2017,1851.866,Normal value,False
Employed population by age groups,AUS,Australia,Employment,Persons,Calendar and seasonally adjusted,Total,From 15 to 24 years,Annual,2018,1909.555,Normal value,False
Employed population by age groups,AUS,Australia,Employment,Persons,Calendar and seasonally adjusted,Total,From 15 to 24 years,Annual,2019,1923.532,Normal value,False
Employed population by age groups,AUS,Australia,Employment,Persons,Calendar and seasonally adjusted,Total,From 15 to 24 years,Annual,2020,1784.434,Normal value,False
Employed population by age groups,AUS,Australia,Employment,Persons,Calendar and seasonally adjusted,Total,From 15 to 24 years,Annual,2021,1865.941,Normal value,False
Employed population by age groups,AUS,Australia,Employment,Persons,Calendar and seasonally adjusted,Total,From 15 to 24 years,Annual,2022,2077.797,Normal value,False
Employed population by age groups,AUS,Australia,Employment,Persons,Calendar and seasonally adjusted,Total,From 15 to 24 years,Annual,2023,2171.282,Normal value,False
Employed population by age groups,AUS,Australia,Employment,Persons,Calendar and seasonally adjusted,Total,From 15 to 24 years,Annual,2024,2198.335,Normal value,False
Employed population by age groups,AUS,Australia,Employment,Persons,Calendar and seasonally adjusted,Total,From 15 to 24 years,Annual,2025,2247.602,Normal value,False
Employed population by age groups,AUT,Austria,Employment,Persons,Calendar and seasonally adjusted,Total,From 15 to 24 years,Annual,2016,501.25,Normal value,False
Employed population by age groups,AUT,Austria,Employment,Persons,Calendar and seasonally adjusted,Total,From 15 to 24 years,Annual,2017,483.5,Normal value,False
Employed population by age groups,AUT,Austria,Employment,Persons,Calendar and seasonally adjusted,Total,From 15 to 24 years,Annual,2018,480.75,Normal value,False
Employed population by age groups,AUT,Austria,Employment,Persons,Calendar and seasonally adjusted,Total,From 15 to 24 years,Annual,2019,472.5,Normal value,False
Employed population by age groups,AUT,Austria,Employment,Persons,Calendar and seasonally adjusted,Total,From 15 to 24 years,Annual,2020,450.25,Normal value,False
Employed population by age groups,AUT,Austria,Employment,Persons,Calendar and seasonally adjusted,Total,From 15 to 24 years,Annual,2021,449.2,Normal value,False
Employed population by age groups,AUT,Austria,Employment,Persons,Calendar and seasonally adjusted,Total,From 15 to 24 years,Annual,2022,467.6,Normal value,False
Employed population by age groups,AUT,Austria,Employment,Persons,Calendar and seasonally adjusted,Total,From 15 to 24 years,Annual,2023,481.925,Normal value,False
Employed population by age groups,AUT,Austria,Employment,Persons,Calendar and seasonally adjusted,Total,From 15 to 24 years,Annual,2024,465.45,Normal value,False
Employed population by age groups,AUT,Austria,Employment,Persons,Calendar and seasonally adjusted,Total,From 15 to 24 years,Annual,2025,461.15,Normal value,False
Employed population by age groups,BEL,Belgium,Employment,Persons,Calendar and seasonally adjusted,Total,From 15 to 24 years,Annual,2017,293.0,Normal value,False
Employed population by age groups,BEL,Belgium,Employment,Persons,Calendar and seasonally adjusted,Total,From 15 to 24 years,Annual,2018,322.0,Normal value,False
Employed population by age groups,BEL,Belgium,Employment,Persons,Calendar and seasonally adjusted,Total,From 15 to 24 years,Annual,2019,343.0,Normal value,False
Employed population by age groups,BEL,Belgium,Employment,Persons,Calendar and seasonally adjusted,Total,From 15 to 24 years,Annual,2020,310.0,Normal value,False
Employed population by age groups,BEL,Belgium,Employment,Persons,Calendar and seasonally adjusted,Total,From 15 to 24 years,Annual,2021,323.675,Normal value,False
Employed population by age groups,BEL,Belgium,Employment,Persons,Calendar and seasonally adjusted,Total,From 15 to 24 years,Annual,2022,344.725,Normal value,False
Employed population by age groups,BEL,Belgium,Employment,Persons,Calendar and seasonally adjusted,Total,From 15 to 24 years,Annual,2023,357.575,Normal value,False
Employed population by age groups,BEL,Belgium,Employment,Persons,Calendar and seasonally adjusted,Total,From 15 to 24 years,Annual,2024,360.65,Normal value,False
Employed population by age groups,BEL,Belgium,Employment,Persons,Calendar and seasonally adjusted,Total,From 15 to 24 years,Annual,2025,394.675,Normal value,False
Employed population by age groups,CAN,Canada,Employment,Persons,Calendar and seasonally adjusted,Total,From 15 to 24 years,Annual,2016,2471.158,Normal value,False
Employed population by age groups,CAN,Canada,Employment,Persons,Calendar and seasonally adjusted,Total,From 15 to 24 years,Annual,2017,2546.642,Normal value,False
Employed population by age groups,CAN,Canada,Employment,Persons,Calendar and seasonally adjusted,Total,From 15 to 24 years,Annual,2018,2569.983,Normal value,False
Employed population by age groups,CAN,Canada,Employment,Persons,Calendar and seasonally adjusted,Total,From 15 to 24 years,Annual,2019,2606.958,Normal value,False
Employed population by age groups,CAN,Canada,Employment,Persons,Calendar and seasonally adjusted,Total,From 15 to 24 years,Annual,2020,2211.0,Normal value,False
Employed population by age groups,CAN,Canada,Employment,Persons,Calendar and seasonally adjusted,Total,From 15 to 24 years,Annual,2021,2433.3,Normal value,False
Employed population by age groups,CAN,Canada,Employment,Persons,Calendar and seasonally adjusted,Total,From 15 to 24 years,Annual,2022,2604.233,Normal value,False
Employed population by age groups,CAN,Canada,Employment,Persons,Calendar and seasonally adjusted,Total,From 15 to 24 years,Annual,2023,2664.175,Normal value,False
Employed population by age groups,CAN,Canada,Employment,Persons,Calendar and seasonally adjusted,Total,From 15 to 24 years,Annual,2024,2682.475,Normal value,False
Employed population by age groups,CAN,Canada,Employment,Persons,Calendar and seasonally adjusted,Total,From 15 to 24 years,Annual,2025,2720.075,Normal value,False
Employed population by age groups,CHL,Chile,Employment,Persons,Calendar and seasonally adjusted,Total,From 15 to 24 years,Annual,2016,820.6151,Normal value,False
Employed population by age groups,CHL,Chile,Employment,Persons,Calendar and seasonally adjusted,Total,From 15 to 24 years,Annual,2017,794.297,Normal value,False
Employed population by age groups,CHL,Chile,Employment,Persons,Calendar and seasonally adjusted,Total,From 15 to 24 years,Annual,2018,771.2383,Normal value,False
Employed population by age groups,CHL,Chile,Employment,Persons,Calendar and seasonally adjusted,Total,From 15 to 24 years,Annual,2019,720.9243,Normal value,False
Employed population by age groups,CHL,Chile,Employment,Persons,Calendar and seasonally adjusted,Total,From 15 to 24 years,Annual,2020,539.9166,Normal value,False
Employed population by age groups,CHL,Chile,Employment,Persons,Calendar and seasonally adjusted,Total,From 15 to 24 years,Annual,2021,565.5632,Normal value,False
Employed population by age groups,CHL,Chile,Employment,Persons,Calendar and seasonally adjusted,Total,From 15 to 24 years,Annual,2022,631.066,Normal value,False
Employed population by age groups,CHL,Chile,Employment,Persons,Calendar and seasonally adjusted,Total,From 15 to 24 years,Annual,2023,604.9518,Normal value,False
Employed population by age groups,CHL,Chile,Employment,Persons,Calendar and seasonally adjusted,Total,From 15 to 24 years,Annual,2024,607.4141,Normal value,False
Employed population by age groups,CHL,Chile,Employment,Persons,Calendar and seasonally adjusted,Total,From 15 to 24 years,Annual,2025,581.6277,Normal value,False
Employed population by age groups,COL,Colombia,Employment,Persons,Calendar and seasonally adjusted,Total,From 15 to 24 years,Annual,2016,3495.567,Normal value,False
Employed population by age groups,COL,Colombia,Employment,Persons,Calendar and seasonally adjusted,Total,From 15 to 24 years,Annual,2017,3469.893,Normal value,False
Employed population by age groups,COL,Colombia,Employment,Persons,Calendar and seasonally adjusted,Total,From 15 to 24 years,Annual,2018,3399.949,Normal value,False
Employed population by age groups,COL,Colombia,Employment,Persons,Calendar and seasonally adjusted,Total,From 15 to 24 years,Annual,2019,3313.079,Normal value,False
Employed population by age groups,COL,Colombia,Employment,Persons,Calendar and seasonally adjusted,Total,From 15 to 24 years,Annual,2020,2783.228,Normal value,False
Employed population by age groups,COL,Colombia,Employment,Persons,Calendar and seasonally adjusted,Total,From 15 to 24 years,Annual,2021,2673.655,Normal value,False
Employed population by age groups,COL,Colombia,Employment,Persons,Calendar and seasonally adjusted,Total,From 15 to 24 years,Annual,2022,2852.664,Normal value,False
Employed population by age groups,COL,Colombia,Employment,Persons,Calendar and seasonally adjusted,Total,From 15 to 24 years,Annual,2023,2900.179,Normal value,False
Employed population by age groups,COL,Colombia,Employment,Persons,Calendar and seasonally adjusted,Total,From 15 to 24 years,Annual,2024,2810.208,Normal value,False
Employed population by age groups,COL,Colombia,Employment,Persons,Calendar and seasonally adjusted,Total,From 15 to 24 years,Annual,2025,2873.895,Normal value,False
Employed population by age groups,CRI,Costa Rica,Employment,Persons,Calendar and seasonally adjusted,Total,From 15 to 24 years,Annual,2016,283.06,Normal value,False
Employed population by age groups,CRI,Costa Rica,Employment,Persons,Calendar and seasonally adjusted,Total,From 15 to 24 years,Annual,2017,281.039,Normal value,False
Employed population by age groups,CRI,Costa Rica,Employment,Persons,Calendar and seasonally adjusted,Total,From 15 to 24 years,Annual,2018,271.717,Normal value,False
Employed population by age groups,CRI,Costa Rica,Employment,Persons,Calendar and seasonally adjusted,Total,From 15 to 24 years,Annual,2019,242.4948,Normal value,False
Employed population by age groups,CRI,Costa Rica,Employment,Persons,Calendar and seasonally adjusted,Total,From 15 to 24 years,Annual,2020,199.4258,Normal value,False
Employed population by age groups,CRI,Costa Rica,Employment,Persons,Calendar and seasonally adjusted,Total,From 15 to 24 years,Annual,2021,217.2318,Normal value,False
Employed population by age groups,CRI,Costa Rica,Employment,Persons,Calendar and seasonally adjusted,Total,From 15 to 24 years,Annual,2022,231.5818,Normal value,False
Employed population by age groups,CRI,Costa Rica,Employment,Persons,Calendar and seasonally adjusted,Total,From 15 to 24 years,Annual,2023,215.9745,Normal value,False
Employed population by age groups,CRI,Costa Rica,Employment,Persons,Calendar and seasonally adjusted,Total,From 15 to 24 years,Annual,2024,220.1882,Normal value,False
Employed population by age groups,CRI,Costa Rica,Employment,Persons,Calendar and seasonally adjusted,Total,From 15 to 24 years,Annual,2025,201.7215,Normal value,False
Employed population by age groups,CZE,Czechia,Employment,Persons,Calendar and seasonally adjusted,Total,From 15 to 24 years,Annual,2016,294.925,Normal value,False
Employed population by age groups,CZE,Czechia,Employment,Persons,Calendar and seasonally adjusted,Total,From 15 to 24 years,Annual,2017,291.25,Normal value,False
Employed population by age groups,CZE,Czechia,Employment,Persons,Calendar and seasonally adjusted,Total,From 15 to 24 years,Annual,2018,276.925,Normal value,False
Employed population by age groups,CZE,Czechia,Employment,Persons,Calendar and seasonally adjusted,Total,From 15 to 24 years,Annual,2019,270.125,Normal value,False
Employed population by age groups,CZE,Czechia,Employment,Persons,Calendar and seasonally adjusted,Total,From 15 to 24 years,Annual,2020,242.25,Normal value,False
Employed population by age groups,CZE,Czechia,Employment,Persons,Calendar and seasonally adjusted,Total,From 15 to 24 years,Annual,2022,254.225,Normal value,False
Employed population by age groups,CZE,Czechia,Employment,Persons,Calendar and seasonally adjusted,Total,From 15 to 24 years,Annual,2023,270.725,Normal value,False
Employed population by age groups,CZE,Czechia,Employment,Persons,Calendar and seasonally adjusted,Total,From 15 to 24 years,Annual,2024,268.575,Normal value,False
Employed population by age groups,CZE,Czechia,Employment,Persons,Calendar and seasonally adjusted,Total,From 15 to 24 years,Annual,2025,284.0,Normal value,False
Employed population by age groups,DNK,Denmark,Employment,Persons,Calendar and seasonally adjusted,Total,From 15 to 24 years,Annual,2017,385.875,Normal value,False
Employed population by age groups,DNK,Denmark,Employment,Persons,Calendar and seasonally adjusted,Total,From 15 to 24 years,Annual,2018,389.625,Normal value,False
Employed population by age groups,DNK,Denmark,Employment,Persons,Calendar and seasonally adjusted,Total,From 15 to 24 years,Annual,2019,396.225,Normal value,False
Employed population by age groups,DNK,Denmark,Employment,Persons,Calendar and seasonally adjusted,Total,From 15 to 24 years,Annual,2020,378.6,Normal value,False
Employed population by age groups,DNK,Denmark,Employment,Persons,Calendar and seasonally adjusted,Total,From 15 to 24 years,Annual,2021,378.925,Normal value,False
Employed population by age groups,DNK,Denmark,Employment,Persons,Calendar and seasonally adjusted,Total,From 15 to 24 years,Annual,2022,396.575,Normal value,False
Employed population by age groups,DNK,Denmark,Employment,Persons,Calendar and seasonally adjusted,Total,From 15 to 24 years,Annual,2023,406.55,Normal value,False
Employed population by age groups,DNK,Denmark,Employment,Persons,Calendar and seasonally adjusted,Total,From 15 to 24 years,Annual,2024,421.825,Normal value,False
Employed population by age groups,DNK,Denmark,Employment,Persons,Calendar and seasonally adjusted,Total,From 15 to 24 years,Annual,2025,435.325,Normal value,False
Employed population by age groups,EST,Estonia,Employment,Persons,Calendar and seasonally adjusted,Total,From 15 to 24 years,Annual,2016,48.25,Normal value,False
Employed population by age groups,EST,Estonia,Employment,Persons,Calendar and seasonally adjusted,Total,From 15 to 24 years,Annual,2017,49.25,Normal value,False
Employed population by age groups,EST,Estonia,Employment,Persons,Calendar and seasonally adjusted,Total,From 15 to 24 years,Annual,2018,50.25,Normal value,False
Employed population by age groups,EST,Estonia,Employment,Persons,Calendar and seasonally adjusted,Total,From 15 to 24 years,Annual,2019,47.25,Normal value,False
Employed population by age groups,EST,Estonia,Employment,Persons,Calendar and seasonally adjusted,Total,From 15 to 24 years,Annual,2020,42.25,Normal value,False
Employed population by age groups,EST,Estonia,Employment,Persons,Calendar and seasonally adjusted,Total,From 15 to 24 years,Annual,2021,41.225,Normal value,False
Employed population by age groups,EST,Estonia,Employment,Persons,Calendar and seasonally adjusted,Total,From 15 to 24 years,Annual,2022,45.575,Normal value,False
Employed population by age groups,EST,Estonia,Employment,Persons,Calendar and seasonally adjusted,Total,From 15 to 24 years,Annual,2023,47.875,Normal value,False
Employed population by age groups,EST,Estonia,Employment,Persons,Calendar and seasonally adjusted,Total,From 15 to 24 years,Annual,2024,49.05,Normal value,False
Employed population by age groups,EST,Estonia,Employment,Persons,Calendar and seasonally adjusted,Total,From 15 to 24 years,Annual,2025,48.85,Normal value,False
Employed population by age groups,FIN,Finland,Employment,Persons,Calendar and seasonally adjusted,Total,From 15 to 24 years,Annual,2016,255.75,Normal value,False
Employed population by age groups,FIN,Finland,Employment,Persons,Calendar and seasonally adjusted,Total,From 15 to 24 years,Annual,2017,259.75,Normal value,False
Employed population by age groups,FIN,Finland,Employment,Persons,Calendar and seasonally adjusted,Total,From 15 to 24 years,Annual,2018,262.25,Normal value,False
Employed population by age groups,FIN,Finland,Employment,Persons,Calendar and seasonally adjusted,Total,From 15 to 24 years,Annual,2019,262.5,Normal value,False
Employed population by age groups,FIN,Finland,Employment,Persons,Calendar and seasonally adjusted,Total,From 15 to 24 years,Annual,2020,241.0,Normal value,False
Employed population by age groups,FIN,Finland,Employment,Persons,Calendar and seasonally adjusted,Total,From 15 to 24 years,Annual,2021,258.5,Normal value,False
Employed population by age groups,FIN,Finland,Employment,Persons,Calendar and seasonally adjusted,Total,From 15 to 24 years,Annual,2022,272.725,Normal value,False
Employed population by age groups,FIN,Finland,Employment,Persons,Calendar and seasonally adjusted,Total,From 15 to 24 years,Annual,2023,274.15,Normal value,False
Employed population by age groups,FIN,Finland,Employment,Persons,Calendar and seasonally adjusted,Total,From 15 to 24 years,Annual,2024,262.3,Normal value,False
Employed population by age groups,FIN,Finland,Employment,Persons,Calendar and seasonally adjusted,Total,From 15 to 24 years,Annual,2025,260.1,Normal value,False
Employed population by age groups,FRA,France,Employment,Persons,Calendar and seasonally adjusted,Total,From 15 to 24 years,Annual,2016,2100.25,Normal value,False
Employed population by age groups,FRA,France,Employment,Persons,Calendar and seasonally adjusted,Total,From 15 to 24 years,Annual,2017,2166.25,Normal value,False
Employed population by age groups,FRA,France,Employment,Persons,Calendar and seasonally adjusted,Total,From 15 to 24 years,Annual,2018,2259.25,Normal value,False
Employed population by age groups,FRA,France,Employment,Persons,Calendar and seasonally adjusted,Total,From 15 to 24 years,Annual,2019,2264.75,Normal value,False
Employed population by age groups,FRA,France,Employment,Persons,Calendar and seasonally adjusted,Total,From 15 to 24 years,Annual,2020,2191.75,Normal value,False
Employed population by age groups,FRA,France,Employment,Persons,Calendar and seasonally adjusted,Total,From 15 to 24 years,Annual,2021,2464.775,Normal value,False
Employed population by age groups,FRA,France,Employment,Persons,Calendar and seasonally adjusted,Total,From 15 to 24 years,Annual,2022,2739.8,Normal value,False
Employed population by age groups,FRA,France,Employment,Persons,Calendar and seasonally adjusted,Total,From 15 to 24 years,Annual,2023,2777.975,Normal value,False
Employed population by age groups,FRA,France,Employment,Persons,Calendar and seasonally adjusted,Total,From 15 to 24 years,Annual,2024,2735.075,Normal value,False
Employed population by age groups,FRA,France,Employment,Persons,Calendar and seasonally adjusted,Total,From 15 to 24 years,Annual,2025,2743.2,Normal value,False
Employed population by age groups,DEU,Germany,Employment,Persons,Calendar and seasonally adjusted,Total,From 15 to 24 years,Annual,2016,3787.75,Normal value,False
Employed population by age groups,DEU,Germany,Employment,Persons,Calendar and seasonally adjusted,Total,From 15 to 24 years,Annual,2017,3833.75,Normal value,False
Employed population by age groups,DEU,Germany,Employment,Persons,Calendar and seasonally adjusted,Total,From 15 to 24 years,Annual,2018,3848.25,Normal value,False
Employed population by age groups,DEU,Germany,Employment,Persons,Calendar and seasonally adjusted,Total,From 15 to 24 years,Annual,2021,3899.8,Normal value,False
Employed population by age groups,DEU,Germany,Employment,Persons,Calendar and seasonally adjusted,Total,From 15 to 24 years,Annual,2022,4088.5,Normal value,False
Employed population by age groups,DEU,Germany,Employment,Persons,Calendar and seasonally adjusted,Total,From 15 to 24 years,Annual,2023,4193.4,Normal value,False
Employed population by age groups,DEU,Germany,Employment,Persons,Calendar and seasonally adjusted,Total,From 15 to 24 years,Annual,2024,4233.275,Normal value,False
Employed population by age groups,DEU,Germany,Employment,Persons,Calendar and seasonally adjusted,Total,From 15 to 24 years,Annual,2025,4218.025,Normal value,False
Employed population by age groups,GRC,Greece,Employment,Persons,Calendar and seasonally adjusted,Total,From 15 to 24 years,Annual,2016,140.0,Normal value,False
Employed population by age groups,GRC,Greece,Employment,Persons,Calendar and seasonally adjusted,Total,From 15 to 24 years,Annual,2017,152.0,Normal value,False
Employed population by age groups,GRC,Greece,Employment,Persons,Calendar and seasonally adjusted,Total,From 15 to 24 years,Annual,2018,149.0,Normal value,False
Employed population by age groups,GRC,Greece,Employment,Persons,Calendar and seasonally adjusted,Total,From 15 to 24 years,Annual,2019,154.0,Normal value,False
Employed population by age groups,GRC,Greece,Employment,Persons,Calendar and seasonally adjusted,Total,From 15 to 24 years,Annual,2020,135.5,Normal value,False
Employed population by age groups,GRC,Greece,Employment,Persons,Calendar and seasonally adjusted,Total,From 15 to 24 years,Annual,2021,139.675,Normal value,False
Employed population by age groups,GRC,Greece,Employment,Persons,Calendar and seasonally adjusted,Total,From 15 to 24 years,Annual,2022,168.65,Normal value,False
Employed population by age groups,GRC,Greece,Employment,Persons,Calendar and seasonally adjusted,Total,From 15 to 24 years,Annual,2023,192.6,Normal value,False
Employed population by age groups,GRC,Greece,Employment,Persons,Calendar and seasonally adjusted,Total,From 15 to 24 years,Annual,2024,196.975,Normal value,False
Employed population by age groups,GRC,Greece,Employment,Persons,Calendar and seasonally adjusted,Total,From 15 to 24 years,Annual,2025,211.1,Normal value,False
Employed population by age groups,HUN,Hungary,Employment,Persons,Calendar and seasonally adjusted,Total,From 15 to 24 years,Annual,2016,301.075,Normal value,False
Employed population by age groups,HUN,Hungary,Employment,Persons,Calendar and seasonally adjusted,Total,From 15 to 24 years,Annual,2018,287.0,Normal value,False
Employed population by age groups,HUN,Hungary,Employment,Persons,Calendar and seasonally adjusted,Total,From 15 to 24 years,Annual,2019,274.25,Normal value,False
Employed population by age groups,HUN,Hungary,Employment,Persons,Calendar and seasonally adjusted,Total,From 15 to 24 years,Annual,2021,252.025,Normal value,False
Employed population by age groups,HUN,Hungary,Employment,Persons,Calendar and seasonally adjusted,Total,From 15 to 24 years,Annual,2022,257.125,Normal value,False
Employed population by age groups,HUN,Hungary,Employment,Persons,Calendar and seasonally adjusted,Total,From 15 to 24 years,Annual,2023,266.225,Normal value,False
Employed population by age groups,HUN,Hungary,Employment,Persons,Calendar and seasonally adjusted,Total,From 15 to 24 years,Annual,2024,263.5,Normal value,False
Employed population by age groups,HUN,Hungary,Employment,Persons,Calendar and seasonally adjusted,Total,From 15 to 24 years,Annual,2025,253.35,Normal value,False
Employed population by age groups,ISL,Iceland,Employment,Persons,Calendar and seasonally adjusted,Total,From 15 to 24 years,Annual,2016,30.5,Normal value,False
Employed population by age groups,ISL,Iceland,Employment,Persons,Calendar and seasonally adjusted,Total,From 15 to 24 years,Annual,2017,30.0,Normal value,False
Employed population by age groups,ISL,Iceland,Employment,Persons,Calendar and seasonally adjusted,Total,From 15 to 24 years,Annual,2018,30.25,Normal value,False
Employed population by age groups,ISL,Iceland,Employment,Persons,Calendar and seasonally adjusted,Total,From 15 to 24 years,Annual,2019,28.75,Normal value,False
Employed population by age groups,ISL,Iceland,Employment,Persons,Calendar and seasonally adjusted,Total,From 15 to 24 years,Annual,2021,26.55,Normal value,False
Employed population by age groups,ISL,Iceland,Employment,Persons,Calendar and seasonally adjusted,Total,From 15 to 24 years,Annual,2022,29.5,Normal value,False
Employed population by age groups,ISL,Iceland,Employment,Persons,Calendar and seasonally adjusted,Total,From 15 to 24 years,Annual,2023,30.775,Normal value,False
Employed population by age groups,ISL,Iceland,Employment,Persons,Calendar and seasonally adjusted,Total,From 15 to 24 years,Annual,2024,32.975,Normal value,False
Employed population by age groups,IRL,Ireland,Employment,Persons,Calendar and seasonally adjusted,Total,From 15 to 24 years,Annual,2016,242.0,Normal value,False
Employed population by age groups,IRL,Ireland,Employment,Persons,Calendar and seasonally adjusted,Total,From 15 to 24 years,Annual,2017,235.0,Normal value,False
Employed population by age groups,IRL,Ireland,Employment,Persons,Calendar and seasonally adjusted,Total,From 15 to 24 years,Annual,2018,243.5,Normal value,False
Employed population by age groups,IRL,Ireland,Employment,Persons,Calendar and seasonally adjusted,Total,From 15 to 24 years,Annual,2019,255.25,Normal value,False
Employed population by age groups,IRL,Ireland,Employment,Persons,Calendar and seasonally adjusted,Total,From 15 to 24 years,Annual,2020,226.0,Normal value,False
Employed population by age groups,IRL,Ireland,Employment,Persons,Calendar and seasonally adjusted,Total,From 15 to 24 years,Annual,2021,273.6,Normal value,False
Employed population by age groups,IRL,Ireland,Employment,Persons,Calendar and seasonally adjusted,Total,From 15 to 24 years,Annual,2022,307.925,Normal value,False
Employed population by age groups,IRL,Ireland,Employment,Persons,Calendar and seasonally adjusted,Total,From 15 to 24 years,Annual,2023,321.25,Normal value,False
Employed population by age groups,IRL,Ireland,Employment,Persons,Calendar and seasonally adjusted,Total,From 15 to 24 years,Annual,2024,327.0,Normal value,False
Employed population by age groups,IRL,Ireland,Employment,Persons,Calendar and seasonally adjusted,Total,From 15 to 24 years,Annual,2025,323.6,Normal value,False
Employed population by age groups,ISR,Israel,Employment,Persons,Calendar and seasonally adjusted,Total,From 15 to 24 years,Annual,2016,567.4083,Normal value,False
Employed population by age groups,ISR,Israel,Employment,Persons,Calendar and seasonally adjusted,Total,From 15 to 24 years,Annual,2017,583.875,Normal value,False
Employed population by age groups,ISR,Israel,Employment,Persons,Calendar and seasonally adjusted,Total,From 15 to 24 years,Annual,2018,583.925,Normal value,False
Employed population by age groups,ISR,Israel,Employment,Persons,Calendar and seasonally adjusted,Total,From 15 to 24 years,Annual,2019,586.4916,Normal value,False
Employed population by age groups,ISR,Israel,Employment,Persons,Calendar and seasonally adjusted,Total,From 15 to 24 years,Annual,2020,541.6417,Normal value,False
Employed population by age groups,ISR,Israel,Employment,Persons,Calendar and seasonally adjusted,Total,From 15 to 24 years,Annual,2021,566.6166,Normal value,False
Employed population by age groups,ISR,Israel,Employment,Persons,Calendar and seasonally adjusted,Total,From 15 to 24 years,Annual,2022,603.275,Normal value,False
Employed population by age groups,ISR,Israel,Employment,Persons,Calendar and seasonally adjusted,Total,From 15 to 24 years,Annual,2023,632.8,Normal value,False
Employed population by age groups,ISR,Israel,Employment,Persons,Calendar and seasonally adjusted,Total,From 15 to 24 years,Annual,2025,646.4417,Normal value,False
Employed population by age groups,ITA,Italy,Employment,Persons,Calendar and seasonally adjusted,Total,From 15 to 24 years,Annual,2016,965.75,Normal value,False
Employed population by age groups,ITA,Italy,Employment,Persons,Calendar and seasonally adjusted,Total,From 15 to 24 years,Annual,2017,991.75,Normal value,False
Employed population by age groups,ITA,Italy,Employment,Persons,Calendar and seasonally adjusted,Total,From 15 to 24 years,Annual,2018,1019.0,Normal value,False
Employed population by age groups,ITA,Italy,Employment,Persons,Calendar and seasonally adjusted,Total,From 15 to 24 years,Annual,2019,1061.25,Normal value,False
Employed population by age groups,ITA,Italy,Employment,Persons,Calendar and seasonally adjusted,Total,From 15 to 24 years,Annual,2020,959.5,Normal value,False
Employed population by age groups,ITA,Italy,Employment,Persons,Calendar and seasonally adjusted,Total,From 15 to 24 years,Annual,2021,1011.75,Normal value,False
Employed population by age groups,ITA,Italy,Employment,Persons,Calendar and seasonally adjusted,Total,From 15 to 24 years,Annual,2022,1145.875,Normal value,False
Employed population by age groups,ITA,Italy,Employment,Persons,Calendar and seasonally adjusted,Total,From 15 to 24 years,Annual,2023,1180.675,Normal value,False
Employed population by age groups,ITA,Italy,Employment,Persons,Calendar and seasonally adjusted,Total,From 15 to 24 years,Annual,2024,1148.025,Normal value,False
Employed population by age groups,ITA,Italy,Employment,Persons,Calendar and seasonally adjusted,Total,From 15 to 24 years,Annual,2025,1049.45,Normal value,False
Employed population by age groups,JPN,Japan,Employment,Persons,Calendar and seasonally adjusted,Total,From 15 to 24 years,Annual,2016,5110.0,Normal value,False
Employed population by age groups,JPN,Japan,Employment,Persons,Calendar and seasonally adjusted,Total,From 15 to 24 years,Annual,2017,5173.333,Normal value,False
Employed population by age groups,JPN,Japan,Employment,Persons,Calendar and seasonally adjusted,Total,From 15 to 24 years,Annual,2018,5587.5,Normal value,False
Employed population by age groups,JPN,Japan,Employment,Persons,Calendar and seasonally adjusted,Total,From 15 to 24 years,Annual,2019,5752.5,Normal value,False
Employed population by age groups,JPN,Japan,Employment,Persons,Calendar and seasonally adjusted,Total,From 15 to 24 years,Annual,2020,5575.833,Normal value,False
Employed population by age groups,JPN,Japan,Employment,Persons,Calendar and seasonally adjusted,Total,From 15 to 24 years,Annual,2021,5535.0,Normal value,False
Employed population by age groups,JPN,Japan,Employment,Persons,Calendar and seasonally adjusted,Total,From 15 to 24 years,Annual,2022,5469.167,Normal value,False
Employed population by age groups,JPN,Japan,Employment,Persons,Calendar and seasonally adjusted,Total,From 15 to 24 years,Annual,2023,5621.667,Normal value,False
Employed population by age groups,JPN,Japan,Employment,Persons,Calendar and seasonally adjusted,Total,From 15 to 24 years,Annual,2024,5715.0,Normal value,False
Employed population by age groups,JPN,Japan,Employment,Persons,Calendar and seasonally adjusted,Total,From 15 to 24 years,Annual,2025,5799.167,Normal value,False
Employed population by age groups,KOR,Korea,Employment,Persons,Calendar and seasonally adjusted,Total,From 15 to 24 years,Annual,2016,1645.917,Normal value,False
Employed population by age groups,KOR,Korea,Employment,Persons,Calendar and seasonally adjusted,Total,From 15 to 24 years,Annual,2017,1614.925,Normal value,False
Employed population by age groups,KOR,Korea,Employment,Persons,Calendar and seasonally adjusted,Total,From 15 to 24 years,Annual,2018,1496.275,Normal value,False
Employed population by age groups,KOR,Korea,Employment,Persons,Calendar and seasonally adjusted,Total,From 15 to 24 years,Annual,2019,1469.808,Normal value,False
Employed population by age groups,KOR,Korea,Employment,Persons,Calendar and seasonally adjusted,Total,From 15 to 24 years,Annual,2020,1343.017,Normal value,False
Employed population by age groups,KOR,Korea,Employment,Persons,Calendar and seasonally adjusted,Total,From 15 to 24 years,Annual,2021,1389.55,Normal value,False
Employed population by age groups,KOR,Korea,Employment,Persons,Calendar and seasonally adjusted,Total,From 15 to 24 years,Annual,2022,1433.933,Normal value,False
Employed population by age groups,KOR,Korea,Employment,Persons,Calendar and seasonally adjusted,Total,From 15 to 24 years,Annual,2023,1364.767,Normal value,False
Employed population by age groups,KOR,Korea,Employment,Persons,Calendar and seasonally adjusted,Total,From 15 to 24 years,Annual,2024,1261.875,Normal value,False
Employed population by age groups,KOR,Korea,Employment,Persons,Calendar and seasonally adjusted,Total,From 15 to 24 years,Annual,2025,1157.05,Normal value,False
Employed population by age groups,LVA,Latvia,Employment,Persons,Calendar and seasonally adjusted,Total,From 15 to 24 years,Annual,2016,62.0,Normal value,False
Employed population by age groups,LVA,Latvia,Employment,Persons,Calendar and seasonally adjusted,Total,From 15 to 24 years,Annual,2017,59.25,Normal value,False
Employed population by age groups,LVA,Latvia,Employment,Persons,Calendar and seasonally adjusted,Total,From 15 to 24 years,Annual,2018,57.5,Normal value,False
Employed population by age groups,LVA,Latvia,Employment,Persons,Calendar and seasonally adjusted,Total,From 15 to 24 years,Annual,2019,54.25,Normal value,False
Employed population by age groups,LVA,Latvia,Employment,Persons,Calendar and seasonally adjusted,Total,From 15 to 24 years,Annual,2020,50.75,Normal value,False
Employed population by age groups,LVA,Latvia,Employment,Persons,Calendar and seasonally adjusted,Total,From 15 to 24 years,Annual,2021,48.0,Normal value,False
Employed population by age groups,LVA,Latvia,Employment,Persons,Calendar and seasonally adjusted,Total,From 15 to 24 years,Annual,2022,54.6,Normal value,False
Employed population by age groups,LVA,Latvia,Employment,Persons,Calendar and seasonally adjusted,Total,From 15 to 24 years,Annual,2023,56.325,Normal value,False
Employed population by age groups,LVA,Latvia,Employment,Persons,Calendar and seasonally adjusted,Total,From 15 to 24 years,Annual,2024,56.225,Normal value,False
Employed population by age groups,LVA,Latvia,Employment,Persons,Calendar and seasonally adjusted,Total,From 15 to 24 years,Annual,2025,57.625,Normal value,False
Employed population by age groups,LTU,Lithuania,Employment,Persons,Calendar and seasonally adjusted,Total,From 15 to 24 years,Annual,2016,105.25,Normal value,False
Employed population by age groups,LTU,Lithuania,Employment,Persons,Calendar and seasonally adjusted,Total,From 15 to 24 years,Annual,2017,98.25,Normal value,False
Employed population by age groups,LTU,Lithuania,Employment,Persons,Calendar and seasonally adjusted,Total,From 15 to 24 years,Annual,2018,98.25,Normal value,False
Employed population by age groups,LTU,Lithuania,Employment,Persons,Calendar and seasonally adjusted,Total,From 15 to 24 years,Annual,2019,94.5,Normal value,False
Employed population by age groups,LTU,Lithuania,Employment,Persons,Calendar and seasonally adjusted,Total,From 15 to 24 years,Annual,2020,82.75,Normal value,False
Employed population by age groups,LTU,Lithuania,Employment,Persons,Calendar and seasonally adjusted,Total,From 15 to 24 years,Annual,2021,85.75,Normal value,False
Employed population by age groups,LTU,Lithuania,Employment,Persons,Calendar and seasonally adjusted,Total,From 15 to 24 years,Annual,2022,86.4,Normal value,False
Employed population by age groups,LTU,Lithuania,Employment,Persons,Calendar and seasonally adjusted,Total,From 15 to 24 years,Annual,2023,84.3,Normal value,False
Employed population by age groups,LTU,Lithuania,Employment,Persons,Calendar and seasonally adjusted,Total,From 15 to 24 years,Annual,2024,85.325,Normal value,False
Employed population by age groups,LTU,Lithuania,Employment,Persons,Calendar and seasonally adjusted,Total,From 15 to 24 years,Annual,2025,86.175,Normal value,False
Employed population by age groups,LUX,Luxembourg,Employment,Persons,Calendar and seasonally adjusted,Total,From 15 to 24 years,Annual,2016,16.725,Normal value,False
Employed population by age groups,LUX,Luxembourg,Employment,Persons,Calendar and seasonally adjusted,Total,From 15 to 24 years,Annual,2017,18.0,Normal value,False
Employed population by age groups,LUX,Luxembourg,Employment,Persons,Calendar and seasonally adjusted,Total,From 15 to 24 years,Annual,2018,19.825,Normal value,False
Employed population by age groups,LUX,Luxembourg,Employment,Persons,Calendar and seasonally adjusted,Total,From 15 to 24 years,Annual,2019,20.125,Normal value,False
Employed population by age groups,LUX,Luxembourg,Employment,Persons,Calendar and seasonally adjusted,Total,From 15 to 24 years,Annual,2021,20.725,Normal value,False
Employed population by age groups,LUX,Luxembourg,Employment,Persons,Calendar and seasonally adjusted,Total,From 15 to 24 years,Annual,2022,19.525,Normal value,False
Employed population by age groups,LUX,Luxembourg,Employment,Persons,Calendar and seasonally adjusted,Total,From 15 to 24 years,Annual,2023,20.85,Normal value,False
Employed population by age groups,LUX,Luxembourg,Employment,Persons,Calendar and seasonally adjusted,Total,From 15 to 24 years,Annual,2024,21.325,Normal value,False
Employed population by age groups,LUX,Luxembourg,Employment,Persons,Calendar and seasonally adjusted,Total,From 15 to 24 years,Annual,2025,19.85,Normal value,False
Employed population by age groups,MEX,Mexico,Employment,Persons,Calendar and seasonally adjusted,Total,From 15 to 24 years,Annual,2016,8776.827,Normal value,False
Employed population by age groups,MEX,Mexico,Employment,Persons,Calendar and seasonally adjusted,Total,From 15 to 24 years,Annual,2017,8692.425,Normal value,False
Employed population by age groups,MEX,Mexico,Employment,Persons,Calendar and seasonally adjusted,Total,From 15 to 24 years,Annual,2018,8759.99,Normal value,False
Employed population by age groups,MEX,Mexico,Employment,Persons,Calendar and seasonally adjusted,Total,From 15 to 24 years,Annual,2019,8999.454,Normal value,False
Employed population by age groups,MEX,Mexico,Employment,Persons,Calendar and seasonally adjusted,Total,From 15 to 24 years,Annual,2021,8791.773,Normal value,False
Employed population by age groups,MEX,Mexico,Employment,Persons,Calendar and seasonally adjusted,Total,From 15 to 24 years,Annual,2022,9084.942,Normal value,False
Employed population by age groups,MEX,Mexico,Employment,Persons,Calendar and seasonally adjusted,Total,From 15 to 24 years,Annual,2023,9168.768,Normal value,False
Employed population by age groups,MEX,Mexico,Employment,Persons,Calendar and seasonally adjusted,Total,From 15 to 24 years,Annual,2024,9090.354,Normal value,False
Employed population by age groups,MEX,Mexico,Employment,Persons,Calendar and seasonally adjusted,Total,From 15 to 24 years,Annual,2025,8693.021,Normal value,False
Employed population by age groups,NLD,Netherlands,Employment,Persons,Calendar and seasonally adjusted,Total,From 15 to 24 years,Annual,2016,1416.0,Normal value,False
Employed population by age groups,NLD,Netherlands,Employment,Persons,Calendar and seasonally adjusted,Total,From 15 to 24 years,Annual,2017,1460.25,Normal value,False
Employed population by age groups,NLD,Netherlands,Employment,Persons,Calendar and seasonally adjusted,Total,From 15 to 24 years,Annual,2018,1503.25,Normal value,False
Employed population by age groups,NLD,Netherlands,Employment,Persons,Calendar and seasonally adjusted,Total,From 15 to 24 years,Annual,2019,1540.5,Normal value,False
Employed population by age groups,NLD,Netherlands,Employment,Persons,Calendar and seasonally adjusted,Total,From 15 to 24 years,Annual,2020,1487.5,Normal value,False
Employed population by age groups,NLD,Netherlands,Employment,Persons,Calendar and seasonally adjusted,Total,From 15 to 24 years,Annual,2021,1519.925,Normal value,False
Employed population by age groups,NLD,Netherlands,Employment,Persons,Calendar and seasonally adjusted,Total,From 15 to 24 years,Annual,2022,1621.275,Normal value,False
Employed population by age groups,NLD,Netherlands,Employment,Persons,Calendar and seasonally adjusted,Total,From 15 to 24 years,Annual,2023,1659.05,Normal value,False
Employed population by age groups,NLD,Netherlands,Employment,Persons,Calendar and seasonally adjusted,Total,From 15 to 24 years,Annual,2024,1653.075,Normal value,False
Employed population by age groups,NLD,Netherlands,Employment,Persons,Calendar and seasonally adjusted,Total,From 15 to 24 years,Annual,2025,1647.85,Normal value,False
Employed population by age groups,NZL,New Zealand,Employment,Persons,Calendar and seasonally adjusted,Total,From 15 to 24 years,Annual,2016,355.25,Normal value,False
Employed population by age groups,NZL,New Zealand,Employment,Persons,Calendar and seasonally adjusted,Total,From 15 to 24 years,Annual,2017,362.325,Normal value,False
Employed population by age groups,NZL,New Zealand,Employment,Persons,Calendar and seasonally adjusted,Total,From 15 to 24 years,Annual,2018,368.45,Normal value,False
Employed population by age groups,NZL,New Zealand,Employment,Persons,Calendar and seasonally adjusted,Total,From 15 to 24 years,Annual,2019,368.2,Normal value,False
Employed population by age groups,NZL,New Zealand,Employment,Persons,Calendar and seasonally adjusted,Total,From 15 to 24 years,Annual,2020,359.75,Normal value,False
Employed population by age groups,NZL,New Zealand,Employment,Persons,Calendar and seasonally adjusted,Total,From 15 to 24 years,Annual,2021,372.425,Normal value,False
Employed population by age groups,NZL,New Zealand,Employment,Persons,Calendar and seasonally adjusted,Total,From 15 to 24 years,Annual,2022,390.05,Normal value,False
Employed population by age groups,NZL,New Zealand,Employment,Persons,Calendar and seasonally adjusted,Total,From 15 to 24 years,Annual,2023,400.775,Normal value,False
Employed population by age groups,NOR,Norway,Employment,Persons,Calendar and seasonally adjusted,Total,From 15 to 24 years,Annual,2016,334.0,Normal value,False
Employed population by age groups,NOR,Norway,Employment,Persons,Calendar and seasonally adjusted,Total,From 15 to 24 years,Annual,2017,330.0,Normal value,False
Employed population by age groups,NOR,Norway,Employment,Persons,Calendar and seasonally adjusted,Total,From 15 to 24 years,Annual,2018,335.75,Normal value,False
Employed population by age groups,NOR,Norway,Employment,Persons,Calendar and seasonally adjusted,Total,From 15 to 24 years,Annual,2019,340.5,Normal value,False
Employed population by age groups,NOR,Norway,Employment,Persons,Calendar and seasonally adjusted,Total,From 15 to 24 years,Annual,2020,333.5,Normal value,False
Employed population by age groups,NOR,Norway,Employment,Persons,Calendar and seasonally adjusted,Total,From 15 to 24 years,Annual,2021,342.65,Normal value,False
Employed population by age groups,NOR,Norway,Employment,Persons,Calendar and seasonally adjusted,Total,From 15 to 24 years,Annual,2022,372.25,Normal value,False
Employed population by age groups,NOR,Norway,Employment,Persons,Calendar and seasonally adjusted,Total,From 15 to 24 years,Annual,2023,381.575,Normal value,False
Employed population by age groups,NOR,Norway,Employment,Persons,Calendar and seasonally adjusted,Total,From 15 to 24 years,Annual,2024,382.025,Normal value,False
Employed population by age groups,NOR,Norway,Employment,Persons,Calendar and seasonally adjusted,Total,From 15 to 24 years,Annual,2025,386.0,Normal value,False
Employed population by age groups,POL,Poland,Employment,Persons,Calendar and seasonally adjusted,Total,From 15 to 24 years,Annual,2016,1125.0,Normal value,False
Employed population by age groups,POL,Poland,Employment,Persons,Calendar and seasonally adjusted,Total,From 15 to 24 years,Annual,2017,1124.0,Normal value,False
Employed population by age groups,POL,Poland,Employment,Persons,Calendar and seasonally adjusted,Total,From 15 to 24 years,Annual,2018,1130.5,Normal value,False
Employed population by age groups,POL,Poland,Employment,Persons,Calendar and seasonally adjusted,Total,From 15 to 24 years,Annual,2019,1153.0,Normal value,False
Employed population by age groups,POL,Poland,Employment,Persons,Calendar and seasonally adjusted,Total,From 15 to 24 years,Annual,2020,1022.25,Normal value,False
Employed population by age groups,POL,Poland,Employment,Persons,Calendar and seasonally adjusted,Total,From 15 to 24 years,Annual,2021,978.125,Normal value,False
Employed population by age groups,POL,Poland,Employment,Persons,Calendar and seasonally adjusted,Total,From 15 to 24 years,Annual,2022,991.875,Normal value,False
Employed population by age groups,POL,Poland,Employment,Persons,Calendar and seasonally adjusted,Total,From 15 to 24 years,Annual,2023,1007.725,Normal value,False
Employed population by age groups,POL,Poland,Employment,Persons,Calendar and seasonally adjusted,Total,From 15 to 24 years,Annual,2024,1009.675,Normal value,False
Employed population by age groups,POL,Poland,Employment,Persons,Calendar and seasonally adjusted,Total,From 15 to 24 years,Annual,2025,981.925,Normal value,False
Employed population by age groups,PRT,Portugal,Employment,Persons,Calendar and seasonally adjusted,Total,From 15 to 24 years,Annual,2016,264.25,Normal value,False
Employed population by age groups,PRT,Portugal,Employment,Persons,Calendar and seasonally adjusted,Total,From 15 to 24 years,Annual,2017,283.5,Normal value,False
Employed population by age groups,PRT,Portugal,Employment,Persons,Calendar and seasonally adjusted,Total,From 15 to 24 years,Annual,2018,298.0,Normal value,False
Employed population by age groups,PRT,Portugal,Employment,Persons,Calendar and seasonally adjusted,Total,From 15 to 24 years,Annual,2019,304.25,Normal value,False
Employed population by age groups,PRT,Portugal,Employment,Persons,Calendar and seasonally adjusted,Total,From 15 to 24 years,Annual,2020,257.25,Normal value,False
Employed population by age groups,PRT,Portugal,Employment,Persons,Calendar and seasonally adjusted,Total,From 15 to 24 years,Annual,2021,250.9,Normal value,False
Employed population by age groups,PRT,Portugal,Employment,Persons,Calendar and seasonally adjusted,Total,From 15 to 24 years,Annual,2022,276.625,Normal value,False
Employed population by age groups,PRT,Portugal,Employment,Persons,Calendar and seasonally adjusted,Total,From 15 to 24 years,Annual,2023,305.7,Normal value,False
Employed population by age groups,PRT,Portugal,Employment,Persons,Calendar and seasonally adjusted,Total,From 15 to 24 years,Annual,2024,294.25,Normal value,False
Employed population by age groups,PRT,Portugal,Employment,Persons,Calendar and seasonally adjusted,Total,From 15 to 24 years,Annual,2025,306.225,Normal value,False
Employed population by age groups,SVK,Slovak Republic,Employment,Persons,Calendar and seasonally adjusted,Total,From 15 to 24 years,Annual,2016,160.75,Normal value,False
Employed population by age groups,SVK,Slovak Republic,Employment,Persons,Calendar and seasonally adjusted,Total,From 15 to 24 years,Annual,2017,165.25,Normal value,False
Employed population by age groups,SVK,Slovak Republic,Employment,Persons,Calendar and seasonally adjusted,Total,From 15 to 24 years,Annual,2018,162.0,Normal value,False
Employed population by age groups,SVK,Slovak Republic,Employment,Persons,Calendar and seasonally adjusted,Total,From 15 to 24 years,Annual,2019,141.75,Normal value,False
Employed population by age groups,SVK,Slovak Republic,Employment,Persons,Calendar and seasonally adjusted,Total,From 15 to 24 years,Annual,2020,126.25,Normal value,False
Employed population by age groups,SVK,Slovak Republic,Employment,Persons,Calendar and seasonally adjusted,Total,From 15 to 24 years,Annual,2021,113.3,Normal value,False
Employed population by age groups,SVK,Slovak Republic,Employment,Persons,Calendar and seasonally adjusted,Total,From 15 to 24 years,Annual,2022,113.6,Normal value,False
Employed population by age groups,SVK,Slovak Republic,Employment,Persons,Calendar and seasonally adjusted,Total,From 15 to 24 years,Annual,2023,114.5,Normal value,False
Employed population by age groups,SVK,Slovak Republic,Employment,Persons,Calendar and seasonally adjusted,Total,From 15 to 24 years,Annual,2024,115.05,Normal value,False
Employed population by age groups,SVK,Slovak Republic,Employment,Persons,Calendar and seasonally adjusted,Total,From 15 to 24 years,Annual,2025,115.775,Normal value,False
Employed population by age groups,SVN,Slovenia,Employment,Persons,Calendar and seasonally adjusted,Total,From 15 to 24 years,Annual,2016,54.75,Normal value,False
Employed population by age groups,SVN,Slovenia,Employment,Persons,Calendar and seasonally adjusted,Total,From 15 to 24 years,Annual,2017,65.5,Normal value,False
Employed population by age groups,SVN,Slovenia,Employment,Persons,Calendar and seasonally adjusted,Total,From 15 to 24 years,Annual,2018,65.0,Normal value,False
Employed population by age groups,SVN,Slovenia,Employment,Persons,Calendar and seasonally adjusted,Total,From 15 to 24 years,Annual,2019,62.0,Normal value,False
Employed population by age groups,SVN,Slovenia,Employment,Persons,Calendar and seasonally adjusted,Total,From 15 to 24 years,Annual,2020,51.0,Normal value,False
Employed population by age groups,SVN,Slovenia,Employment,Persons,Calendar and seasonally adjusted,Total,From 15 to 24 years,Annual,2021,60.225,Normal value,False
Employed population by age groups,SVN,Slovenia,Employment,Persons,Calendar and seasonally adjusted,Total,From 15 to 24 years,Annual,2022,65.825,Normal value,False
Employed population by age groups,SVN,Slovenia,Employment,Persons,Calendar and seasonally adjusted,Total,From 15 to 24 years,Annual,2023,67.125,Normal value,False
Employed population by age groups,SVN,Slovenia,Employment,Persons,Calendar and seasonally adjusted,Total,From 15 to 24 years,Annual,2024,69.0,Normal value,False
Employed population by age groups,SVN,Slovenia,Employment,Persons,Calendar and seasonally adjusted,Total,From 15 to 24 years,Annual,2025,66.725,Normal value,False
Employed population by age groups,ESP,Spain,Employment,Persons,Calendar and seasonally adjusted,Total,From 15 to 24 years,Annual,2016,820.25,Normal value,False
Employed population by age groups,ESP,Spain,Employment,Persons,Calendar and seasonally adjusted,Total,From 15 to 24 years,Annual,2017,921.25,Normal value,False
Employed population by age groups,ESP,Spain,Employment,Persons,Calendar and seasonally adjusted,Total,From 15 to 24 years,Annual,2018,989.25,Normal value,False
Employed population by age groups,ESP,Spain,Employment,Persons,Calendar and seasonally adjusted,Total,From 15 to 24 years,Annual,2019,1038.75,Normal value,False
Employed population by age groups,ESP,Spain,Employment,Persons,Calendar and seasonally adjusted,Total,From 15 to 24 years,Annual,2020,883.75,Normal value,False
Employed population by age groups,ESP,Spain,Employment,Persons,Calendar and seasonally adjusted,Total,From 15 to 24 years,Annual,2021,983.7,Normal value,False
Employed population by age groups,ESP,Spain,Employment,Persons,Calendar and seasonally adjusted,Total,From 15 to 24 years,Annual,2022,1133.35,Normal value,False
Employed population by age groups,ESP,Spain,Employment,Persons,Calendar and seasonally adjusted,Total,From 15 to 24 years,Annual,2023,1210.275,Normal value,False
Employed population by age groups,ESP,Spain,Employment,Persons,Calendar and seasonally adjusted,Total,From 15 to 24 years,Annual,2024,1311.45,Normal value,False
Employed population by age groups,ESP,Spain,Employment,Persons,Calendar and seasonally adjusted,Total,From 15 to 24 years,Annual,2025,1369.725,Normal value,False
Employed population by age groups,SWE,Sweden,Employment,Persons,Calendar and seasonally adjusted,Total,From 15 to 24 years,Annual,2016,523.0,Normal value,False
Employed population by age groups,SWE,Sweden,Employment,Persons,Calendar and seasonally adjusted,Total,From 15 to 24 years,Annual,2017,524.0,Normal value,False
Employed population by age groups,SWE,Sweden,Employment,Persons,Calendar and seasonally adjusted,Total,From 15 to 24 years,Annual,2018,517.75,Normal value,False
Employed population by age groups,SWE,Sweden,Employment,Persons,Calendar and seasonally adjusted,Total,From 15 to 24 years,Annual,2019,509.25,Normal value,False
Employed population by age groups,SWE,Sweden,Employment,Persons,Calendar and seasonally adjusted,Total,From 15 to 24 years,Annual,2020,456.0,Normal value,False
Employed population by age groups,SWE,Sweden,Employment,Persons,Calendar and seasonally adjusted,Total,From 15 to 24 years,Annual,2021,471.475,Normal value,False
Employed population by age groups,SWE,Sweden,Employment,Persons,Calendar and seasonally adjusted,Total,From 15 to 24 years,Annual,2022,520.625,Normal value,False
Employed population by age groups,SWE,Sweden,Employment,Persons,Calendar and seasonally adjusted,Total,From 15 to 24 years,Annual,2023,532.5,Normal value,False
Employed population by age groups,SWE,Sweden,Employment,Persons,Calendar and seasonally adjusted,Total,From 15 to 24 years,Annual,2024,517.425,Normal value,False
Employed population by age groups,SWE,Sweden,Employment,Persons,Calendar and seasonally adjusted,Total,From 15 to 24 years,Annual,2025,528.1,Normal value,False
Employed population by age groups,CHE,Switzerland,Employment,Persons,Calendar and seasonally adjusted,Total,From 15 to 24 years,Annual,2016,573.75,Normal value,False
Employed population by age groups,CHE,Switzerland,Employment,Persons,Calendar and seasonally adjusted,Total,From 15 to 24 years,Annual,2017,572.0,Normal value,False
Employed population by age groups,CHE,Switzerland,Employment,Persons,Calendar and seasonally adjusted,Total,From 15 to 24 years,Annual,2018,559.75,Normal value,False
Employed population by age groups,CHE,Switzerland,Employment,Persons,Calendar and seasonally adjusted,Total,From 15 to 24 years,Annual,2019,542.25,Normal value,False
Employed population by age groups,CHE,Switzerland,Employment,Persons,Calendar and seasonally adjusted,Total,From 15 to 24 years,Annual,2020,524.75,Normal value,False
Employed population by age groups,CHE,Switzerland,Employment,Persons,Calendar and seasonally adjusted,Total,From 15 to 24 years,Annual,2021,534.075,Normal value,False
Employed population by age groups,CHE,Switzerland,Employment,Persons,Calendar and seasonally adjusted,Total,From 15 to 24 years,Annual,2022,543.725,Normal value,False
Employed population by age groups,CHE,Switzerland,Employment,Persons,Calendar and seasonally adjusted,Total,From 15 to 24 years,Annual,2023,546.475,Normal value,False
Employed population by age groups,CHE,Switzerland,Employment,Persons,Calendar and seasonally adjusted,Total,From 15 to 24 years,Annual,2024,540.475,Normal value,False
Employed population by age groups,CHE,Switzerland,Employment,Persons,Calendar and seasonally adjusted,Total,From 15 to 24 years,Annual,2025,542.55,Normal value,False
Employed population by age groups,TUR,Türkiye,Employment,Persons,Calendar and seasonally adjusted,Total,From 15 to 24 years,Annual,2016,4043.925,Normal value,False
Employed population by age groups,TUR,Türkiye,Employment,Persons,Calendar and seasonally adjusted,Total,From 15 to 24 years,Annual,2017,4079.125,Normal value,False
Employed population by age groups,TUR,Türkiye,Employment,Persons,Calendar and seasonally adjusted,Total,From 15 to 24 years,Annual,2018,4119.425,Normal value,False
Employed population by age groups,TUR,Türkiye,Employment,Persons,Calendar and seasonally adjusted,Total,From 15 to 24 years,Annual,2019,3862.525,Normal value,False
Employed population by age groups,TUR,Türkiye,Employment,Persons,Calendar and seasonally adjusted,Total,From 15 to 24 years,Annual,2021,3858.0,Normal value,False
Employed population by age groups,TUR,Türkiye,Employment,Persons,Calendar and seasonally adjusted,Total,From 15 to 24 years,Annual,2022,4238.5,Normal value,False
Employed population by age groups,TUR,Türkiye,Employment,Persons,Calendar and seasonally adjusted,Total,From 15 to 24 years,Annual,2023,4444.0,Normal value,False
Employed population by age groups,TUR,Türkiye,Employment,Persons,Calendar and seasonally adjusted,Total,From 15 to 24 years,Annual,2024,4595.25,Normal value,False
Employed population by age groups,TUR,Türkiye,Employment,Persons,Calendar and seasonally adjusted,Total,From 15 to 24 years,Annual,2025,4638.25,Normal value,False
Employed population by age groups,GBR,United Kingdom,Employment,Persons,Calendar and seasonally adjusted,Total,From 15 to 24 years,Annual,2016,3930.0,Normal value,False
Employed population by age groups,GBR,United Kingdom,Employment,Persons,Calendar and seasonally adjusted,Total,From 15 to 24 years,Annual,2017,3861.0,Normal value,False
Employed population by age groups,GBR,United Kingdom,Employment,Persons,Calendar and seasonally adjusted,Total,From 15 to 24 years,Annual,2018,3829.75,Normal value,False
Employed population by age groups,GBR,United Kingdom,Employment,Persons,Calendar and seasonally adjusted,Total,From 15 to 24 years,Annual,2019,3820.5,Normal value,False
Employed population by age groups,GBR,United Kingdom,Employment,Persons,Calendar and seasonally adjusted,Total,From 15 to 24 years,Annual,2020,3615.5,Normal value,False
Employed population by age groups,GBR,United Kingdom,Employment,Persons,Calendar and seasonally adjusted,Total,From 15 to 24 years,Annual,2021,3629.5,Normal value,False
Employed population by age groups,GBR,United Kingdom,Employment,Persons,Calendar and seasonally adjusted,Total,From 15 to 24 years,Annual,2022,3786.0,Normal value,False
Employed population by age groups,GBR,United Kingdom,Employment,Persons,Calendar and seasonally adjusted,Total,From 15 to 24 years,Annual,2023,3800.0,Normal value,False
Employed population by age groups,GBR,United Kingdom,Employment,Persons,Calendar and seasonally adjusted,Total,From 15 to 24 years,Annual,2024,3701.5,Normal value,False
Employed population by age groups,GBR,United Kingdom,Employment,Persons,Calendar and seasonally adjusted,Total,From 15 to 24 years,Annual,2025,3835.5,Normal value,False
Employed population by age groups,USA,United States,Employment,Persons,Calendar and seasonally adjusted,Total,From 15 to 24 years,Annual,2016,18991.58,Normal value,False
Employed population by age groups,USA,United States,Employment,Persons,Calendar and seasonally adjusted,Total,From 15 to 24 years,Annual,2017,19205.5,Normal value,False
Employed population by age groups,USA,United States,Employment,Persons,Calendar and seasonally adjusted,Total,From 15 to 24 years,Annual,2018,19176.75,Normal value,False
Employed population by age groups,USA,United States,Employment,Persons,Calendar and seasonally adjusted,Total,From 15 to 24 years,Annual,2019,19322.08,Normal value,False
Employed population by age groups,USA,United States,Employment,Persons,Calendar and seasonally adjusted,Total,From 15 to 24 years,Annual,2020,17192.25,Normal value,False
Employed population by age groups,USA,United States,Employment,Persons,Calendar and seasonally adjusted,Total,From 15 to 24 years,Annual,2021,18674.67,Normal value,False
Employed population by age groups,USA,United States,Employment,Persons,Calendar and seasonally adjusted,Total,From 15 to 24 years,Annual,2022,19378.17,Normal value,False
Employed population by age groups,USA,United States,Employment,Persons,Calendar and seasonally adjusted,Total,From 15 to 24 years,Annual,2023,20372.17,Normal value,False
Employed population by age groups,USA,United States,Employment,Persons,Calendar and seasonally adjusted,Total,From 15 to 24 years,Annual,2024,19833.08,Normal value,False
Employed population by age groups,NZL,New Zealand,Employment,Persons,Calendar and seasonally adjusted,Male,From 15 to 64 years,Annual,2024,1401.275,Normal value,False
Employed population by age groups,NZL,New Zealand,Employment,Persons,Calendar and seasonally adjusted,Female,From 15 to 24 years,Annual,2024,184.25,Normal value,False
Employed population by age groups,NZL,New Zealand,Employment,Persons,Calendar and seasonally adjusted,Female,From 15 to 64 years,Annual,2024,1286.1,Normal value,False
Employed population by age groups,NZL,New Zealand,Employment,Persons,Calendar and seasonally adjusted,Female,From 55 to 64 years,Annual,2024,232.475,Normal value,False
Employed population by age groups,NZL,New Zealand,Employment,Persons,Calendar and seasonally adjusted,Total,From 15 to 64 years,Annual,2024,2687.4,Normal value,False
Employed population by age groups,NZL,New Zealand,Employment,Persons,Calendar and seasonally adjusted,Total,From 15 to 24 years,Annual,2024,378.375,Normal value,False
Employed population by age groups,NZL,New Zealand,Employment,Persons,Calendar and seasonally adjusted,Male,From 15 to 24 years,Annual,2024,194.1,Normal value,False
Employed population by age groups,NZL,New Zealand,Employment,Persons,Calendar and seasonally adjusted,Total,From 25 to 54 years,Annual,2024,1828.375,Normal value,False
Employed population by age groups,NZL,New Zealand,Employment,Persons,Calendar and seasonally adjusted,Female,From 25 to 54 years,Annual,2024,869.375,Normal value,False
Employed population by age groups,NZL,New Zealand,Employment,Persons,Calendar and seasonally adjusted,Male,From 15 to 64 years,Annual,2025,1378.425,Normal value,False
Employed population by age groups,NZL,New Zealand,Employment,Persons,Calendar and seasonally adjusted,Female,From 15 to 24 years,Annual,2025,178.025,Normal value,False
Employed population by age groups,NZL,New Zealand,Employment,Persons,Calendar and seasonally adjusted,Male,From 25 to 54 years,Annual,2025,944.275,Normal value,False
Employed population by age groups,NZL,New Zealand,Employment,Persons,Calendar and seasonally adjusted,Female,From 15 to 64 years,Annual,2025,1276.475,Normal value,False
Employed population by age groups,NZL,New Zealand,Employment,Persons,Calendar and seasonally adjusted,Female,From 55 to 64 years,Annual,2025,234.55,Normal value,False
Employed population by age groups,NZL,New Zealand,Employment,Persons,Calendar and seasonally adjusted,Total,From 15 to 64 years,Annual,2025,2654.95,Normal value,False
Employed population by age groups,NZL,New Zealand,Employment,Persons,Calendar and seasonally adjusted,Total,From 15 to 24 years,Annual,2025,367.575,Normal value,False
Employed population by age groups,NZL,New Zealand,Employment,Persons,Calendar and seasonally adjusted,Male,From 15 to 24 years,Annual,2025,189.575,Normal value,False
Employed population by age groups,NZL,New Zealand,Employment,Persons,Calendar and seasonally adjusted,Total,From 25 to 54 years,Annual,2025,1808.2,Normal value,False
Employed population by age groups,NZL,New Zealand,Employment,Persons,Calendar and seasonally adjusted,Total,From 55 to 64 years,Annual,2025,479.175,Normal value,False
Employed population by age groups,NZL,New Zealand,Employment,Persons,Calendar and seasonally adjusted,Male,From 55 to 64 years,Annual,2025,244.575,Normal value,False
Employed population by age groups,NZL,New Zealand,Employment,Persons,Calendar and seasonally adjusted,Female,From 25 to 54 years,Annual,2025,863.9,Normal value,False
